video,exp_id,frame,c,band,state,visible,t_mask,t_motion,t_appearance,t_semantic,margin,gt_present,iou,iou_other,grounding_ok,lost,degraded,drift,false_absence,write_result
bike-packing,0_2,1,0.9516,HIGH,visible,True,0.9757,0.9958,0.8439,1.0,0.4995,True,0.9825,0.0002,True,False,False,False,False,paced
bike-packing,0_2,2,0.958,HIGH,visible,True,0.9749,0.9893,0.8735,1.0,0.5818,True,0.9792,0.0002,True,False,False,False,False,paced
bike-packing,0_2,3,0.9611,HIGH,visible,True,0.9693,0.9767,0.9012,1.0,0.6429,True,0.9736,0.0002,True,False,False,False,False,paced
bike-packing,0_2,4,0.9658,HIGH,visible,True,0.9701,0.9831,0.9125,1.0,0.7196,True,0.9707,0.0003,True,False,False,False,False,paced
bike-packing,0_2,5,0.9335,HIGH,visible,True,0.9402,0.9603,0.8409,1.0,0.5382,True,0.9741,0.001,True,False,False,False,False,added
bike-packing,0_2,6,0.9451,HIGH,visible,True,0.9343,0.973,0.8776,1.0,0.5636,True,0.9761,0.0009,True,False,False,False,False,paced
bike-packing,0_2,7,0.9475,HIGH,visible,True,0.9625,0.9592,0.8729,1.0,0.6369,True,0.9771,0.001,True,False,False,False,False,paced
bike-packing,0_2,8,0.9176,MEDIUM,visible,True,0.9267,0.9255,0.8267,1.0,0.6133,True,0.9731,0.0007,True,False,False,False,False,paced
bike-packing,0_2,9,0.8808,MEDIUM,visible,True,0.9096,0.9135,0.7243,1.0,0.6418,True,0.9712,0.0007,True,False,False,False,False,paced
bike-packing,0_2,10,0.9119,MEDIUM,visible,True,0.921,0.9825,0.7642,1.0,0.6835,True,0.975,0.0012,True,False,False,False,False,added
bike-packing,0_2,11,0.9375,HIGH,visible,True,0.9316,0.9572,0.8661,1.0,0.7706,True,0.9771,0.0009,True,False,False,False,False,paced
bike-packing,0_2,12,0.9288,HIGH,visible,True,0.9432,0.967,0.8159,1.0,0.7227,True,0.9747,0.0018,True,False,False,False,False,paced
bike-packing,0_2,13,0.9481,HIGH,visible,True,0.9654,0.9666,0.8658,1.0,0.7639,True,0.9735,0.0032,True,False,False,False,False,paced
bike-packing,0_2,14,0.9434,HIGH,visible,True,0.944,0.9683,0.8667,1.0,0.7562,True,0.9749,0.0026,True,False,False,False,False,paced
bike-packing,0_2,15,0.9364,HIGH,visible,True,0.9311,0.9651,0.8555,1.0,0.7347,True,0.9743,0.0014,True,False,False,False,False,added
bike-packing,0_2,16,0.9221,HIGH,visible,True,0.9298,0.9509,0.8179,1.0,0.7147,True,0.9628,0.003,True,False,False,False,False,paced
bike-packing,0_2,17,0.827,MEDIUM,visible,True,0.8382,0.8117,0.7145,0.9622,0.6157,True,0.8903,0.0084,True,False,False,False,False,paced
bike-packing,0_2,18,0.867,MEDIUM,visible,True,0.855,0.9372,0.705,1.0,0.6005,True,0.9072,0.0113,True,False,False,False,False,paced
bike-packing,0_2,19,0.8519,MEDIUM,visible,True,0.8707,0.9576,0.6992,0.9033,0.563,True,0.8981,0.0117,True,False,False,False,False,paced
bike-packing,0_2,20,0.8356,MEDIUM,visible,True,0.8901,0.8677,0.6888,0.9166,0.5681,True,0.8987,0.0052,True,False,False,False,False,evicted
bike-packing,0_2,21,0.8755,MEDIUM,visible,True,0.9127,0.9286,0.782,0.8864,0.6094,True,0.8915,0.0063,True,False,False,False,False,paced
bike-packing,0_2,22,0.8563,MEDIUM,visible,True,0.9099,0.9166,0.6878,0.9372,0.469,True,0.8978,0.0068,True,False,False,False,False,paced
bike-packing,0_2,23,0.8843,MEDIUM,visible,True,0.9305,0.945,0.7077,0.9826,0.427,True,0.8985,0.0053,True,False,False,False,False,paced
bike-packing,0_2,24,0.9117,MEDIUM,visible,True,0.9314,0.9627,0.7929,0.9718,0.579,True,0.8994,0.0045,True,False,False,False,False,paced
bike-packing,0_2,25,0.8782,MEDIUM,visible,True,0.9268,0.9499,0.7198,0.9389,0.587,True,0.898,0.0043,True,False,False,False,False,evicted
bike-packing,0_2,26,0.9145,MEDIUM,visible,True,0.9306,0.9489,0.7919,1.0,0.6659,True,0.9078,0.0045,True,False,False,False,False,paced
bike-packing,0_2,27,0.9202,HIGH,visible,True,0.9448,0.9891,0.7672,1.0,0.5301,True,0.9093,0.0055,True,False,False,False,False,paced
bike-packing,0_2,28,0.9218,HIGH,visible,True,0.9591,0.9871,0.7628,1.0,0.4874,True,0.9098,0.0058,True,False,False,False,False,paced
bike-packing,0_2,29,0.928,HIGH,visible,True,0.9613,0.9787,0.7884,1.0,0.4951,True,0.9117,0.0046,True,False,False,False,False,paced
bike-packing,0_2,30,0.9209,HIGH,visible,True,0.9595,0.9829,0.7626,1.0,0.4221,True,0.9164,0.0049,True,False,False,False,False,evicted
bike-packing,0_2,31,0.927,HIGH,visible,True,0.9664,0.979,0.7804,1.0,0.4217,True,0.922,0.0048,True,False,False,False,False,paced
bike-packing,0_2,32,0.9298,HIGH,visible,True,0.9667,0.9752,0.7927,1.0,0.3799,True,0.9204,0.0048,True,False,False,False,False,paced
bike-packing,0_2,33,0.9192,MEDIUM,visible,True,0.9722,0.982,0.7477,1.0,0.4121,True,0.9216,0.005,True,False,False,False,False,paced
bike-packing,0_2,34,0.92,HIGH,visible,True,0.9715,0.9791,0.7533,1.0,0.4593,True,0.9218,0.0052,True,False,False,False,False,paced
bike-packing,0_2,35,0.9243,HIGH,visible,True,0.9737,0.9913,0.7562,1.0,0.4512,True,0.9195,0.0058,True,False,False,False,False,evicted
bike-packing,0_2,36,0.9367,HIGH,visible,True,0.9718,0.9918,0.7988,1.0,0.5407,True,0.9197,0.0056,True,False,False,False,False,paced
bike-packing,0_2,37,0.9439,HIGH,visible,True,0.9698,0.9955,0.8221,1.0,0.5454,True,0.9186,0.0053,True,False,False,False,False,paced
bike-packing,0_2,38,0.9554,HIGH,visible,True,0.9715,0.9978,0.8594,1.0,0.5785,True,0.9191,0.0051,True,False,False,False,False,paced
bike-packing,0_2,39,0.9462,HIGH,visible,True,0.9716,0.9806,0.8412,1.0,0.5586,True,0.9121,0.0046,True,False,False,False,False,paced
bike-packing,0_2,40,0.9331,HIGH,visible,True,0.96,0.9525,0.8292,1.0,0.5823,True,0.916,0.0055,True,False,False,False,False,evicted
bike-packing,0_2,41,0.9497,HIGH,visible,True,0.9655,0.9819,0.8579,1.0,0.631,True,0.9131,0.0047,True,False,False,False,False,paced
bike-packing,0_2,42,0.943,HIGH,visible,True,0.96,0.9855,0.8359,1.0,0.5985,True,0.9074,0.0043,True,False,False,False,False,paced
bike-packing,0_2,43,0.9467,HIGH,visible,True,0.9684,0.9882,0.8392,1.0,0.5984,True,0.9112,0.0045,True,False,False,False,False,paced
bike-packing,0_2,44,0.9384,HIGH,visible,True,0.9617,0.979,0.8237,1.0,0.6642,True,0.8979,0.0047,True,False,False,False,False,paced
bike-packing,0_2,45,0.942,HIGH,visible,True,0.9476,0.9838,0.8448,1.0,0.6222,True,0.8976,0.0044,True,False,False,False,False,evicted
bike-packing,0_2,46,0.925,HIGH,visible,True,0.9173,0.9799,0.8144,1.0,0.6357,True,0.9,0.0053,True,False,False,False,False,paced
bike-packing,0_2,47,0.9009,MEDIUM,visible,True,0.8854,0.9547,0.7792,1.0,0.6312,True,0.899,0.0115,True,False,False,False,False,paced
bike-packing,0_2,48,0.8617,MEDIUM,visible,True,0.8846,0.7805,0.7985,1.0,0.6633,True,0.8941,0.0111,True,False,False,False,False,paced
bike-packing,0_2,49,0.8761,MEDIUM,visible,True,0.904,0.944,0.7098,0.9728,0.5808,True,0.9054,0.0086,True,False,False,False,False,paced
bike-packing,0_2,50,0.8802,MEDIUM,visible,True,0.8959,0.9342,0.7359,0.9744,0.5708,True,0.9053,0.0066,True,False,False,False,False,evicted
bike-packing,0_2,51,0.8806,MEDIUM,visible,True,0.8863,0.8293,0.8322,0.9829,0.6816,True,0.9258,0.0065,True,False,False,False,False,paced
bike-packing,0_2,52,0.9282,HIGH,visible,True,0.9213,0.9673,0.833,1.0,0.7,True,0.9249,0.008,True,False,False,False,False,paced
bike-packing,0_2,53,0.9172,MEDIUM,visible,True,0.9265,0.9639,0.8207,0.9656,0.6575,True,0.9175,0.01,True,False,False,False,False,paced
bike-packing,0_2,54,0.9202,HIGH,visible,True,0.9255,0.9821,0.8169,0.9658,0.6333,True,0.9112,0.0085,True,False,False,False,False,paced
bike-packing,0_2,55,0.9253,HIGH,visible,True,0.9271,0.987,0.8259,0.9697,0.7001,True,0.9183,0.0082,True,False,False,False,False,evicted
bike-packing,0_2,56,0.9334,HIGH,visible,True,0.9369,0.9483,0.8714,0.9803,0.7536,True,0.9159,0.0079,True,False,False,False,False,paced
bike-packing,0_2,57,0.925,HIGH,visible,True,0.9145,0.9193,0.875,0.9954,0.7829,True,0.9125,0.0084,True,False,False,False,False,paced
bike-packing,0_2,58,0.8585,MEDIUM,visible,True,0.8851,0.8041,0.7765,0.9828,0.6766,True,0.927,0.008,True,False,False,False,False,paced
bike-packing,0_2,59,0.8983,MEDIUM,visible,True,0.9267,0.9328,0.8153,0.9237,0.692,True,0.9356,0.0079,True,False,False,False,False,paced
bike-packing,0_2,60,0.9086,MEDIUM,visible,True,0.8921,0.9271,0.8667,0.9506,0.7241,True,0.9313,0.0071,True,False,False,False,False,evicted
bike-packing,0_2,61,0.9069,MEDIUM,visible,True,0.8842,0.9341,0.8521,0.9615,0.7161,True,0.9413,0.0061,True,False,False,False,False,paced
bike-packing,0_2,62,0.9143,MEDIUM,visible,True,0.8891,0.9639,0.8155,1.0,0.6334,True,0.9438,0.0052,True,False,False,False,False,paced
bike-packing,0_2,63,0.9194,MEDIUM,visible,True,0.9209,0.9762,0.795,1.0,0.574,True,0.95,0.0053,True,False,False,False,False,paced
bike-packing,0_2,64,0.9081,MEDIUM,visible,True,0.9382,0.9566,0.7578,1.0,0.5573,True,0.9522,0.0052,True,False,False,False,False,paced
bike-packing,0_2,65,0.9152,MEDIUM,visible,True,0.9438,0.9607,0.7737,1.0,0.6211,True,0.9456,0.0049,True,False,False,False,False,evicted
bike-packing,0_2,66,0.9285,HIGH,visible,True,0.9549,0.9579,0.8125,1.0,0.6225,True,0.9488,0.0052,True,False,False,False,False,paced
bike-packing,0_2,67,0.9192,MEDIUM,visible,True,0.9671,0.9622,0.7674,1.0,0.6131,True,0.9503,0.0052,True,False,False,False,False,paced
bike-packing,0_1,1,0.9691,HIGH,visible,True,0.9664,0.9741,0.9735,0.9625,,True,0.6544,0.0001,True,False,False,False,False,paced
bike-packing,0_1,2,0.9737,HIGH,visible,True,0.9787,0.9963,0.9672,0.9532,,True,0.6545,0.0002,True,False,False,False,False,paced
bike-packing,0_1,3,0.9749,HIGH,visible,True,0.981,0.9964,0.9621,0.9607,,True,0.6504,0.0002,True,False,False,False,False,paced
bike-packing,0_1,4,0.9488,HIGH,visible,True,0.9454,0.9707,0.9199,0.9601,,True,0.6577,0.0001,True,False,False,False,False,paced
bike-packing,0_1,5,0.9569,HIGH,visible,True,0.9704,0.9764,0.9252,0.9566,,True,0.6574,0.0003,True,False,False,False,False,added
bike-packing,0_1,6,0.945,HIGH,visible,True,0.9423,0.9549,0.9399,0.9428,,True,0.6387,0.0005,True,False,False,False,False,paced
bike-packing,0_1,7,0.9517,HIGH,visible,True,0.9667,0.9745,0.9386,0.9279,,True,0.6399,0.0004,True,False,False,False,False,paced
bike-packing,0_1,8,0.9613,HIGH,visible,True,0.9571,0.9867,0.9424,0.9597,,True,0.6516,0.0005,True,False,False,False,False,paced
bike-packing,0_1,9,0.9626,HIGH,visible,True,0.9423,0.9744,0.9363,0.9987,,True,0.6539,0.0002,True,False,False,False,False,paced
bike-packing,0_1,10,0.9306,HIGH,visible,True,0.9356,0.91,0.8938,0.9855,,True,0.6336,0.0001,True,False,False,False,False,added
bike-packing,0_1,11,0.9389,HIGH,visible,True,0.9365,0.9406,0.9053,0.9746,,True,0.602,0.0,True,False,False,False,False,paced
bike-packing,0_1,12,0.9458,HIGH,visible,True,0.9419,0.9737,0.9017,0.9677,,True,0.5878,0.0006,True,False,False,False,False,paced
bike-packing,0_1,13,0.9403,HIGH,visible,True,0.9552,0.9105,0.8987,1.0,,True,0.5916,0.0,True,False,False,False,False,paced
bike-packing,0_1,14,0.8772,MEDIUM,visible,True,0.8997,0.7892,0.8341,1.0,,True,0.6125,0.0001,True,False,False,False,False,paced
bike-packing,0_1,15,0.6956,LOW,visible,True,0.8186,0.7357,0.4584,0.8483,,True,0.6162,0.001,True,False,False,False,False,truncated
bike-packing,0_1,16,0.6997,LOW,visible,True,0.8316,0.8419,0.4343,0.7883,,True,0.6215,0.0069,True,False,False,False,False,low_similarity
bike-packing,0_1,17,0.8221,MEDIUM,visible,True,0.8004,0.9307,0.66,0.929,,True,0.6765,0.0072,True,False,False,False,False,added
bike-packing,0_1,18,0.8444,MEDIUM,visible,True,0.7877,0.8633,0.7921,0.944,,True,0.7157,0.0108,True,False,False,False,False,paced
bike-packing,0_1,19,0.8436,MEDIUM,visible,True,0.7792,0.9058,0.789,0.9094,,True,0.7408,0.0101,True,False,False,False,False,paced
bike-packing,0_1,20,0.7995,LOW,visible,True,0.7803,0.7632,0.7589,0.9043,,True,0.7917,0.0072,True,False,False,False,False,paced
bike-packing,0_1,21,0.814,MEDIUM,visible,True,0.7573,0.9223,0.6993,0.8986,,True,0.6431,0.0064,True,False,False,False,False,paced
bike-packing,0_1,22,0.819,MEDIUM,visible,True,0.8479,0.8296,0.712,0.8984,,True,0.6138,0.0063,True,False,False,False,False,evicted
bike-packing,0_1,23,0.8856,MEDIUM,visible,True,0.9212,0.9471,0.7814,0.902,,True,0.607,0.0045,True,False,False,False,False,paced
bike-packing,0_1,24,0.8968,MEDIUM,visible,True,0.9286,0.9939,0.7808,0.8977,,True,0.6097,0.0043,True,False,False,False,False,paced
bike-packing,0_1,25,0.8963,MEDIUM,visible,True,0.9241,0.989,0.7865,0.8978,,True,0.6054,0.0096,True,False,False,False,False,paced
bike-packing,0_1,26,0.8899,MEDIUM,visible,True,0.9272,0.99,0.7631,0.8951,,True,0.6115,0.0101,True,False,False,False,False,paced
bike-packing,0_1,27,0.8875,MEDIUM,visible,True,0.9431,0.9692,0.751,0.9037,,True,0.6146,0.0058,True,False,False,False,False,evicted
bike-packing,0_1,28,0.9167,MEDIUM,visible,True,0.9521,0.9833,0.8435,0.8943,,True,0.6183,0.0047,True,False,False,False,False,paced
bike-packing,0_1,29,0.9156,MEDIUM,visible,True,0.9588,0.9878,0.8361,0.8876,,True,0.6155,0.0047,True,False,False,False,False,paced
bike-packing,0_1,30,0.9188,MEDIUM,visible,True,0.95,0.9939,0.8386,0.8998,,True,0.6154,0.0048,True,False,False,False,False,paced
bike-packing,0_1,31,0.9076,MEDIUM,visible,True,0.9518,0.9923,0.8141,0.8827,,True,0.6135,0.0046,True,False,False,False,False,paced
bike-packing,0_1,32,0.9084,MEDIUM,visible,True,0.9524,0.9981,0.808,0.8864,,True,0.6159,0.0045,True,False,False,False,False,evicted
bike-packing,0_1,33,0.9285,HIGH,visible,True,0.9519,0.9868,0.8867,0.8925,,True,0.6117,0.0036,True,False,False,False,False,paced
bike-packing,0_1,34,0.939,HIGH,visible,True,0.9557,0.9958,0.8942,0.9134,,True,0.6102,0.0041,True,False,False,False,False,paced
bike-packing,0_1,35,0.933,HIGH,visible,True,0.9569,0.998,0.8838,0.8977,,True,0.6127,0.0037,True,False,False,False,False,paced
bike-packing,0_1,36,0.9332,HIGH,visible,True,0.9562,0.9921,0.881,0.9075,,True,0.6119,0.0037,True,False,False,False,False,paced
bike-packing,0_1,37,0.9351,HIGH,visible,True,0.9563,0.9971,0.8838,0.9076,,True,0.6147,0.004,True,False,False,False,False,merged
bike-packing,0_1,38,0.9289,HIGH,visible,True,0.9466,0.991,0.8846,0.8973,,True,0.6064,0.0039,True,False,False,False,False,paced
bike-packing,0_1,39,0.9223,HIGH,visible,True,0.9414,0.9873,0.8688,0.896,,True,0.6155,0.0044,True,False,False,False,False,paced
bike-packing,0_1,40,0.9129,MEDIUM,visible,True,0.9326,0.9588,0.8729,0.8899,,True,0.6134,0.0047,True,False,False,False,False,paced
bike-packing,0_1,41,0.9233,HIGH,visible,True,0.9421,0.9877,0.8723,0.8951,,True,0.6092,0.0062,True,False,False,False,False,paced
bike-packing,0_1,42,0.9277,HIGH,visible,True,0.9553,0.9901,0.8765,0.8933,,True,0.6111,0.0056,True,False,False,False,False,merged
bike-packing,0_1,43,0.9258,HIGH,visible,True,0.9568,0.9893,0.8634,0.8991,,True,0.6067,0.0063,True,False,False,False,False,paced
bike-packing,0_1,44,0.9246,HIGH,visible,True,0.9481,0.9963,0.8768,0.8824,,True,0.6047,0.0075,True,False,False,False,False,paced
bike-packing,0_1,45,0.9294,HIGH,visible,True,0.9365,0.9899,0.8896,0.9047,,True,0.601,0.01,True,False,False,False,False,paced
bike-packing,0_1,46,0.9243,HIGH,visible,True,0.9207,0.9714,0.919,0.888,,True,0.6089,0.009,True,False,False,False,False,paced
bike-packing,0_1,47,0.9193,MEDIUM,visible,True,0.897,0.9686,0.8848,0.9291,,True,0.6064,0.0057,True,False,False,False,False,evicted
bike-packing,0_1,48,0.8985,MEDIUM,visible,True,0.8793,0.9128,0.8588,0.9454,,True,0.6253,0.0053,True,False,False,False,False,paced
bike-packing,0_1,49,0.8855,MEDIUM,visible,True,0.8398,0.9202,0.8684,0.9162,,True,0.6201,0.0052,True,False,False,False,False,paced
bike-packing,0_1,50,0.8693,MEDIUM,visible,True,0.805,0.9083,0.845,0.9241,,True,0.7904,0.0069,True,False,False,False,False,truncated
bike-packing,0_1,51,0.8389,MEDIUM,visible,True,0.7703,0.8782,0.776,0.9436,,True,0.8641,0.0052,True,False,False,False,False,truncated
bike-packing,0_1,52,0.8681,MEDIUM,visible,True,0.8113,0.9668,0.7726,0.9374,,True,0.8514,0.0055,True,False,False,False,False,evicted
bike-packing,0_1,53,0.9016,MEDIUM,visible,True,0.8429,0.9455,0.8687,0.9545,,True,0.86,0.0066,True,False,False,False,False,paced
bike-packing,0_1,54,0.9053,MEDIUM,visible,True,0.848,0.9701,0.8698,0.9389,,True,0.8431,0.0127,True,False,False,False,False,paced
bike-packing,0_1,55,0.8758,MEDIUM,visible,True,0.8404,0.9187,0.835,0.9124,,True,0.8483,0.0114,True,False,False,False,False,paced
bike-packing,0_1,56,0.9048,MEDIUM,visible,True,0.9337,0.9435,0.8208,0.927,,True,0.8486,0.0076,True,False,False,False,False,paced
bike-packing,0_1,57,0.9046,MEDIUM,visible,True,0.93,0.9424,0.8187,0.9331,,True,0.8494,0.008,True,False,False,False,False,evicted
bike-packing,0_1,58,0.9322,HIGH,visible,True,0.9371,0.9754,0.8894,0.9287,,True,0.8574,0.0063,True,False,False,False,False,paced
bike-packing,0_1,59,0.9238,HIGH,visible,True,0.9231,0.9548,0.8972,0.9209,,True,0.8549,0.006,True,False,False,False,False,paced
bike-packing,0_1,60,0.9297,HIGH,visible,True,0.9301,0.9533,0.9093,0.9268,,True,0.8693,0.0063,True,False,False,False,False,paced
bike-packing,0_1,61,0.9452,HIGH,visible,True,0.9518,0.9855,0.9205,0.9245,,True,0.8649,0.0047,True,False,False,False,False,paced
bike-packing,0_1,62,0.9478,HIGH,visible,True,0.9621,0.9908,0.9263,0.9139,,True,0.8592,0.005,True,False,False,False,False,evicted
bike-packing,0_1,63,0.9406,HIGH,visible,True,0.9147,0.9642,0.9467,0.9376,,True,0.829,0.0045,True,False,False,False,False,paced
bike-packing,0_1,64,0.9465,HIGH,visible,True,0.9266,0.9722,0.929,0.959,,True,0.8744,0.0038,True,False,False,False,False,paced
bike-packing,0_1,65,0.954,HIGH,visible,True,0.9533,0.9936,0.9172,0.9534,,True,0.8752,0.0038,True,False,False,False,False,paced
bike-packing,0_1,66,0.9543,HIGH,visible,True,0.9636,0.9892,0.9194,0.9465,,True,0.8713,0.0043,True,False,False,False,False,paced
bike-packing,0_1,67,0.9438,HIGH,visible,True,0.9032,0.9793,0.9414,0.953,,True,0.8272,0.005,True,False,False,False,False,merged
blackswan,0_1,1,0.9892,HIGH,visible,True,0.983,0.9818,0.9922,1.0,,True,0.9635,0.0,True,False,False,False,False,paced
blackswan,0_1,2,0.987,HIGH,visible,True,0.9888,0.9707,0.9885,1.0,,True,0.9657,0.0,True,False,False,False,False,paced
blackswan,0_1,3,0.99,HIGH,visible,True,0.9896,0.9829,0.9877,1.0,,True,0.9662,0.0,True,False,False,False,False,paced
blackswan,0_1,4,0.992,HIGH,visible,True,0.9903,0.9854,0.9924,1.0,,True,0.9649,0.0,True,False,False,False,False,paced
blackswan,0_1,5,0.9918,HIGH,visible,True,0.9893,0.9869,0.9909,1.0,,True,0.9657,0.0,True,False,False,False,False,added
blackswan,0_1,6,0.993,HIGH,visible,True,0.9882,0.9904,0.9932,1.0,,True,0.9618,0.0,True,False,False,False,False,paced
blackswan,0_1,7,0.9936,HIGH,visible,True,0.9903,0.9887,0.9955,1.0,,True,0.9616,0.0,True,False,False,False,False,paced
blackswan,0_1,8,0.9943,HIGH,visible,True,0.9902,0.9919,0.9949,1.0,,True,0.964,0.0,True,False,False,False,False,paced
blackswan,0_1,9,0.9925,HIGH,visible,True,0.9893,0.9859,0.9947,1.0,,True,0.9637,0.0,True,False,False,False,False,paced
blackswan,0_1,10,0.9927,HIGH,visible,True,0.9901,0.9884,0.9922,1.0,,True,0.9643,0.0,True,False,False,False,False,merged
blackswan,0_1,11,0.9921,HIGH,visible,True,0.9885,0.9855,0.9944,1.0,,True,0.9627,0.0,True,False,False,False,False,paced
blackswan,0_1,12,0.9906,HIGH,visible,True,0.9904,0.9797,0.9924,1.0,,True,0.9628,0.0,True,False,False,False,False,paced
blackswan,0_1,13,0.9895,HIGH,visible,True,0.9887,0.9799,0.9896,1.0,,True,0.9633,0.0,True,False,False,False,False,paced
blackswan,0_1,14,0.9859,HIGH,visible,True,0.9885,0.9692,0.9863,1.0,,True,0.9611,0.0,True,False,False,False,False,paced
blackswan,0_1,15,0.9854,HIGH,visible,True,0.9893,0.9665,0.9863,1.0,,True,0.9612,0.0,True,False,False,False,False,merged
blackswan,0_1,16,0.9866,HIGH,visible,True,0.9898,0.9667,0.9901,1.0,,True,0.9621,0.0,True,False,False,False,False,paced
blackswan,0_1,17,0.9891,HIGH,visible,True,0.9904,0.9802,0.9859,1.0,,True,0.9609,0.0,True,False,False,False,False,paced
blackswan,0_1,18,0.9889,HIGH,visible,True,0.9896,0.9819,0.9843,1.0,,True,0.9597,0.0,True,False,False,False,False,paced
blackswan,0_1,19,0.9874,HIGH,visible,True,0.991,0.9777,0.981,1.0,,True,0.9666,0.0,True,False,False,False,False,paced
blackswan,0_1,20,0.9862,HIGH,visible,True,0.9887,0.972,0.9843,1.0,,True,0.9678,0.0,True,False,False,False,False,merged
blackswan,0_1,21,0.9874,HIGH,visible,True,0.9875,0.9734,0.989,1.0,,True,0.9638,0.0,True,False,False,False,False,paced
blackswan,0_1,22,0.9867,HIGH,visible,True,0.9892,0.9782,0.9796,1.0,,True,0.9647,0.0,True,False,False,False,False,paced
blackswan,0_1,23,0.9894,HIGH,visible,True,0.9885,0.9881,0.9811,1.0,,True,0.9672,0.0,True,False,False,False,False,paced
blackswan,0_1,24,0.9875,HIGH,visible,True,0.9874,0.9865,0.9763,1.0,,True,0.9681,0.0,True,False,False,False,False,paced
blackswan,0_1,25,0.9892,HIGH,visible,True,0.986,0.9905,0.9804,1.0,,True,0.9664,0.0,True,False,False,False,False,merged
blackswan,0_1,26,0.9917,HIGH,visible,True,0.9864,0.9957,0.9848,1.0,,True,0.9636,0.0,True,False,False,False,False,paced
blackswan,0_1,27,0.9905,HIGH,visible,True,0.9884,0.9917,0.9817,1.0,,True,0.9606,0.0,True,False,False,False,False,paced
blackswan,0_1,28,0.9892,HIGH,visible,True,0.9868,0.9903,0.9798,1.0,,True,0.961,0.0,True,False,False,False,False,paced
blackswan,0_1,29,0.9896,HIGH,visible,True,0.9884,0.9893,0.9807,1.0,,True,0.9598,0.0,True,False,False,False,False,paced
blackswan,0_1,30,0.989,HIGH,visible,True,0.9895,0.9876,0.979,1.0,,True,0.9613,0.0,True,False,False,False,False,merged
blackswan,0_1,31,0.9924,HIGH,visible,True,0.9894,0.9908,0.9895,1.0,,True,0.9599,0.0,True,False,False,False,False,paced
blackswan,0_1,32,0.9904,HIGH,visible,True,0.9906,0.9863,0.9848,1.0,,True,0.9567,0.0,True,False,False,False,False,paced
blackswan,0_1,33,0.9916,HIGH,visible,True,0.9902,0.9927,0.9836,1.0,,True,0.9576,0.0,True,False,False,False,False,paced
blackswan,0_1,34,0.992,HIGH,visible,True,0.9901,0.9964,0.9816,1.0,,True,0.9564,0.0,True,False,False,False,False,paced
blackswan,0_1,35,0.9927,HIGH,visible,True,0.9893,0.9974,0.9843,1.0,,True,0.9571,0.0,True,False,False,False,False,merged
blackswan,0_1,36,0.99,HIGH,visible,True,0.9832,0.9897,0.987,1.0,,True,0.9542,0.0,True,False,False,False,False,paced
blackswan,0_1,37,0.9935,HIGH,visible,True,0.9891,0.9965,0.9884,1.0,,True,0.952,0.0,True,False,False,False,False,paced
blackswan,0_1,38,0.9922,HIGH,visible,True,0.9881,0.9922,0.9885,1.0,,True,0.9513,0.0,True,False,False,False,False,paced
blackswan,0_1,39,0.9914,HIGH,visible,True,0.987,0.9937,0.9849,1.0,,True,0.9499,0.0,True,False,False,False,False,paced
blackswan,0_1,40,0.9917,HIGH,visible,True,0.9889,0.9913,0.9868,1.0,,True,0.9499,0.0,True,False,False,False,False,merged
blackswan,0_1,41,0.9924,HIGH,visible,True,0.9883,0.9934,0.988,1.0,,True,0.9494,0.0,True,False,False,False,False,paced
blackswan,0_1,42,0.9931,HIGH,visible,True,0.9892,0.9982,0.9852,1.0,,True,0.9511,0.0,True,False,False,False,False,paced
blackswan,0_1,43,0.9913,HIGH,visible,True,0.9883,0.996,0.9809,1.0,,True,0.9542,0.0,True,False,False,False,False,paced
blackswan,0_1,44,0.9904,HIGH,visible,True,0.9885,0.9895,0.9837,1.0,,True,0.9561,0.0,True,False,False,False,False,paced
blackswan,0_1,45,0.9893,HIGH,visible,True,0.9862,0.9903,0.9808,1.0,,True,0.9525,0.0,True,False,False,False,False,merged
blackswan,0_1,46,0.9898,HIGH,visible,True,0.9874,0.9903,0.9817,1.0,,True,0.948,0.0,True,False,False,False,False,paced
blackswan,0_1,47,0.9903,HIGH,visible,True,0.9857,0.9915,0.9841,1.0,,True,0.9511,0.0,True,False,False,False,False,paced
blackswan,0_1,48,0.9877,HIGH,visible,True,0.9878,0.9858,0.9773,1.0,,True,0.9519,0.0,True,False,False,False,False,paced
bmx-trees,0_2,1,0.9498,HIGH,visible,True,0.9583,0.9011,0.9659,0.9758,,True,0.9019,0.0256,True,False,False,False,False,paced
bmx-trees,0_2,2,0.932,HIGH,visible,True,0.9501,0.876,0.947,0.9572,,True,0.9128,0.0255,True,False,False,False,False,paced
bmx-trees,0_2,3,0.9589,HIGH,visible,True,0.9504,0.9689,0.9199,0.998,,True,0.9025,0.0242,True,False,False,False,False,paced
bmx-trees,0_2,4,0.8946,MEDIUM,visible,True,0.9416,0.8043,0.8864,0.9542,,True,0.902,0.0257,True,False,False,False,False,paced
bmx-trees,0_2,5,0.8939,MEDIUM,visible,True,0.9174,0.7728,0.9008,1.0,,True,0.8862,0.0352,True,False,False,False,False,added
bmx-trees,0_2,6,0.9565,HIGH,visible,True,0.9243,0.9555,0.9479,1.0,,True,0.898,0.0197,True,False,False,False,False,paced
bmx-trees,0_2,7,0.9375,HIGH,visible,True,0.9034,0.9156,0.934,1.0,,True,0.8906,0.0078,True,False,False,False,False,paced
bmx-trees,0_2,8,0.9367,HIGH,visible,True,0.9291,0.9107,0.9111,0.9985,,True,0.8814,0.0189,True,False,False,False,False,paced
bmx-trees,0_2,9,0.9376,HIGH,visible,True,0.9536,0.93,0.8714,1.0,,True,0.874,0.0222,True,False,False,False,False,paced
bmx-trees,0_2,10,0.9215,HIGH,visible,True,0.9351,0.8891,0.8875,0.9771,,True,0.8792,0.0135,True,False,False,False,False,added
bmx-trees,0_2,11,0.9282,HIGH,visible,True,0.924,0.9011,0.922,0.967,,True,0.8405,0.0259,True,False,False,False,False,paced
bmx-trees,0_2,12,0.9262,HIGH,visible,True,0.9333,0.8865,0.9225,0.9642,,True,0.8982,0.0228,True,False,False,False,False,paced
bmx-trees,0_2,13,0.9385,HIGH,visible,True,0.9316,0.9488,0.9372,0.9365,,True,0.8951,0.0253,True,False,False,False,False,paced
bmx-trees,0_2,14,0.9379,HIGH,visible,True,0.9246,0.9628,0.8866,0.9803,,True,0.8963,0.0235,True,False,False,False,False,paced
bmx-trees,0_2,15,0.8497,MEDIUM,visible,True,0.8541,0.8185,0.7523,0.9913,,True,0.848,0.0347,True,False,False,False,False,added
bmx-trees,0_2,16,0.6364,LOW,visible,True,0.7138,0.3435,0.6693,1.0,,True,0.7553,0.0253,True,False,False,False,False,paced
bmx-trees,0_2,17,0.532,LOW,visible,True,0.7127,0.2003,0.6295,0.8918,,True,0.8323,0.0081,True,False,False,False,False,paced
bmx-trees,0_2,18,0.5734,LOW,visible,True,0.7544,0.2214,0.6581,0.9832,,True,0.8693,0.0041,True,False,False,False,False,paced
bmx-trees,0_2,19,0.6994,LOW,visible,True,0.8067,0.3437,0.863,1.0,,True,0.8816,0.0267,True,False,False,False,False,paced
bmx-trees,0_2,20,0.8688,MEDIUM,visible,True,0.8914,0.812,0.8262,0.9524,,True,0.8499,0.0264,True,False,False,False,False,evicted
bmx-trees,0_2,21,0.8398,MEDIUM,visible,True,0.8048,0.713,0.8668,1.0,,True,0.87,0.028,True,False,False,False,False,paced
bmx-trees,0_2,22,0.808,LOW,visible,True,0.7533,0.7216,0.7966,0.9842,,True,0.8034,0.0121,True,False,False,False,False,paced
bmx-trees,0_2,23,0.7777,LOW,visible,True,0.7993,0.5313,0.8723,0.9877,,True,0.8568,0.0292,True,False,False,False,False,paced
bmx-trees,0_2,24,0.8785,MEDIUM,visible,True,0.8898,0.7783,0.8785,0.979,,True,0.9008,0.0256,True,False,False,False,False,paced
bmx-trees,0_2,25,0.9265,HIGH,visible,True,0.9268,0.9336,0.8817,0.9657,,True,0.8576,0.0247,True,False,False,False,False,evicted
bmx-trees,0_2,26,0.9014,MEDIUM,visible,True,0.9119,0.8899,0.8458,0.9621,,True,0.814,0.0376,True,False,False,False,False,paced
bmx-trees,0_2,27,0.9166,MEDIUM,visible,True,0.9174,0.9088,0.9051,0.9354,,True,0.8527,0.0231,True,False,False,False,False,paced
bmx-trees,0_2,28,0.915,MEDIUM,visible,True,0.932,0.8612,0.8735,1.0,,True,0.867,0.0187,True,False,False,False,False,paced
bmx-trees,0_2,29,0.8777,MEDIUM,visible,True,0.9093,0.7773,0.8564,0.9806,,True,0.8777,0.019,True,False,False,False,False,paced
bmx-trees,0_2,30,0.932,HIGH,visible,True,0.9237,0.9325,0.8761,1.0,,True,0.8804,0.0207,True,False,False,False,False,evicted
bmx-trees,0_2,31,0.9349,HIGH,visible,True,0.9354,0.936,0.9132,0.9553,,True,0.8626,0.0355,True,False,False,False,False,paced
bmx-trees,0_2,32,0.9125,MEDIUM,visible,True,0.9426,0.8209,0.9085,0.9864,,True,0.8718,0.0259,True,False,False,False,False,paced
bmx-trees,0_2,33,0.9163,MEDIUM,visible,True,0.9352,0.8647,0.8915,0.9776,,True,0.8858,0.016,True,False,False,False,False,paced
bmx-trees,0_2,34,0.9064,MEDIUM,visible,True,0.9348,0.819,0.9169,0.9613,,True,0.8922,0.0172,True,False,False,False,False,paced
bmx-trees,0_2,35,0.9232,HIGH,visible,True,0.938,0.8946,0.9171,0.9438,,True,0.8843,0.0207,True,False,False,False,False,evicted
bmx-trees,0_2,36,0.9407,HIGH,visible,True,0.9259,0.9428,0.9032,0.9933,,True,0.8612,0.0279,True,False,False,False,False,paced
bmx-trees,0_2,37,0.8852,MEDIUM,visible,True,0.8943,0.7978,0.9144,0.9413,,True,0.8589,0.0139,True,False,False,False,False,paced
bmx-trees,0_2,38,0.9,MEDIUM,visible,True,0.9347,0.7576,0.9439,0.9817,,True,0.8925,0.0263,True,False,False,False,False,paced
bmx-trees,0_2,39,0.9466,HIGH,visible,True,0.9456,0.9369,0.9345,0.97,,True,0.8794,0.023,True,False,False,False,False,paced
bmx-trees,0_2,40,0.9562,HIGH,visible,True,0.9464,0.9503,0.9367,0.9924,,True,0.8805,0.0318,True,False,False,False,False,evicted
bmx-trees,0_2,41,0.9541,HIGH,visible,True,0.9583,0.9085,0.9547,0.9968,,True,0.8672,0.0357,True,False,False,False,False,paced
bmx-trees,0_2,42,0.9098,MEDIUM,visible,True,0.9402,0.8138,0.8953,1.0,,True,0.8585,0.0509,True,False,False,False,False,paced
bmx-trees,0_2,43,0.9249,HIGH,visible,True,0.9492,0.8652,0.9156,0.9733,,True,0.8428,0.0523,True,False,False,False,False,paced
bmx-trees,0_2,44,0.9518,HIGH,visible,True,0.9417,0.9576,0.9102,1.0,,True,0.872,0.0344,True,False,False,False,False,paced
bmx-trees,0_2,45,0.9488,HIGH,visible,True,0.9411,0.9666,0.891,1.0,,True,0.8814,0.021,True,False,False,False,False,evicted
bmx-trees,0_2,46,0.916,MEDIUM,visible,True,0.9312,0.8431,0.9206,0.9741,,True,0.888,0.0276,True,False,False,False,False,paced
bmx-trees,0_2,47,0.9368,HIGH,visible,True,0.9367,0.911,0.9141,0.9874,,True,0.8633,0.0135,True,False,False,False,False,paced
bmx-trees,0_2,48,0.9062,MEDIUM,visible,True,0.9376,0.8498,0.8799,0.9617,,True,0.825,0.0121,True,False,False,False,False,paced
bmx-trees,0_2,49,0.8786,MEDIUM,visible,True,0.9367,0.744,0.8847,0.9667,,True,0.718,0.0201,True,False,False,False,False,paced
bmx-trees,0_2,50,0.8806,MEDIUM,visible,True,0.9114,0.8479,0.8588,0.906,,True,0.7575,0.0255,True,False,False,False,False,evicted
bmx-trees,0_2,51,0.8707,MEDIUM,visible,True,0.9186,0.7573,0.8584,0.9627,,True,0.7,0.0264,True,False,False,False,False,paced
bmx-trees,0_2,52,0.7439,LOW,visible,True,0.8781,0.5457,0.7889,0.8103,,True,0.4547,0.016,True,False,True,False,False,paced
bmx-trees,0_2,53,0.8147,MEDIUM,visible,True,0.8751,0.7061,0.7568,0.9419,,True,0.4283,0.0211,True,False,True,False,False,paced
bmx-trees,0_2,54,0.8732,MEDIUM,visible,True,0.9202,0.8061,0.7839,1.0,,True,0.4431,0.0196,True,False,True,False,False,paced
bmx-trees,0_2,55,0.8397,MEDIUM,visible,True,0.9049,0.6976,0.7874,1.0,,True,0.5349,0.0357,True,False,False,False,False,evicted
bmx-trees,0_2,56,0.8872,MEDIUM,visible,True,0.9093,0.7876,0.8658,0.9995,,True,0.5924,0.0101,True,False,False,False,False,paced
bmx-trees,0_2,57,0.8413,MEDIUM,visible,True,0.8945,0.791,0.7079,1.0,,True,0.6515,0.0117,True,False,False,False,False,paced
bmx-trees,0_2,58,0.7905,LOW,visible,True,0.8648,0.6634,0.7072,0.9625,,True,0.6126,0.054,True,False,False,False,False,paced
bmx-trees,0_2,59,0.8626,MEDIUM,visible,True,0.8842,0.7912,0.8058,0.9823,,True,0.5995,0.0147,True,False,False,False,False,paced
bmx-trees,0_2,60,0.7649,LOW,visible,True,0.9139,0.5895,0.6355,1.0,,True,0.5317,0.0183,True,False,False,False,False,evicted
bmx-trees,0_2,61,0.8254,MEDIUM,visible,True,0.8882,0.6691,0.7812,1.0,,True,0.3882,0.031,True,False,True,False,False,paced
bmx-trees,0_2,62,0.8585,MEDIUM,visible,True,0.8638,0.7332,0.8581,0.9994,,True,0.3912,0.001,True,False,True,False,False,paced
bmx-trees,0_2,63,0.7944,LOW,visible,True,0.7894,0.767,0.6579,1.0,,True,0.4894,0.0225,True,False,True,False,False,paced
bmx-trees,0_2,64,0.8288,MEDIUM,visible,True,0.8187,0.9043,0.6948,0.9172,,True,0.5875,0.0211,True,False,False,False,False,paced
bmx-trees,0_2,65,0.7447,LOW,visible,True,0.8414,0.8304,0.4695,0.9374,,True,0.6466,0.0077,True,False,False,False,False,low_similarity
bmx-trees,0_2,66,0.6904,LOW,visible,True,0.8267,0.5359,0.549,0.9341,,True,0.5903,0.0304,True,False,False,False,False,evicted
bmx-trees,0_2,67,0.7601,LOW,visible,True,0.8113,0.934,0.4925,0.8945,,True,0.5523,0.0169,True,False,False,False,False,low_similarity
bmx-trees,0_2,68,0.4648,LOW,visible,True,0.6407,0.2257,0.3814,0.8463,,True,0.3823,0.1189,True,False,True,False,False,low_similarity
bmx-trees,0_2,69,0.6004,LOW,visible,True,0.7177,0.4469,0.4475,0.9049,,True,0.7621,0.0472,True,False,False,False,False,low_similarity
bmx-trees,0_2,70,0.7318,LOW,visible,True,0.8069,0.4877,0.7383,0.9872,,True,0.8337,0.034,True,False,False,False,False,paced
bmx-trees,0_2,71,0.8571,MEDIUM,visible,True,0.8435,0.8219,0.841,0.9258,,True,0.825,0.0255,True,False,False,False,False,evicted
bmx-trees,0_2,72,0.891,MEDIUM,visible,True,0.9341,0.8307,0.887,0.916,,True,0.8402,0.0406,True,False,False,False,False,paced
bmx-trees,0_2,73,0.91,MEDIUM,visible,True,0.9515,0.8773,0.8936,0.9193,,True,0.846,0.0491,True,False,False,False,False,paced
bmx-trees,0_2,74,0.9002,MEDIUM,visible,True,0.9464,0.8635,0.8797,0.9137,,True,0.8721,0.0388,True,False,False,False,False,paced
bmx-trees,0_2,75,0.9154,MEDIUM,visible,True,0.952,0.9502,0.8669,0.8952,,True,0.858,0.0506,True,False,False,False,False,paced
bmx-trees,0_2,76,0.9309,HIGH,visible,True,0.9374,0.9358,0.8734,0.98,,True,0.8413,0.0489,True,False,False,False,False,evicted
bmx-trees,0_2,77,0.8979,MEDIUM,visible,True,0.9308,0.8672,0.8853,0.9094,,True,0.8459,0.0396,True,False,False,False,False,paced
bmx-trees,0_2,78,0.9122,MEDIUM,visible,True,0.9372,0.8686,0.8717,0.9757,,True,0.8116,0.0408,True,False,False,False,False,paced
bmx-trees,0_1,1,0.8872,MEDIUM,visible,True,0.8591,0.8151,0.9376,0.9434,,True,0.6422,0.0083,True,False,False,False,False,paced
bmx-trees,0_1,2,0.8706,MEDIUM,visible,True,0.8355,0.8468,0.9355,0.8681,,True,0.6515,0.0074,True,False,False,False,False,paced
bmx-trees,0_1,3,0.8763,MEDIUM,visible,True,0.8357,0.8618,0.8911,0.919,,True,0.672,0.0167,True,False,False,False,False,paced
bmx-trees,0_1,4,0.856,MEDIUM,visible,True,0.8603,0.7897,0.8581,0.9212,,True,0.6807,0.0128,True,False,False,False,False,paced
bmx-trees,0_1,5,0.8679,MEDIUM,visible,True,0.8668,0.8091,0.8418,0.9611,,True,0.6778,0.0088,True,False,False,False,False,added
bmx-trees,0_1,6,0.9204,HIGH,visible,True,0.8775,0.9065,0.9411,0.9588,,True,0.7305,0.0141,True,False,False,False,False,paced
bmx-trees,0_1,7,0.8917,MEDIUM,visible,True,0.8778,0.9286,0.8847,0.8768,,True,0.7618,0.0172,True,False,False,False,False,paced
bmx-trees,0_1,8,0.9064,MEDIUM,visible,True,0.8437,0.9108,0.8783,1.0,,True,0.7279,0.0171,True,False,False,False,False,paced
bmx-trees,0_1,9,0.9138,MEDIUM,visible,True,0.8967,0.9411,0.8583,0.9625,,True,0.7456,0.0142,True,False,False,False,False,paced
bmx-trees,0_1,10,0.9219,HIGH,visible,True,0.8907,0.9356,0.8929,0.9707,,True,0.7466,0.0148,True,False,False,False,False,added
bmx-trees,0_1,11,0.8931,MEDIUM,visible,True,0.8982,0.8583,0.8901,0.9273,,True,0.6935,0.0138,True,False,False,False,False,paced
bmx-trees,0_1,12,0.8922,MEDIUM,visible,True,0.8413,0.8413,0.9296,0.963,,True,0.7357,0.0086,True,False,False,False,False,paced
bmx-trees,0_1,13,0.8776,MEDIUM,visible,True,0.7605,0.8441,0.924,1.0,,True,0.6975,0.012,True,False,False,False,False,paced
bmx-trees,0_1,14,0.7806,LOW,visible,True,0.7593,0.8552,0.6912,0.8272,,True,0.6596,0.0082,True,False,False,False,False,paced
bmx-trees,0_1,15,0.5322,LOW,visible,True,0.7429,0.5876,0.2956,0.622,,True,0.624,0.0004,True,False,False,False,False,low_similarity
bmx-trees,0_1,16,0.4941,LOW,visible,True,0.7315,0.5478,0.2289,0.6494,,True,0.581,0.0185,True,False,False,False,False,low_similarity
bmx-trees,0_1,17,0.612,LOW,visible,True,0.7016,0.6142,0.5299,0.6145,,True,0.6325,0.0,True,False,False,False,False,added
bmx-trees,0_1,18,0.6311,LOW,visible,True,0.7713,0.7883,0.4907,0.5319,,True,0.6336,0.0102,True,False,False,False,False,low_similarity
bmx-trees,0_1,19,0.5654,LOW,visible,True,0.7008,0.7649,0.3129,0.6093,,True,0.5679,0.0049,True,False,False,False,False,low_similarity
bmx-trees,0_1,20,0.5171,LOW,visible,True,0.6861,0.5594,0.297,0.6273,,True,0.5728,0.0037,True,False,False,False,False,low_similarity
bmx-trees,0_1,21,0.6948,LOW,visible,True,0.7743,0.6108,0.762,0.6467,,True,0.609,0.0227,True,False,False,False,False,paced
bmx-trees,0_1,22,0.7753,LOW,visible,True,0.8223,0.8209,0.8459,0.6329,,True,0.6067,0.0286,True,False,False,False,False,evicted
bmx-trees,0_1,23,0.7371,LOW,visible,True,0.7862,0.7076,0.6533,0.8123,,True,0.5622,0.0441,True,False,False,False,False,paced
bmx-trees,0_1,24,0.6568,LOW,visible,True,0.7857,0.7137,0.4633,0.7164,,True,0.6327,0.0133,True,False,False,False,False,low_similarity
bmx-trees,0_1,25,0.7486,LOW,visible,True,0.8132,0.8879,0.6727,0.6465,,True,0.6361,0.0176,True,False,False,False,False,paced
bmx-trees,0_1,26,0.8473,MEDIUM,visible,True,0.817,0.9286,0.7778,0.8735,,True,0.6079,0.0167,True,False,False,False,False,paced
bmx-trees,0_1,27,0.8133,MEDIUM,visible,True,0.8017,0.6906,0.8705,0.9076,,True,0.5912,0.0248,True,False,False,False,False,evicted
bmx-trees,0_1,28,0.8847,MEDIUM,visible,True,0.8783,0.832,0.8648,0.9694,,True,0.5525,0.0255,True,False,False,False,False,paced
bmx-trees,0_1,29,0.88,MEDIUM,visible,True,0.8517,0.8329,0.8454,1.0,,True,0.5946,0.0163,True,False,False,False,False,paced
bmx-trees,0_1,30,0.8634,MEDIUM,visible,True,0.8351,0.9048,0.8364,0.8792,,True,0.5788,0.02,True,False,False,False,False,paced
bmx-trees,0_1,31,0.8132,MEDIUM,visible,True,0.7893,0.8044,0.7682,0.8967,,True,0.5472,0.0108,True,False,False,False,False,paced
bmx-trees,0_1,32,0.815,MEDIUM,visible,True,0.8406,0.7699,0.7625,0.894,,True,0.6365,0.0166,True,False,False,False,False,evicted
bmx-trees,0_1,33,0.8201,MEDIUM,visible,True,0.8194,0.8631,0.7653,0.8356,,True,0.5936,0.0284,True,False,False,False,False,paced
bmx-trees,0_1,34,0.7738,LOW,visible,True,0.7331,0.5448,0.9346,0.9604,,True,0.622,0.0155,True,False,False,False,False,paced
bmx-trees,0_1,35,0.8704,MEDIUM,visible,True,0.8555,0.8654,0.9167,0.8459,,True,0.6207,0.0084,True,False,False,False,False,paced
bmx-trees,0_1,36,0.8772,MEDIUM,visible,True,0.8523,0.8414,0.9152,0.902,,True,0.6288,0.0182,True,False,False,False,False,paced
bmx-trees,0_1,37,0.85,MEDIUM,visible,True,0.848,0.7583,0.8818,0.9204,,True,0.6142,0.0166,True,False,False,False,False,evicted
bmx-trees,0_1,38,0.8512,MEDIUM,visible,True,0.8411,0.8803,0.8302,0.8541,,True,0.5849,0.0077,True,False,False,False,False,paced
bmx-trees,0_1,39,0.8656,MEDIUM,visible,True,0.8583,0.8424,0.8882,0.8741,,True,0.5849,0.0048,True,False,False,False,False,paced
bmx-trees,0_1,40,0.8744,MEDIUM,visible,True,0.8545,0.84,0.8873,0.9177,,True,0.5307,0.0098,True,False,False,False,False,paced
bmx-trees,0_1,41,0.876,MEDIUM,visible,True,0.8691,0.8516,0.845,0.9417,,True,0.5658,0.0191,True,False,False,False,False,paced
bmx-trees,0_1,42,0.8026,LOW,visible,True,0.8404,0.8284,0.7729,0.7712,,True,0.5687,0.0037,True,False,False,False,False,evicted
bmx-trees,0_1,43,0.8408,MEDIUM,visible,True,0.8438,0.8505,0.8416,0.8275,,True,0.5278,0.0096,True,False,False,False,False,paced
bmx-trees,0_1,44,0.8729,MEDIUM,visible,True,0.8751,0.8822,0.8926,0.8425,,True,0.569,0.0122,True,False,False,False,False,paced
bmx-trees,0_1,45,0.9059,MEDIUM,visible,True,0.8621,0.9676,0.9154,0.882,,True,0.5574,0.0238,True,False,False,False,False,paced
bmx-trees,0_1,46,0.8815,MEDIUM,visible,True,0.8626,0.8847,0.846,0.9353,,True,0.6012,0.011,True,False,False,False,False,paced
bmx-trees,0_1,47,0.9096,MEDIUM,visible,True,0.873,0.9512,0.8877,0.9287,,True,0.648,0.0196,True,False,False,False,False,evicted
bmx-trees,0_1,48,0.8092,LOW,visible,True,0.8416,0.8344,0.7255,0.8415,,True,0.5713,0.0207,True,False,False,False,False,paced
bmx-trees,0_1,49,0.6676,LOW,visible,True,0.8343,0.7033,0.5388,0.6282,,True,0.5458,0.027,True,False,False,False,False,paced
bmx-trees,0_1,50,0.6394,LOW,visible,True,0.8574,0.7043,0.4537,0.6102,,True,0.4968,0.0224,True,False,True,False,False,low_similarity
bmx-trees,0_1,51,0.6173,LOW,visible,True,0.8127,0.862,0.2859,0.7252,,True,0.4757,0.0119,True,False,True,False,False,low_similarity
bmx-trees,0_1,52,0.455,LOW,visible,True,0.7838,0.3903,0.2443,0.5735,,True,0.5268,0.0041,True,False,False,False,False,low_similarity
bmx-trees,0_1,53,0.6157,LOW,visible,True,0.7717,0.6937,0.4312,0.6225,,True,0.4965,0.0039,True,False,True,False,False,low_similarity
bmx-trees,0_1,54,0.7254,LOW,visible,True,0.8216,0.6536,0.7096,0.7268,,True,0.4898,0.0076,True,False,True,False,False,evicted
bmx-trees,0_1,55,0.5669,LOW,visible,True,0.8079,0.4486,0.4248,0.6707,,True,0.3561,0.0,True,False,True,False,False,low_similarity
bmx-trees,0_1,56,0.6782,LOW,visible,True,0.7678,0.8155,0.4919,0.6871,,True,0.4365,0.0081,True,False,True,False,False,low_similarity
bmx-trees,0_1,57,0.6304,LOW,visible,True,0.8327,0.7076,0.4372,0.613,,True,0.4121,0.0071,True,False,True,False,False,low_similarity
bmx-trees,0_1,58,0.6066,LOW,visible,True,0.7763,0.6294,0.4195,0.6604,,True,0.4009,0.0245,True,False,True,False,False,low_similarity
bmx-trees,0_1,59,0.4184,LOW,visible,True,0.6994,0.2595,0.2829,0.5969,,True,0.3637,0.0049,True,False,True,False,False,low_similarity
bmx-trees,0_1,60,0.552,LOW,visible,True,0.7629,0.6289,0.3131,0.6183,,True,0.2858,0.0212,True,False,True,False,False,low_similarity
bmx-trees,0_1,61,0.4813,LOW,visible,True,0.8231,0.2912,0.3168,0.7066,,True,0.2006,0.0394,True,False,True,False,False,low_similarity
bmx-trees,0_1,62,0.5549,LOW,visible,True,0.8012,0.8404,0.2356,0.5975,,True,0.3234,0.0268,True,False,True,False,False,low_similarity
bmx-trees,0_1,63,0.5751,LOW,visible,True,0.7748,0.8938,0.2687,0.5878,,True,0.3007,0.0344,True,False,True,False,False,low_similarity
bmx-trees,0_1,64,0.655,LOW,visible,True,0.7449,0.8511,0.4262,0.6814,,True,0.2713,0.053,True,False,True,False,False,low_similarity
bmx-trees,0_1,65,0.6318,LOW,visible,True,0.7453,0.9053,0.3377,0.6993,,True,0.2837,0.0543,True,False,True,False,False,low_similarity
bmx-trees,0_1,66,0.5374,LOW,visible,True,0.9062,0.4358,0.3145,0.6714,,True,0.3618,0.0168,True,False,True,False,False,low_similarity
bmx-trees,0_1,67,0.6067,LOW,visible,True,0.7613,0.8497,0.3501,0.5985,,True,0.4231,0.0447,True,False,True,False,False,low_similarity
bmx-trees,0_1,68,0.6573,LOW,visible,True,0.6843,0.5687,0.648,0.7404,,True,0.3879,0.0436,True,False,True,False,False,evicted
bmx-trees,0_1,69,0.629,LOW,visible,True,0.6696,0.5029,0.7128,0.6521,,True,0.3856,0.0171,True,False,True,False,False,paced
bmx-trees,0_1,70,0.7401,LOW,visible,True,0.7208,0.6924,0.7463,0.8056,,True,0.5122,0.0092,True,False,False,False,False,paced
bmx-trees,0_1,71,0.6679,LOW,visible,True,0.7555,0.4456,0.7732,0.7646,,True,0.5425,0.0021,True,False,False,False,False,paced
bmx-trees,0_1,72,0.658,LOW,visible,True,0.7825,0.5494,0.7265,0.6,,True,0.5833,0.0045,True,False,False,False,False,paced
bmx-trees,0_1,73,0.7357,LOW,visible,True,0.8169,0.8113,0.7761,0.5695,,True,0.496,0.0016,True,False,True,False,False,evicted
bmx-trees,0_1,74,0.7531,LOW,visible,True,0.8607,0.8243,0.7905,0.5735,,True,0.5492,0.006,True,False,False,False,False,paced
bmx-trees,0_1,75,0.7608,LOW,visible,True,0.8314,0.8093,0.7633,0.6522,,True,0.6224,0.0074,True,False,False,False,False,paced
bmx-trees,0_1,76,0.7465,LOW,visible,True,0.8534,0.8482,0.6768,0.6338,,True,0.5739,0.0261,True,False,False,False,False,paced
bmx-trees,0_1,77,0.7049,LOW,visible,True,0.8379,0.6558,0.6177,0.7274,,True,0.5457,0.0378,True,False,False,False,False,paced
bmx-trees,0_1,78,0.7595,LOW,visible,True,0.9056,0.833,0.5631,0.7833,,True,0.5467,0.0482,True,False,False,False,False,evicted
breakdance,0_1,1,0.944,HIGH,visible,True,0.954,0.8964,0.9288,1.0,0.6516,True,0.4181,0.0,True,False,True,False,False,paced
breakdance,0_1,2,0.9489,HIGH,visible,True,0.9563,0.9596,0.8836,1.0,0.6263,True,0.408,0.0,True,False,True,False,False,paced
breakdance,0_1,3,0.9571,HIGH,visible,True,0.9575,0.9808,0.8937,1.0,0.6013,True,0.4026,0.0,True,False,True,False,False,paced
breakdance,0_1,4,0.8973,MEDIUM,visible,True,0.885,0.8555,0.8561,1.0,0.5546,True,0.4084,0.0,True,False,True,False,False,paced
breakdance,0_1,5,0.924,HIGH,visible,True,0.9124,0.9933,0.8266,0.973,0.5045,True,0.3808,0.0,True,False,True,False,False,added
breakdance,0_1,6,0.9464,HIGH,visible,True,0.9264,0.9677,0.9206,0.9722,0.6101,True,0.32,0.0,True,False,True,False,False,paced
breakdance,0_1,7,0.9193,MEDIUM,visible,True,0.9393,0.9365,0.8725,0.9303,0.5903,True,0.2953,0.0,True,False,True,False,False,paced
breakdance,0_1,8,0.9232,HIGH,visible,True,0.9321,0.9388,0.848,0.979,0.563,True,0.3188,0.0,True,False,True,False,False,paced
breakdance,0_1,9,0.8887,MEDIUM,visible,True,0.9012,0.9192,0.8495,0.8866,0.5963,True,0.2538,0.0,True,False,True,False,False,paced
breakdance,0_1,10,0.8714,MEDIUM,visible,True,0.8823,0.8531,0.8279,0.9253,0.5006,True,0.2212,0.0,True,False,True,False,False,added
breakdance,0_1,11,0.8508,MEDIUM,visible,True,0.8473,0.9161,0.7593,0.889,0.4816,True,0.1863,0.0,True,False,True,False,False,paced
breakdance,0_1,12,0.6915,LOW,visible,True,0.8192,0.8144,0.3738,0.9168,0.2583,True,0.1304,0.0,True,False,True,False,False,low_similarity
breakdance,0_1,13,0.5661,LOW,visible,True,0.7293,0.3321,0.5474,0.7748,0.3863,True,0.1571,0.0,True,False,True,False,False,paced
breakdance,0_1,14,0.7973,LOW,visible,True,0.7825,0.7156,0.7294,0.9894,0.4419,True,0.1937,0.0,True,False,True,False,False,paced
breakdance,0_1,15,0.8622,MEDIUM,visible,True,0.8411,0.868,0.7569,1.0,0.4759,True,0.2325,0.0,True,False,True,False,False,added
breakdance,0_1,16,0.8417,MEDIUM,visible,True,0.8792,0.7517,0.7594,1.0,0.5314,True,0.2668,0.0,True,False,True,False,False,paced
breakdance,0_1,17,0.8596,MEDIUM,visible,True,0.9312,0.7235,0.8132,0.9963,0.5518,True,0.2746,0.0,True,False,True,False,False,paced
breakdance,0_1,18,0.8516,MEDIUM,visible,True,0.8755,0.796,0.7545,1.0,0.4353,True,0.2886,0.0,True,False,True,False,False,paced
breakdance,0_1,19,0.8871,MEDIUM,visible,True,0.8559,0.9764,0.772,0.9599,0.5262,True,0.299,0.0,True,False,True,False,False,paced
breakdance,0_1,20,0.8477,MEDIUM,visible,True,0.8915,0.8347,0.7156,0.9696,0.5009,True,0.2797,0.0,True,False,True,False,False,evicted
breakdance,0_1,21,0.8495,MEDIUM,visible,True,0.8803,0.7977,0.7964,0.9315,0.5725,True,0.2921,0.0,True,False,True,False,False,paced
breakdance,0_1,22,0.8714,MEDIUM,visible,True,0.8819,0.8213,0.7959,1.0,0.563,True,0.3217,0.0,True,False,True,False,False,paced
breakdance,0_1,23,0.8663,MEDIUM,visible,True,0.8658,0.8183,0.7948,1.0,0.5756,True,0.3376,0.0,True,False,True,False,False,paced
breakdance,0_1,24,0.8417,MEDIUM,visible,True,0.8584,0.8582,0.7034,0.9685,0.521,True,0.343,0.0,True,False,True,False,False,paced
breakdance,0_1,25,0.875,MEDIUM,visible,True,0.847,0.888,0.7794,1.0,0.6225,True,0.3272,0.0,True,False,True,False,False,evicted
breakdance,0_1,26,0.8686,MEDIUM,visible,True,0.8702,0.8258,0.8081,0.9801,0.607,True,0.3359,0.0,True,False,True,False,False,paced
breakdance,0_1,27,0.8881,MEDIUM,visible,True,0.8873,0.8936,0.7847,1.0,0.5345,True,0.3226,0.0,True,False,True,False,False,paced
breakdance,0_1,28,0.9138,MEDIUM,visible,True,0.912,0.8898,0.8591,1.0,0.5501,True,0.3334,0.0,True,False,True,False,False,paced
breakdance,0_1,29,0.9211,HIGH,visible,True,0.9136,0.9569,0.8232,1.0,0.5275,True,0.3809,0.0,True,False,True,False,False,paced
breakdance,0_1,30,0.9012,MEDIUM,visible,True,0.8901,0.9127,0.8117,1.0,0.554,True,0.4589,0.0,True,False,True,False,False,evicted
breakdance,0_1,31,0.8938,MEDIUM,visible,True,0.8891,0.8786,0.8168,1.0,0.6132,True,0.4808,0.0,True,False,True,False,False,paced
breakdance,0_1,32,0.9005,MEDIUM,visible,True,0.9039,0.9039,0.8048,1.0,0.6002,True,0.4935,0.0,True,False,True,False,False,paced
breakdance,0_1,33,0.9007,MEDIUM,visible,True,0.9272,0.9459,0.7797,0.9623,0.5808,True,0.4868,0.0,True,False,True,False,False,paced
breakdance,0_1,34,0.9206,HIGH,visible,True,0.9347,0.9784,0.8305,0.9459,0.6042,True,0.5135,0.0,True,False,False,False,False,paced
breakdance,0_1,35,0.9288,HIGH,visible,True,0.9299,0.9469,0.8452,1.0,0.6511,True,0.5349,0.0,True,False,False,False,False,evicted
breakdance,0_1,36,0.9221,HIGH,visible,True,0.9653,0.8903,0.8411,1.0,0.6461,True,0.5663,0.0,True,False,False,False,False,paced
breakdance,0_1,37,0.9087,MEDIUM,visible,True,0.9522,0.9061,0.8465,0.9337,0.6463,True,0.5864,0.0,True,False,False,False,False,paced
breakdance,0_1,38,0.9197,MEDIUM,visible,True,0.9496,0.9296,0.8639,0.938,0.6257,True,0.5921,0.0,True,False,False,False,False,paced
breakdance,0_1,39,0.9398,HIGH,visible,True,0.9323,0.9831,0.8587,0.9911,0.5764,True,0.5985,0.0,True,False,False,False,False,paced
breakdance,0_1,40,0.9027,MEDIUM,visible,True,0.8976,0.9828,0.7999,0.9412,0.5585,True,0.623,0.0,True,False,False,False,False,evicted
breakdance,0_1,41,0.8945,MEDIUM,visible,True,0.8636,0.8933,0.8394,0.9887,0.6057,True,0.5558,0.0,True,False,False,False,False,paced
breakdance,0_1,42,0.8556,MEDIUM,visible,True,0.8428,0.8378,0.8004,0.9482,0.5293,True,0.4748,0.0,True,False,True,False,False,paced
breakdance,0_1,43,0.8307,MEDIUM,visible,True,0.8444,0.8074,0.7364,0.9484,0.5067,True,0.412,0.0,True,False,True,False,False,paced
breakdance,0_1,44,0.8367,MEDIUM,visible,True,0.8451,0.8346,0.7012,0.9907,0.3681,True,0.3869,0.0,True,False,True,False,False,paced
breakdance,0_1,45,0.8565,MEDIUM,visible,True,0.8097,0.9111,0.7296,1.0,0.4481,True,0.4137,0.0,True,False,True,False,False,evicted
breakdance,0_1,46,0.8377,MEDIUM,visible,True,0.789,0.8374,0.7597,0.981,0.4496,True,0.4644,0.0,True,False,True,False,False,paced
breakdance,0_1,47,0.8653,MEDIUM,visible,True,0.8084,0.9406,0.7661,0.9626,0.5344,True,0.4523,0.0,True,False,True,False,False,paced
breakdance,0_1,48,0.8549,MEDIUM,visible,True,0.8609,0.875,0.7628,0.9296,0.4921,True,0.4202,0.0,True,False,True,False,False,paced
breakdance,0_1,49,0.8179,MEDIUM,visible,True,0.8462,0.8026,0.6743,0.9769,0.3863,True,0.4266,0.0,True,False,True,False,False,paced
breakdance,0_1,50,0.8539,MEDIUM,visible,True,0.832,0.8037,0.7949,1.0,0.511,True,0.3993,0.0,True,False,True,False,False,evicted
breakdance,0_1,51,0.919,MEDIUM,visible,True,0.9006,0.9747,0.8126,1.0,0.5146,True,0.3929,0.0,True,False,True,False,False,paced
breakdance,0_1,52,0.8635,MEDIUM,visible,True,0.9432,0.9574,0.7133,0.8632,0.421,True,0.3982,0.0,True,False,True,False,False,paced
breakdance,0_1,53,0.8624,MEDIUM,visible,True,0.9013,0.8609,0.713,1.0,0.4346,True,0.4172,0.0,True,False,True,False,False,paced
breakdance,0_1,54,0.8559,MEDIUM,visible,True,0.8931,0.86,0.6989,1.0,0.4977,True,0.4209,0.0,True,False,True,False,False,paced
breakdance,0_1,55,0.8466,MEDIUM,visible,True,0.9434,0.9249,0.6474,0.9094,0.4838,True,0.4424,0.0,True,False,True,False,False,evicted
breakdance,0_1,56,0.9043,MEDIUM,visible,True,0.9389,0.9185,0.7752,1.0,0.5843,True,0.445,0.0,True,False,True,False,False,paced
breakdance,0_1,57,0.8555,MEDIUM,visible,True,0.9472,0.8938,0.6789,0.9319,0.5227,True,0.4603,0.0,True,False,True,False,False,paced
breakdance,0_1,58,0.8833,MEDIUM,visible,True,0.9214,0.8775,0.7829,0.9616,0.5292,True,0.471,0.0,True,False,True,False,False,paced
breakdance,0_1,59,0.8249,MEDIUM,visible,True,0.9174,0.8948,0.7515,0.7504,0.4841,True,0.4512,0.0,True,False,True,False,False,paced
breakdance,0_1,60,0.8168,MEDIUM,visible,True,0.9286,0.8925,0.6699,0.8017,0.4612,True,0.437,0.0,True,False,True,False,False,evicted
breakdance,0_1,61,0.8853,MEDIUM,visible,True,0.9303,0.8807,0.845,0.8871,0.6044,True,0.4233,0.0,True,False,True,False,False,paced
breakdance,0_1,62,0.9104,MEDIUM,visible,True,0.924,0.9309,0.8493,0.9403,0.5784,True,0.4542,0.0,True,False,True,False,False,paced
breakdance,0_1,63,0.9264,HIGH,visible,True,0.9362,0.9263,0.863,0.9841,0.561,True,0.4645,0.0,True,False,True,False,False,paced
breakdance,0_1,64,0.9305,HIGH,visible,True,0.9224,0.9258,0.8827,0.9943,0.613,True,0.4549,0.0,True,False,True,False,False,paced
breakdance,0_1,65,0.9292,HIGH,visible,True,0.9285,0.9388,0.8552,1.0,0.6099,True,0.4088,0.0,True,False,True,False,False,evicted
breakdance,0_1,66,0.9403,HIGH,visible,True,0.9477,0.9676,0.8645,0.9861,0.5878,True,0.4004,0.0,True,False,True,False,False,paced
breakdance,0_1,67,0.9363,HIGH,visible,True,0.9639,0.9524,0.839,0.998,0.5659,True,0.3909,0.0,True,False,True,False,False,paced
breakdance,0_1,68,0.9186,MEDIUM,visible,True,0.9685,0.9634,0.7942,0.9611,0.572,True,0.3803,0.0,True,False,True,False,False,paced
breakdance,0_1,69,0.9097,MEDIUM,visible,True,0.9676,0.9489,0.8201,0.9094,0.6032,True,0.377,0.0,True,False,True,False,False,paced
breakdance,0_1,70,0.8865,MEDIUM,visible,True,0.9677,0.9737,0.7426,0.8825,0.5413,True,0.3776,0.0,True,False,True,False,False,evicted
breakdance,0_1,71,0.9167,MEDIUM,visible,True,0.9632,0.9755,0.8335,0.9018,0.6313,True,0.3749,0.0,True,False,True,False,False,paced
breakdance,0_1,72,0.9123,MEDIUM,visible,True,0.9449,0.9517,0.818,0.9415,0.6106,True,0.3726,0.0,True,False,True,False,False,paced
breakdance,0_1,73,0.8828,MEDIUM,visible,True,0.9202,0.9386,0.794,0.8858,0.5141,True,0.3911,0.0,True,False,True,False,False,paced
breakdance,0_1,74,0.8952,MEDIUM,visible,True,0.9103,0.9257,0.7784,0.9789,0.5458,True,0.4088,0.0,True,False,True,False,False,paced
breakdance,0_1,75,0.8864,MEDIUM,visible,True,0.9052,0.8477,0.8045,1.0,0.5315,True,0.3269,0.0,True,False,True,False,False,evicted
breakdance,0_1,76,0.9214,HIGH,visible,True,0.9265,0.9107,0.8542,1.0,0.5888,True,0.3133,0.0,True,False,True,False,False,paced
breakdance,0_1,77,0.8838,MEDIUM,visible,True,0.9133,0.8701,0.8353,0.9193,0.6461,True,0.2984,0.0,True,False,True,False,False,paced
breakdance,0_1,78,0.9034,MEDIUM,visible,True,0.9277,0.9207,0.8024,0.9718,0.6218,True,0.2941,0.0,True,False,True,False,False,paced
breakdance,0_1,79,0.9024,MEDIUM,visible,True,0.9064,0.9212,0.808,0.9827,0.5823,True,0.2917,0.0,True,False,True,False,False,paced
breakdance,0_1,80,0.8103,MEDIUM,visible,True,0.9117,0.8141,0.7032,0.8261,0.5355,True,0.2892,0.0,True,False,True,False,False,evicted
breakdance,0_1,81,0.8216,MEDIUM,visible,True,0.8436,0.6985,0.8001,0.9665,0.688,True,0.3142,0.0,True,False,True,False,False,paced
breakdance,0_1,82,0.8746,MEDIUM,visible,True,0.8761,0.867,0.7703,1.0,0.5804,True,0.3451,0.0,True,False,True,False,False,paced
camel,0_1,1,0.9689,HIGH,visible,True,0.9601,0.9662,0.9836,0.9658,,True,0.9725,0.0,True,False,False,False,False,paced
camel,0_1,2,0.9727,HIGH,visible,True,0.9594,0.9831,0.975,0.9735,,True,0.9755,0.0,True,False,False,False,False,paced
camel,0_1,3,0.9726,HIGH,visible,True,0.9572,0.9947,0.966,0.9729,,True,0.9748,0.0,True,False,False,False,False,paced
camel,0_1,4,0.9681,HIGH,visible,True,0.958,0.9942,0.9661,0.9546,,True,0.9729,0.0,True,False,False,False,False,paced
camel,0_1,5,0.962,HIGH,visible,True,0.9594,0.9943,0.9567,0.9385,,True,0.9708,0.0,True,False,False,False,False,added
camel,0_1,6,0.9699,HIGH,visible,True,0.9672,0.9921,0.982,0.9392,,True,0.9695,0.0,True,False,False,False,False,paced
camel,0_1,7,0.971,HIGH,visible,True,0.9716,0.9922,0.9821,0.9387,,True,0.9694,0.0,True,False,False,False,False,paced
camel,0_1,8,0.9741,HIGH,visible,True,0.9763,0.9937,0.9705,0.956,,True,0.9704,0.0,True,False,False,False,False,paced
camel,0_1,9,0.9685,HIGH,visible,True,0.9752,0.9942,0.9656,0.9398,,True,0.9694,0.0,True,False,False,False,False,paced
camel,0_1,10,0.9738,HIGH,visible,True,0.9747,0.9909,0.9653,0.9644,,True,0.9682,0.0,True,False,False,False,False,merged
camel,0_1,11,0.9635,HIGH,visible,True,0.9694,0.9771,0.9778,0.9304,,True,0.9658,0.0,True,False,False,False,False,paced
camel,0_1,12,0.9722,HIGH,visible,True,0.9736,0.9971,0.9711,0.9474,,True,0.9643,0.0,True,False,False,False,False,paced
camel,0_1,13,0.9596,HIGH,visible,True,0.9766,0.9958,0.9651,0.9033,,True,0.9659,0.0,True,False,False,False,False,paced
camel,0_1,14,0.9667,HIGH,visible,True,0.9786,0.9888,0.9564,0.9437,,True,0.9635,0.0,True,False,False,False,False,paced
camel,0_1,15,0.96,HIGH,visible,True,0.9764,0.9877,0.945,0.9321,,True,0.9602,0.0,True,False,False,False,False,added
camel,0_1,16,0.9655,HIGH,visible,True,0.9755,0.9992,0.9599,0.9286,,True,0.963,0.0,True,False,False,False,False,paced
camel,0_1,17,0.9562,HIGH,visible,True,0.9696,0.9912,0.9483,0.9173,,True,0.9667,0.0,True,False,False,False,False,paced
camel,0_1,18,0.9601,HIGH,visible,True,0.974,0.9922,0.9366,0.9387,,True,0.9721,0.0,True,False,False,False,False,paced
camel,0_1,19,0.9518,HIGH,visible,True,0.9684,0.9748,0.9307,0.9341,,True,0.9709,0.0,True,False,False,False,False,paced
camel,0_1,20,0.9509,HIGH,visible,True,0.9696,0.9765,0.9308,0.9277,,True,0.9727,0.0,True,False,False,False,False,merged
camel,0_1,21,0.959,HIGH,visible,True,0.9613,0.9756,0.9547,0.9447,,True,0.9742,0.0,True,False,False,False,False,paced
camel,0_1,22,0.9647,HIGH,visible,True,0.9599,0.9889,0.9459,0.9645,,True,0.9728,0.0,True,False,False,False,False,paced
camel,0_1,23,0.9633,HIGH,visible,True,0.9573,0.9954,0.9468,0.9545,,True,0.9721,0.0,True,False,False,False,False,paced
camel,0_1,24,0.9621,HIGH,visible,True,0.9591,0.9886,0.9317,0.9698,,True,0.9707,0.0,True,False,False,False,False,paced
camel,0_1,25,0.9632,HIGH,visible,True,0.9491,0.9842,0.9431,0.9767,,True,0.9711,0.0,True,False,False,False,False,added
camel,0_1,26,0.954,HIGH,visible,True,0.968,0.9799,0.9458,0.9232,,True,0.9675,0.0,True,False,False,False,False,paced
camel,0_1,27,0.9561,HIGH,visible,True,0.9613,0.9667,0.9422,0.9545,,True,0.9623,0.0,True,False,False,False,False,paced
camel,0_1,28,0.9637,HIGH,visible,True,0.9617,0.9915,0.9433,0.959,,True,0.9598,0.0,True,False,False,False,False,paced
camel,0_1,29,0.9645,HIGH,visible,True,0.957,0.9961,0.9428,0.963,,True,0.952,0.0,True,False,False,False,False,paced
camel,0_1,30,0.9487,HIGH,visible,True,0.9549,0.996,0.9322,0.9135,,True,0.944,0.0,True,False,False,False,False,merged
camel,0_1,31,0.9521,HIGH,visible,True,0.9575,0.9811,0.9444,0.9261,,True,0.9382,0.0,True,False,False,False,False,paced
camel,0_1,32,0.9599,HIGH,visible,True,0.9598,0.9846,0.9461,0.9495,,True,0.9279,0.0,True,False,False,False,False,paced
camel,0_1,33,0.9577,HIGH,visible,True,0.9623,0.9857,0.9356,0.9481,,True,0.9231,0.0,True,False,False,False,False,paced
camel,0_1,34,0.9566,HIGH,visible,True,0.9695,0.9889,0.9352,0.9338,,True,0.9165,0.0,True,False,False,False,False,paced
camel,0_1,35,0.9529,HIGH,visible,True,0.9746,0.9903,0.9133,0.9353,,True,0.9071,0.0,True,False,False,False,False,evicted
camel,0_1,36,0.9537,HIGH,visible,True,0.9766,0.9907,0.9262,0.9231,,True,0.8969,0.0,True,False,False,False,False,paced
camel,0_1,37,0.9544,HIGH,visible,True,0.9763,0.9979,0.9011,0.9452,,True,0.8842,0.0,True,False,False,False,False,paced
camel,0_1,38,0.9173,MEDIUM,visible,True,0.8789,0.8834,0.9311,0.9794,,True,0.975,0.0,True,False,False,False,False,paced
camel,0_1,39,0.9604,HIGH,visible,True,0.9714,0.9683,0.9331,0.9692,,True,0.9767,0.0,True,False,False,False,False,paced
camel,0_1,40,0.9611,HIGH,visible,True,0.9745,0.9733,0.9247,0.9728,,True,0.9755,0.0,True,False,False,False,False,evicted
camel,0_1,41,0.9653,HIGH,visible,True,0.9762,0.9757,0.9336,0.9765,,True,0.9727,0.0,True,False,False,False,False,paced
camel,0_1,42,0.968,HIGH,visible,True,0.9731,0.9806,0.9323,0.987,,True,0.9721,0.0,True,False,False,False,False,paced
camel,0_1,43,0.9579,HIGH,visible,True,0.9722,0.9782,0.9262,0.9557,,True,0.972,0.0,True,False,False,False,False,paced
camel,0_1,44,0.9625,HIGH,visible,True,0.9754,0.9907,0.9191,0.9662,,True,0.9727,0.0,True,False,False,False,False,paced
camel,0_1,45,0.9589,HIGH,visible,True,0.9732,0.9914,0.913,0.9596,,True,0.9741,0.0,True,False,False,False,False,merged
camel,0_1,46,0.9612,HIGH,visible,True,0.9747,0.9919,0.9112,0.9689,,True,0.9745,0.0,True,False,False,False,False,paced
camel,0_1,47,0.9567,HIGH,visible,True,0.9711,0.9953,0.9094,0.9531,,True,0.9725,0.0,True,False,False,False,False,paced
camel,0_1,48,0.951,HIGH,visible,True,0.966,0.9992,0.8888,0.9533,,True,0.9732,0.0,True,False,False,False,False,paced
camel,0_1,49,0.9466,HIGH,visible,True,0.9631,0.9987,0.865,0.9651,,True,0.9733,0.0,True,False,False,False,False,paced
camel,0_1,50,0.9514,HIGH,visible,True,0.9596,0.9983,0.8765,0.9758,,True,0.9709,0.0,True,False,False,False,False,merged
camel,0_1,51,0.9619,HIGH,visible,True,0.9582,0.9989,0.9052,0.9881,,True,0.9696,0.0,True,False,False,False,False,paced
camel,0_1,52,0.952,HIGH,visible,True,0.9561,0.9961,0.884,0.9757,,True,0.9688,0.0,True,False,False,False,False,paced
camel,0_1,53,0.9441,HIGH,visible,True,0.9554,0.9969,0.8695,0.9593,,True,0.9704,0.0,True,False,False,False,False,paced
camel,0_1,54,0.9456,HIGH,visible,True,0.953,0.9988,0.8759,0.9589,,True,0.9688,0.0,True,False,False,False,False,paced
camel,0_1,55,0.9307,HIGH,visible,True,0.9503,0.9807,0.8673,0.9284,,True,0.9732,0.0,True,False,False,False,False,evicted
camel,0_1,56,0.9317,HIGH,visible,True,0.9514,0.9643,0.891,0.9217,,True,0.9738,0.0,True,False,False,False,False,paced
camel,0_1,57,0.9194,MEDIUM,visible,True,0.9646,0.9527,0.8573,0.907,,True,0.9705,0.0,True,False,False,False,False,paced
camel,0_1,58,0.933,HIGH,visible,True,0.962,0.9745,0.8869,0.9113,,True,0.969,0.0,True,False,False,False,False,paced
camel,0_1,59,0.9335,HIGH,visible,True,0.9665,0.9786,0.8914,0.9008,,True,0.9691,0.0,True,False,False,False,False,paced
camel,0_1,60,0.9288,HIGH,visible,True,0.9682,0.9879,0.8736,0.8907,,True,0.9678,0.0,True,False,False,False,False,merged
camel,0_1,61,0.9329,HIGH,visible,True,0.9706,0.9966,0.8932,0.8766,,True,0.9682,0.0,True,False,False,False,False,paced
camel,0_1,62,0.9249,HIGH,visible,True,0.9732,0.9892,0.8789,0.8649,,True,0.9698,0.0,True,False,False,False,False,paced
camel,0_1,63,0.9251,HIGH,visible,True,0.976,0.983,0.8724,0.875,,True,0.9673,0.0,True,False,False,False,False,paced
camel,0_1,64,0.927,HIGH,visible,True,0.973,0.9835,0.8604,0.8967,,True,0.9605,0.0,True,False,False,False,False,paced
camel,0_1,65,0.9203,HIGH,visible,True,0.9673,0.9928,0.8487,0.88,,True,0.9632,0.0,True,False,False,False,False,merged
camel,0_1,66,0.9285,HIGH,visible,True,0.9698,0.9848,0.8628,0.902,,True,0.9627,0.0,True,False,False,False,False,paced
camel,0_1,67,0.924,HIGH,visible,True,0.9721,0.9846,0.8509,0.895,,True,0.9625,0.0,True,False,False,False,False,paced
camel,0_1,68,0.9229,HIGH,visible,True,0.9799,0.979,0.8446,0.8953,,True,0.9632,0.0,True,False,False,False,False,paced
camel,0_1,69,0.9257,HIGH,visible,True,0.9813,0.9756,0.8451,0.9076,,True,0.9678,0.0,True,False,False,False,False,paced
camel,0_1,70,0.9298,HIGH,visible,True,0.9815,0.9841,0.8373,0.9243,,True,0.9699,0.0,True,False,False,False,False,merged
camel,0_1,71,0.93,HIGH,visible,True,0.9812,0.9841,0.8494,0.912,,True,0.9689,0.0,True,False,False,False,False,paced
camel,0_1,72,0.9316,HIGH,visible,True,0.9796,0.9966,0.8317,0.9276,,True,0.9688,0.0,True,False,False,False,False,paced
camel,0_1,73,0.9206,HIGH,visible,True,0.9804,0.9902,0.8247,0.897,,True,0.9698,0.0,True,False,False,False,False,paced
camel,0_1,74,0.9148,MEDIUM,visible,True,0.983,0.9916,0.8139,0.8828,,True,0.9739,0.0,True,False,False,False,False,paced
camel,0_1,75,0.9202,HIGH,visible,True,0.9832,0.9864,0.8079,0.9151,,True,0.9713,0.0,True,False,False,False,False,merged
camel,0_1,76,0.9178,MEDIUM,visible,True,0.9818,0.9896,0.8013,0.9112,,True,0.972,0.0,True,False,False,False,False,paced
camel,0_1,77,0.9075,MEDIUM,visible,True,0.9794,0.9938,0.7713,0.9035,,True,0.9727,0.0,True,False,False,False,False,paced
camel,0_1,78,0.9066,MEDIUM,visible,True,0.9767,0.9916,0.7725,0.903,,True,0.9715,0.0,True,False,False,False,False,paced
camel,0_1,79,0.896,MEDIUM,visible,True,0.9731,0.9927,0.7374,0.9048,,True,0.9672,0.0,True,False,False,False,False,paced
camel,0_1,80,0.8897,MEDIUM,visible,True,0.9711,0.9894,0.7282,0.8957,,True,0.9653,0.0,True,False,False,False,False,evicted
camel,0_1,81,0.9091,MEDIUM,visible,True,0.9645,0.977,0.8104,0.8943,,True,0.9725,0.0,True,False,False,False,False,paced
camel,0_1,82,0.9044,MEDIUM,visible,True,0.9639,0.9795,0.8,0.8856,,True,0.9731,0.0,True,False,False,False,False,paced
camel,0_1,83,0.8946,MEDIUM,visible,True,0.9754,0.9802,0.7825,0.8561,,True,0.9738,0.0,True,False,False,False,False,paced
camel,0_1,84,0.8848,MEDIUM,visible,True,0.9666,0.9512,0.7956,0.8377,,True,0.9724,0.0,True,False,False,False,False,paced
camel,0_1,85,0.8898,MEDIUM,visible,True,0.9684,0.9857,0.7799,0.842,,True,0.9674,0.0,True,False,False,False,False,evicted
camel,0_1,86,0.8973,MEDIUM,visible,True,0.9691,0.9893,0.8205,0.8239,,True,0.9669,0.0,True,False,False,False,False,paced
camel,0_1,87,0.8988,MEDIUM,visible,True,0.97,0.9858,0.8254,0.8268,,True,0.963,0.0,True,False,False,False,False,paced
camel,0_1,88,0.8942,MEDIUM,visible,True,0.9672,0.9889,0.7833,0.8536,,True,0.9604,0.0,True,False,False,False,False,paced
car-roundabout,0_1,1,0.9799,HIGH,visible,True,0.9931,0.9564,0.9709,1.0,,True,0.9857,0.0,True,False,False,False,False,paced
car-roundabout,0_1,2,0.9843,HIGH,visible,True,0.9937,0.97,0.9739,1.0,,True,0.9836,0.0,True,False,False,False,False,paced
car-roundabout,0_1,3,0.9811,HIGH,visible,True,0.9927,0.9777,0.9676,0.9864,,True,0.9842,0.0,True,False,False,False,False,paced
car-roundabout,0_1,4,0.9841,HIGH,visible,True,0.9934,0.9918,0.9601,0.9913,,True,0.9846,0.0,True,False,False,False,False,paced
car-roundabout,0_1,5,0.9877,HIGH,visible,True,0.9933,0.9939,0.9641,1.0,,True,0.9855,0.0,True,False,False,False,False,added
car-roundabout,0_1,6,0.9912,HIGH,visible,True,0.9934,0.9934,0.9783,1.0,,True,0.9853,0.0,True,False,False,False,False,paced
car-roundabout,0_1,7,0.9877,HIGH,visible,True,0.9932,0.9882,0.9698,1.0,,True,0.9845,0.0,True,False,False,False,False,paced
car-roundabout,0_1,8,0.9834,HIGH,visible,True,0.9928,0.9828,0.9585,1.0,,True,0.984,0.0,True,False,False,False,False,paced
car-roundabout,0_1,9,0.9834,HIGH,visible,True,0.9934,0.9906,0.9505,1.0,,True,0.9859,0.0,True,False,False,False,False,paced
car-roundabout,0_1,10,0.9778,HIGH,visible,True,0.9934,0.9852,0.9341,1.0,,True,0.9862,0.0,True,False,False,False,False,added
car-roundabout,0_1,11,0.9803,HIGH,visible,True,0.9936,0.9911,0.9379,1.0,,True,0.985,0.0,True,False,False,False,False,paced
car-roundabout,0_1,12,0.9794,HIGH,visible,True,0.9938,0.9841,0.9408,1.0,,True,0.985,0.0,True,False,False,False,False,paced
car-roundabout,0_1,13,0.9749,HIGH,visible,True,0.9931,0.9931,0.9268,0.9883,,True,0.9861,0.0,True,False,False,False,False,paced
car-roundabout,0_1,14,0.9646,HIGH,visible,True,0.9938,0.9903,0.9084,0.9685,,True,0.9867,0.0,True,False,False,False,False,paced
car-roundabout,0_1,15,0.9667,HIGH,visible,True,0.9942,0.9912,0.89,0.9956,,True,0.9871,0.0,True,False,False,False,False,added
car-roundabout,0_1,16,0.967,HIGH,visible,True,0.9947,0.9931,0.9071,0.9759,,True,0.9845,0.0,True,False,False,False,False,paced
car-roundabout,0_1,17,0.9627,HIGH,visible,True,0.9923,0.9912,0.8732,1.0,,True,0.9858,0.0,True,False,False,False,False,paced
car-roundabout,0_1,18,0.9704,HIGH,visible,True,0.9932,0.9969,0.8957,1.0,,True,0.9843,0.0,True,False,False,False,False,paced
car-roundabout,0_1,19,0.9659,HIGH,visible,True,0.9935,0.9925,0.8827,1.0,,True,0.9843,0.0,True,False,False,False,False,paced
car-roundabout,0_1,20,0.9629,HIGH,visible,True,0.9933,0.9978,0.8673,1.0,,True,0.9829,0.0,True,False,False,False,False,evicted
car-roundabout,0_1,21,0.9643,HIGH,visible,True,0.9926,0.9913,0.8788,1.0,,True,0.9838,0.0,True,False,False,False,False,paced
car-roundabout,0_1,22,0.9655,HIGH,visible,True,0.9942,0.9967,0.8768,1.0,,True,0.9834,0.0,True,False,False,False,False,paced
car-roundabout,0_1,23,0.9595,HIGH,visible,True,0.9938,0.996,0.8562,1.0,,True,0.9835,0.0,True,False,False,False,False,paced
car-roundabout,0_1,24,0.9457,HIGH,visible,True,0.9933,0.9939,0.8103,1.0,,True,0.9825,0.0,True,False,False,False,False,paced
car-roundabout,0_1,25,0.9433,HIGH,visible,True,0.9936,0.9887,0.8058,1.0,,True,0.9814,0.0,True,False,False,False,False,evicted
car-roundabout,0_1,26,0.961,HIGH,visible,True,0.993,0.9867,0.8705,1.0,,True,0.9845,0.0,True,False,False,False,False,paced
car-roundabout,0_1,27,0.9633,HIGH,visible,True,0.994,0.9968,0.8693,0.9995,,True,0.9847,0.0,True,False,False,False,False,paced
car-roundabout,0_1,28,0.9647,HIGH,visible,True,0.9936,0.9933,0.8776,1.0,,True,0.9829,0.0,True,False,False,False,False,paced
car-roundabout,0_1,29,0.96,HIGH,visible,True,0.9941,0.9971,0.8566,1.0,,True,0.9852,0.0,True,False,False,False,False,paced
car-roundabout,0_1,30,0.9616,HIGH,visible,True,0.9942,0.997,0.8627,1.0,,True,0.9855,0.0,True,False,False,False,False,merged
car-roundabout,0_1,31,0.9549,HIGH,visible,True,0.9941,0.9911,0.8438,1.0,,True,0.9832,0.0,True,False,False,False,False,paced
car-roundabout,0_1,32,0.9517,HIGH,visible,True,0.9932,0.9963,0.829,1.0,,True,0.9855,0.0,True,False,False,False,False,paced
car-roundabout,0_1,33,0.9504,HIGH,visible,True,0.9937,0.9918,0.8279,1.0,,True,0.9857,0.0,True,False,False,False,False,paced
car-roundabout,0_1,34,0.9403,HIGH,visible,True,0.9909,0.9941,0.7937,1.0,,True,0.9844,0.0,True,False,False,False,False,paced
car-roundabout,0_1,35,0.9415,HIGH,visible,True,0.9933,0.9899,0.799,1.0,,True,0.9848,0.0,True,False,False,False,False,evicted
car-roundabout,0_1,36,0.955,HIGH,visible,True,0.9927,0.9988,0.839,1.0,,True,0.9824,0.0,True,False,False,False,False,paced
car-roundabout,0_1,37,0.9463,HIGH,visible,True,0.9924,0.9918,0.8217,0.9915,,True,0.9841,0.0,True,False,False,False,False,paced
car-roundabout,0_1,38,0.9483,HIGH,visible,True,0.9918,0.9972,0.8244,0.9918,,True,0.9847,0.0,True,False,False,False,False,paced
car-roundabout,0_1,39,0.9306,HIGH,visible,True,0.9924,0.988,0.7918,0.9659,,True,0.9841,0.0,True,False,False,False,False,paced
car-roundabout,0_1,40,0.9222,HIGH,visible,True,0.9905,0.9949,0.734,1.0,,True,0.986,0.0,True,False,False,False,False,evicted
car-roundabout,0_1,41,0.9441,HIGH,visible,True,0.992,0.9965,0.8037,1.0,,True,0.9847,0.0,True,False,False,False,False,paced
car-roundabout,0_1,42,0.9369,HIGH,visible,True,0.9916,0.9946,0.7812,1.0,,True,0.9856,0.0,True,False,False,False,False,paced
car-roundabout,0_1,43,0.9345,HIGH,visible,True,0.9918,0.9974,0.7709,1.0,,True,0.9865,0.0,True,False,False,False,False,paced
car-roundabout,0_1,44,0.9195,MEDIUM,visible,True,0.9916,0.9962,0.7668,0.9436,,True,0.9862,0.0,True,False,False,False,False,paced
car-roundabout,0_1,45,0.9268,HIGH,visible,True,0.9913,0.9932,0.753,0.9953,,True,0.9864,0.0,True,False,False,False,False,evicted
car-roundabout,0_1,46,0.9448,HIGH,visible,True,0.9911,0.9938,0.824,0.9818,,True,0.9869,0.0,True,False,False,False,False,paced
car-roundabout,0_1,47,0.9453,HIGH,visible,True,0.9906,0.9889,0.8232,0.9902,,True,0.9873,0.0,True,False,False,False,False,paced
car-roundabout,0_1,48,0.9381,HIGH,visible,True,0.9911,0.9875,0.8117,0.9747,,True,0.9877,0.0,True,False,False,False,False,paced
car-roundabout,0_1,49,0.9361,HIGH,visible,True,0.9903,0.9888,0.8286,0.9462,,True,0.988,0.0,True,False,False,False,False,paced
car-roundabout,0_1,50,0.9277,HIGH,visible,True,0.9891,0.9898,0.7933,0.9538,,True,0.9887,0.0,True,False,False,False,False,merged
car-roundabout,0_1,51,0.937,HIGH,visible,True,0.9893,0.99,0.8087,0.9732,,True,0.9889,0.0,True,False,False,False,False,paced
car-roundabout,0_1,52,0.9341,HIGH,visible,True,0.9901,0.9974,0.8115,0.95,,True,0.9886,0.0,True,False,False,False,False,paced
car-roundabout,0_1,53,0.9293,HIGH,visible,True,0.9895,0.9893,0.8164,0.9331,,True,0.9894,0.0,True,False,False,False,False,paced
car-roundabout,0_1,54,0.9263,HIGH,visible,True,0.9883,0.9861,0.7992,0.9451,,True,0.9892,0.0,True,False,False,False,False,paced
car-roundabout,0_1,55,0.9238,HIGH,visible,True,0.9887,0.9928,0.792,0.9368,,True,0.988,0.0,True,False,False,False,False,merged
car-roundabout,0_1,56,0.927,HIGH,visible,True,0.9887,0.9893,0.7819,0.9657,,True,0.9878,0.0,True,False,False,False,False,paced
car-roundabout,0_1,57,0.9094,MEDIUM,visible,True,0.9886,0.9874,0.7509,0.933,,True,0.9885,0.0,True,False,False,False,False,paced
car-roundabout,0_1,58,0.9094,MEDIUM,visible,True,0.9878,0.9957,0.7206,0.9651,,True,0.9886,0.0,True,False,False,False,False,paced
car-roundabout,0_1,59,0.8919,MEDIUM,visible,True,0.9874,0.9923,0.6641,0.9728,,True,0.9873,0.0,True,False,False,False,False,paced
car-roundabout,0_1,60,0.8872,MEDIUM,visible,True,0.9863,0.9893,0.6348,1.0,,True,0.9835,0.0,True,False,False,False,False,evicted
car-roundabout,0_1,61,0.9194,MEDIUM,visible,True,0.9877,0.9906,0.7302,1.0,,True,0.9838,0.0,True,False,False,False,False,paced
car-roundabout,0_1,62,0.913,MEDIUM,visible,True,0.9875,0.9865,0.7202,0.9904,,True,0.9843,0.0,True,False,False,False,False,paced
car-roundabout,0_1,63,0.905,MEDIUM,visible,True,0.9875,0.9931,0.6859,0.9972,,True,0.9848,0.0,True,False,False,False,False,paced
car-roundabout,0_1,64,0.9083,MEDIUM,visible,True,0.9866,0.9975,0.7002,0.9878,,True,0.9827,0.0,True,False,False,False,False,paced
car-roundabout,0_1,65,0.9006,MEDIUM,visible,True,0.9858,0.9921,0.68,0.989,,True,0.9836,0.0,True,False,False,False,False,merged
car-roundabout,0_1,66,0.9042,MEDIUM,visible,True,0.9866,0.9846,0.6929,0.993,,True,0.9861,0.0,True,False,False,False,False,paced
car-roundabout,0_1,67,0.897,MEDIUM,visible,True,0.9854,0.9888,0.6723,0.9884,,True,0.9844,0.0,True,False,False,False,False,paced
car-roundabout,0_1,68,0.8976,MEDIUM,visible,True,0.9869,0.9824,0.6718,0.9965,,True,0.9846,0.0,True,False,False,False,False,paced
car-roundabout,0_1,69,0.8835,MEDIUM,visible,True,0.9866,0.9667,0.6626,0.9641,,True,0.9836,0.0,True,False,False,False,False,paced
car-roundabout,0_1,70,0.8922,MEDIUM,visible,True,0.986,0.9767,0.6581,1.0,,True,0.9836,0.0,True,False,False,False,False,merged
car-roundabout,0_1,71,0.8982,MEDIUM,visible,True,0.9853,0.9909,0.6668,1.0,,True,0.9855,0.0,True,False,False,False,False,paced
car-roundabout,0_1,72,0.8955,MEDIUM,visible,True,0.9863,0.9743,0.6724,0.9953,,True,0.9848,0.0,True,False,False,False,False,paced
car-roundabout,0_1,73,0.8954,MEDIUM,visible,True,0.9864,0.9725,0.6702,1.0,,True,0.9848,0.0,True,False,False,False,False,paced
car-shadow,0_1,1,0.9648,HIGH,visible,True,0.9876,0.897,0.9781,1.0,,True,0.9809,0.0,True,False,False,False,False,paced
car-shadow,0_1,2,0.973,HIGH,visible,True,0.9869,0.9282,0.9784,1.0,,True,0.9813,0.0,True,False,False,False,False,paced
car-shadow,0_1,3,0.9771,HIGH,visible,True,0.9867,0.9509,0.9715,1.0,,True,0.9803,0.0,True,False,False,False,False,paced
car-shadow,0_1,4,0.9794,HIGH,visible,True,0.9871,0.983,0.9675,0.9803,,True,0.9824,0.0,True,False,False,False,False,paced
car-shadow,0_1,5,0.9844,HIGH,visible,True,0.9863,0.9932,0.9588,1.0,,True,0.9816,0.0,True,False,False,False,False,added
car-shadow,0_1,6,0.9922,HIGH,visible,True,0.9884,0.995,0.9854,1.0,,True,0.9809,0.0,True,False,False,False,False,paced
car-shadow,0_1,7,0.9873,HIGH,visible,True,0.9858,0.9829,0.9805,1.0,,True,0.9824,0.0,True,False,False,False,False,paced
car-shadow,0_1,8,0.9856,HIGH,visible,True,0.9861,0.9796,0.9768,1.0,,True,0.9823,0.0,True,False,False,False,False,paced
car-shadow,0_1,9,0.9808,HIGH,visible,True,0.9869,0.9873,0.967,0.9821,,True,0.9819,0.0,True,False,False,False,False,paced
car-shadow,0_1,10,0.975,HIGH,visible,True,0.9873,0.9784,0.9661,0.9684,,True,0.982,0.0,True,False,False,False,False,merged
car-shadow,0_1,11,0.9844,HIGH,visible,True,0.9861,0.9784,0.9764,0.997,,True,0.983,0.0,True,False,False,False,False,paced
car-shadow,0_1,12,0.974,HIGH,visible,True,0.9866,0.9723,0.9736,0.9635,,True,0.9809,0.0,True,False,False,False,False,paced
car-shadow,0_1,13,0.9767,HIGH,visible,True,0.987,0.9758,0.9493,0.9952,,True,0.9813,0.0,True,False,False,False,False,paced
car-shadow,0_1,14,0.975,HIGH,visible,True,0.9865,0.9813,0.9476,0.9853,,True,0.9812,0.0,True,False,False,False,False,paced
car-shadow,0_1,15,0.9766,HIGH,visible,True,0.986,0.9835,0.9471,0.9905,,True,0.98,0.0,True,False,False,False,False,merged
car-shadow,0_1,16,0.9789,HIGH,visible,True,0.9868,0.9821,0.9538,0.9933,,True,0.9789,0.0,True,False,False,False,False,paced
car-shadow,0_1,17,0.9815,HIGH,visible,True,0.9855,0.9847,0.9562,1.0,,True,0.9789,0.0,True,False,False,False,False,paced
car-shadow,0_1,18,0.9831,HIGH,visible,True,0.9869,0.9877,0.9581,1.0,,True,0.9782,0.0,True,False,False,False,False,paced
car-shadow,0_1,19,0.9828,HIGH,visible,True,0.9868,0.9911,0.9551,0.9988,,True,0.9782,0.0,True,False,False,False,False,paced
car-shadow,0_1,20,0.9755,HIGH,visible,True,0.9857,0.9869,0.9503,0.9794,,True,0.9769,0.0,True,False,False,False,False,merged
car-shadow,0_1,21,0.976,HIGH,visible,True,0.984,0.9759,0.9628,0.9814,,True,0.9771,0.0,True,False,False,False,False,paced
car-shadow,0_1,22,0.9776,HIGH,visible,True,0.9853,0.9773,0.9563,0.992,,True,0.9726,0.0,True,False,False,False,False,paced
car-shadow,0_1,23,0.9824,HIGH,visible,True,0.9849,0.9904,0.955,1.0,,True,0.9703,0.0,True,False,False,False,False,paced
car-shadow,0_1,24,0.9758,HIGH,visible,True,0.9854,0.9954,0.942,0.9812,,True,0.9707,0.0,True,False,False,False,False,paced
car-shadow,0_1,25,0.9813,HIGH,visible,True,0.9853,0.9978,0.946,0.9971,,True,0.9723,0.0,True,False,False,False,False,merged
car-shadow,0_1,26,0.9732,HIGH,visible,True,0.9846,0.9905,0.9528,0.9655,,True,0.9703,0.0,True,False,False,False,False,paced
car-shadow,0_1,27,0.9757,HIGH,visible,True,0.9834,0.986,0.9451,0.9891,,True,0.9714,0.0,True,False,False,False,False,paced
car-shadow,0_1,28,0.9749,HIGH,visible,True,0.9833,0.9741,0.9431,1.0,,True,0.968,0.0,True,False,False,False,False,paced
car-shadow,0_1,29,0.9759,HIGH,visible,True,0.9828,0.9962,0.9265,1.0,,True,0.9729,0.0,True,False,False,False,False,paced
car-shadow,0_1,30,0.9716,HIGH,visible,True,0.9862,0.9929,0.9176,0.9917,,True,0.9669,0.0,True,False,False,False,False,merged
car-shadow,0_1,31,0.9802,HIGH,visible,True,0.9828,0.9921,0.9491,0.9976,,True,0.969,0.0,True,False,False,False,False,paced
car-shadow,0_1,32,0.9699,HIGH,visible,True,0.9843,0.9909,0.9397,0.9654,,True,0.9707,0.0,True,False,False,False,False,paced
car-shadow,0_1,33,0.9727,HIGH,visible,True,0.9804,0.9906,0.9338,0.9871,,True,0.9697,0.0,True,False,False,False,False,paced
car-shadow,0_1,34,0.9656,HIGH,visible,True,0.9826,0.9796,0.9234,0.978,,True,0.9689,0.0,True,False,False,False,False,paced
car-shadow,0_1,35,0.9643,HIGH,visible,True,0.9827,0.9799,0.898,1.0,,True,0.9646,0.0,True,False,False,False,False,added
car-shadow,0_1,36,0.9741,HIGH,visible,True,0.982,0.9857,0.9301,1.0,,True,0.9663,0.0,True,False,False,False,False,paced
car-shadow,0_1,37,0.9736,HIGH,visible,True,0.9813,0.9836,0.9307,1.0,,True,0.9701,0.0,True,False,False,False,False,paced
car-shadow,0_1,38,0.9712,HIGH,visible,True,0.9817,0.9885,0.9168,1.0,,True,0.9718,0.0,True,False,False,False,False,paced
cows,0_1,1,0.9845,HIGH,visible,True,0.9756,0.9782,0.9893,0.995,0.4673,True,0.9524,0.0,True,False,False,False,False,paced
cows,0_1,2,0.9894,HIGH,visible,True,0.9766,0.9924,0.9885,1.0,0.4795,True,0.9527,0.0,True,False,False,False,False,paced
cows,0_1,3,0.9865,HIGH,visible,True,0.9785,0.9939,0.9862,0.9874,0.4678,True,0.9528,0.0,True,False,False,False,False,paced
cows,0_1,4,0.9885,HIGH,visible,True,0.9813,0.9918,0.981,1.0,0.475,True,0.9523,0.0,True,False,False,False,False,paced
cows,0_1,5,0.9806,HIGH,visible,True,0.985,0.989,0.9631,0.9852,0.4646,True,0.9526,0.0,True,False,False,False,False,added
cows,0_1,6,0.9889,HIGH,visible,True,0.9804,0.9858,0.9894,1.0,0.4815,True,0.9484,0.0,True,False,False,False,False,paced
cows,0_1,7,0.9857,HIGH,visible,True,0.9785,0.9908,0.9847,0.9888,0.4924,True,0.9508,0.0,True,False,False,False,False,paced
cows,0_1,8,0.9849,HIGH,visible,True,0.9825,0.9943,0.9848,0.9781,0.4835,True,0.9514,0.0,True,False,False,False,False,paced
cows,0_1,9,0.9875,HIGH,visible,True,0.9853,0.994,0.9836,0.9871,0.4933,True,0.9502,0.0,True,False,False,False,False,paced
cows,0_1,10,0.9855,HIGH,visible,True,0.9873,0.995,0.9852,0.9744,0.4976,True,0.9502,0.0,True,False,False,False,False,merged
cows,0_1,11,0.9813,HIGH,visible,True,0.9879,0.9833,0.9858,0.9684,0.5018,True,0.9506,0.0,True,False,False,False,False,paced
cows,0_1,12,0.9765,HIGH,visible,True,0.9849,0.9846,0.9823,0.9544,0.4941,True,0.9504,0.0,True,False,False,False,False,paced
cows,0_1,13,0.9754,HIGH,visible,True,0.9854,0.9885,0.9746,0.9535,0.4966,True,0.9464,0.0,True,False,False,False,False,paced
cows,0_1,14,0.9787,HIGH,visible,True,0.9852,0.9859,0.9759,0.9679,0.4918,True,0.9468,0.0,True,False,False,False,False,paced
cows,0_1,15,0.9773,HIGH,visible,True,0.9864,0.9916,0.9773,0.9545,0.4932,True,0.9456,0.0,True,False,False,False,False,merged
cows,0_1,16,0.9796,HIGH,visible,True,0.9804,0.9901,0.9844,0.9635,0.5095,True,0.9465,0.0,True,False,False,False,False,paced
cows,0_1,17,0.9772,HIGH,visible,True,0.9764,0.9943,0.9803,0.9583,0.5209,True,0.9496,0.0,True,False,False,False,False,paced
cows,0_1,18,0.9767,HIGH,visible,True,0.9766,0.9791,0.9791,0.9722,0.5088,True,0.9472,0.0,True,False,False,False,False,paced
cows,0_1,19,0.9791,HIGH,visible,True,0.9786,0.9749,0.9783,0.9847,0.4953,True,0.9491,0.0,True,False,False,False,False,paced
cows,0_1,20,0.9784,HIGH,visible,True,0.9792,0.9861,0.9718,0.9764,0.5063,True,0.948,0.0,True,False,False,False,False,merged
cows,0_1,21,0.9808,HIGH,visible,True,0.9807,0.9861,0.9834,0.973,0.5012,True,0.9496,0.0,True,False,False,False,False,paced
cows,0_1,22,0.9746,HIGH,visible,True,0.9742,0.9678,0.9792,0.9771,0.5129,True,0.9501,0.0,True,False,False,False,False,paced
cows,0_1,23,0.9756,HIGH,visible,True,0.9746,0.9751,0.978,0.9748,0.5093,True,0.9499,0.0,True,False,False,False,False,paced
cows,0_1,24,0.9791,HIGH,visible,True,0.9767,0.9958,0.9708,0.9732,0.5114,True,0.9525,0.0,True,False,False,False,False,paced
cows,0_1,25,0.9767,HIGH,visible,True,0.9746,0.9982,0.9724,0.9619,0.5137,True,0.951,0.0,True,False,False,False,False,merged
cows,0_1,26,0.9762,HIGH,visible,True,0.9705,0.9907,0.9766,0.967,0.5072,True,0.9522,0.0,True,False,False,False,False,paced
cows,0_1,27,0.9736,HIGH,visible,True,0.9706,0.9899,0.9705,0.9636,0.4556,True,0.9539,0.0,True,False,False,False,False,paced
cows,0_1,28,0.9729,HIGH,visible,True,0.97,0.9882,0.9657,0.968,0.4824,True,0.9532,0.0,True,False,False,False,False,paced
cows,0_1,29,0.9741,HIGH,visible,True,0.9738,0.9876,0.9607,0.9747,0.4801,True,0.951,0.0,True,False,False,False,False,paced
cows,0_1,30,0.9745,HIGH,visible,True,0.9769,0.98,0.9649,0.9763,0.4965,True,0.9527,0.0,True,False,False,False,False,merged
cows,0_1,31,0.9785,HIGH,visible,True,0.9777,0.9811,0.9787,0.9764,0.4983,True,0.9529,0.0,True,False,False,False,False,paced
cows,0_1,32,0.9802,HIGH,visible,True,0.9799,0.9898,0.9795,0.9716,0.489,True,0.9515,0.0,True,False,False,False,False,paced
cows,0_1,33,0.9814,HIGH,visible,True,0.9819,0.9908,0.9744,0.9785,0.489,True,0.9504,0.0,True,False,False,False,False,paced
cows,0_1,34,0.9811,HIGH,visible,True,0.9848,0.9949,0.9629,0.982,0.4851,True,0.9512,0.0,True,False,False,False,False,paced
cows,0_1,35,0.9777,HIGH,visible,True,0.9827,0.9948,0.9485,0.9853,0.4834,True,0.9496,0.0,True,False,False,False,False,merged
cows,0_1,36,0.9879,HIGH,visible,True,0.9823,0.9961,0.9733,1.0,0.5003,True,0.9518,0.0,True,False,False,False,False,paced
cows,0_1,37,0.9845,HIGH,visible,True,0.98,0.9946,0.964,1.0,0.4815,True,0.9507,0.0,True,False,False,False,False,paced
cows,0_1,38,0.9731,HIGH,visible,True,0.9779,0.9961,0.9205,1.0,0.4062,True,0.9469,0.0,True,False,False,False,False,paced
cows,0_1,39,0.9785,HIGH,visible,True,0.9778,0.9956,0.9418,1.0,0.4398,True,0.9478,0.0,True,False,False,False,False,paced
cows,0_1,40,0.9759,HIGH,visible,True,0.9739,0.9896,0.9423,0.9988,0.4557,True,0.9518,0.0,True,False,False,False,False,added
cows,0_1,41,0.9723,HIGH,visible,True,0.9706,0.9932,0.957,0.9688,0.4747,True,0.9537,0.0,True,False,False,False,False,paced
cows,0_1,42,0.9727,HIGH,visible,True,0.975,0.9843,0.9367,0.9957,0.4508,True,0.952,0.0,True,False,False,False,False,paced
cows,0_1,43,0.9678,HIGH,visible,True,0.9755,0.9904,0.9311,0.9753,0.4602,True,0.9512,0.0,True,False,False,False,False,paced
cows,0_1,44,0.9676,HIGH,visible,True,0.9752,0.9896,0.9226,0.9844,0.4393,True,0.9508,0.0,True,False,False,False,False,paced
cows,0_1,45,0.9655,HIGH,visible,True,0.9785,0.9879,0.9307,0.9658,0.4588,True,0.9486,0.0,True,False,False,False,False,added
cows,0_1,46,0.9725,HIGH,visible,True,0.9749,0.986,0.9384,0.9916,0.4855,True,0.9469,0.0,True,False,False,False,False,paced
cows,0_1,47,0.9691,HIGH,visible,True,0.977,0.9839,0.9394,0.9769,0.4717,True,0.9479,0.0,True,False,False,False,False,paced
cows,0_1,48,0.9635,HIGH,visible,True,0.9745,0.9797,0.9303,0.9704,0.4306,True,0.9395,0.0,True,False,False,False,False,paced
cows,0_1,49,0.9669,HIGH,visible,True,0.979,0.9921,0.9285,0.9692,0.4415,True,0.9391,0.0,True,False,False,False,False,paced
cows,0_1,50,0.9686,HIGH,visible,True,0.9797,0.9938,0.9407,0.9609,0.4553,True,0.94,0.0,True,False,False,False,False,evicted
cows,0_1,51,0.9715,HIGH,visible,True,0.9822,0.9952,0.9421,0.9675,0.4726,True,0.9402,0.0,True,False,False,False,False,paced
cows,0_1,52,0.9721,HIGH,visible,True,0.9835,0.9925,0.945,0.9683,0.4572,True,0.94,0.0,True,False,False,False,False,paced
cows,0_1,53,0.9753,HIGH,visible,True,0.9799,0.9959,0.9485,0.9776,0.4719,True,0.9424,0.0,True,False,False,False,False,paced
cows,0_1,54,0.9752,HIGH,visible,True,0.9763,0.9936,0.9587,0.9726,0.4875,True,0.9464,0.0,True,False,False,False,False,paced
cows,0_1,55,0.9753,HIGH,visible,True,0.9673,0.9885,0.9531,0.9927,0.4659,True,0.9422,0.0,True,False,False,False,False,evicted
cows,0_1,56,0.9797,HIGH,visible,True,0.9694,0.9932,0.9623,0.9943,0.4819,True,0.9443,0.0,True,False,False,False,False,paced
cows,0_1,57,0.9718,HIGH,visible,True,0.9554,0.9828,0.9499,1.0,0.522,True,0.9402,0.0,True,False,False,False,False,paced
cows,0_1,58,0.9691,HIGH,visible,True,0.9545,0.9745,0.9519,0.9961,0.5133,True,0.9369,0.0,True,False,False,False,False,paced
cows,0_1,59,0.9717,HIGH,visible,True,0.9538,0.9818,0.9519,1.0,0.5457,True,0.9504,0.0,True,False,False,False,False,paced
cows,0_1,60,0.9684,HIGH,visible,True,0.9542,0.9871,0.9415,0.9916,0.5256,True,0.9497,0.0,True,False,False,False,False,evicted
cows,0_1,61,0.9574,HIGH,visible,True,0.9467,0.9586,0.9258,1.0,0.5057,True,0.9398,0.0,True,False,False,False,False,paced
cows,0_1,62,0.9626,HIGH,visible,True,0.954,0.9798,0.9197,0.9989,0.4917,True,0.9478,0.0,True,False,False,False,False,paced
cows,0_1,63,0.9578,HIGH,visible,True,0.9529,0.9696,0.9173,0.9932,0.5102,True,0.9453,0.0,True,False,False,False,False,paced
cows,0_1,64,0.9657,HIGH,visible,True,0.9575,0.9934,0.9145,1.0,0.5027,True,0.9424,0.0,True,False,False,False,False,paced
cows,0_1,65,0.9669,HIGH,visible,True,0.9658,0.9907,0.9156,0.9976,0.4976,True,0.943,0.0,True,False,False,False,False,evicted
cows,0_1,66,0.9723,HIGH,visible,True,0.9679,0.9918,0.9335,0.9972,0.518,True,0.9423,0.0,True,False,False,False,False,paced
cows,0_1,67,0.9719,HIGH,visible,True,0.967,0.9919,0.9309,0.9992,0.4966,True,0.9444,0.0,True,False,False,False,False,paced
cows,0_1,68,0.9719,HIGH,visible,True,0.9737,0.985,0.9332,0.997,0.4987,True,0.9399,0.0,True,False,False,False,False,paced
cows,0_1,69,0.9777,HIGH,visible,True,0.9743,0.9973,0.9403,1.0,0.5179,True,0.9454,0.0,True,False,False,False,False,paced
cows,0_1,70,0.9779,HIGH,visible,True,0.9738,0.9933,0.9454,1.0,0.5161,True,0.9429,0.0,True,False,False,False,False,merged
cows,0_1,71,0.977,HIGH,visible,True,0.9682,0.9933,0.9476,0.9996,0.5337,True,0.9453,0.0,True,False,False,False,False,paced
cows,0_1,72,0.9774,HIGH,visible,True,0.9666,0.9909,0.9527,1.0,0.5304,True,0.9432,0.0,True,False,False,False,False,paced
cows,0_1,73,0.9769,HIGH,visible,True,0.9645,0.9961,0.948,1.0,0.5353,True,0.9412,0.0,True,False,False,False,False,paced
cows,0_1,74,0.9744,HIGH,visible,True,0.9573,0.984,0.9569,1.0,0.5535,True,0.9398,0.0,True,False,False,False,False,paced
cows,0_1,75,0.9729,HIGH,visible,True,0.9579,0.9842,0.9615,0.9883,0.531,True,0.9396,0.0,True,False,False,False,False,merged
cows,0_1,76,0.9679,HIGH,visible,True,0.9608,0.9703,0.9415,1.0,0.4824,True,0.9418,0.0,True,False,False,False,False,paced
cows,0_1,77,0.9709,HIGH,visible,True,0.9721,0.9745,0.9448,0.9927,0.4835,True,0.9457,0.0,True,False,False,False,False,paced
cows,0_1,78,0.9711,HIGH,visible,True,0.974,0.9689,0.9492,0.993,0.505,True,0.9512,0.0,True,False,False,False,False,paced
cows,0_1,79,0.976,HIGH,visible,True,0.9701,0.9824,0.9587,0.993,0.5161,True,0.948,0.0,True,False,False,False,False,paced
cows,0_1,80,0.9758,HIGH,visible,True,0.975,0.9897,0.9616,0.9771,0.5109,True,0.948,0.0,True,False,False,False,False,merged
cows,0_1,81,0.978,HIGH,visible,True,0.9787,0.9906,0.9648,0.9781,0.5088,True,0.9438,0.0,True,False,False,False,False,paced
cows,0_1,82,0.9749,HIGH,visible,True,0.9723,0.9766,0.9586,0.9922,0.5218,True,0.9487,0.0,True,False,False,False,False,paced
cows,0_1,83,0.9783,HIGH,visible,True,0.9757,0.9746,0.9634,1.0,0.5066,True,0.9493,0.0,True,False,False,False,False,paced
cows,0_1,84,0.9647,HIGH,visible,True,0.9714,0.9711,0.9495,0.9671,0.4986,True,0.9493,0.0,True,False,False,False,False,paced
cows,0_1,85,0.9683,HIGH,visible,True,0.9674,0.9858,0.9523,0.9682,0.5057,True,0.9477,0.0,True,False,False,False,False,merged
cows,0_1,86,0.9631,HIGH,visible,True,0.9614,0.9881,0.9462,0.9571,0.4835,True,0.9496,0.0,True,False,False,False,False,paced
cows,0_1,87,0.9667,HIGH,visible,True,0.9618,0.9859,0.947,0.9728,0.4914,True,0.9461,0.0,True,False,False,False,False,paced
cows,0_1,88,0.9669,HIGH,visible,True,0.9684,0.9794,0.9276,0.9936,0.476,True,0.9493,0.0,True,False,False,False,False,paced
cows,0_1,89,0.9596,HIGH,visible,True,0.9682,0.9635,0.9264,0.9809,0.4688,True,0.9518,0.0,True,False,False,False,False,paced
cows,0_1,90,0.954,HIGH,visible,True,0.9588,0.9706,0.9209,0.9665,0.4514,True,0.9394,0.0,True,False,False,False,False,merged
cows,0_1,91,0.9595,HIGH,visible,True,0.9612,0.9862,0.9359,0.9554,0.4673,True,0.9428,0.0,True,False,False,False,False,paced
cows,0_1,92,0.9572,HIGH,visible,True,0.9618,0.9956,0.9117,0.9615,0.4479,True,0.9472,0.0,True,False,False,False,False,paced
cows,0_1,93,0.9617,HIGH,visible,True,0.9616,0.9951,0.9135,0.9786,0.4374,True,0.9509,0.0,True,False,False,False,False,paced
cows,0_1,94,0.9598,HIGH,visible,True,0.964,0.9871,0.9251,0.9639,0.4363,True,0.9535,0.0,True,False,False,False,False,paced
cows,0_1,95,0.9566,HIGH,visible,True,0.962,0.9887,0.9176,0.9595,0.4417,True,0.9441,0.0,True,False,False,False,False,evicted
cows,0_1,96,0.9595,HIGH,visible,True,0.9661,0.9885,0.936,0.9482,0.4328,True,0.9437,0.0,True,False,False,False,False,paced
cows,0_1,97,0.9636,HIGH,visible,True,0.9708,0.9893,0.9157,0.9803,0.3947,True,0.9544,0.0,True,False,False,False,False,paced
cows,0_1,98,0.9558,HIGH,visible,True,0.9693,0.9875,0.9019,0.9669,0.4041,True,0.9538,0.0,True,False,False,False,False,paced
cows,0_1,99,0.9612,HIGH,visible,True,0.9602,0.9855,0.9049,0.9967,0.4059,True,0.9485,0.0,True,False,False,False,False,paced
cows,0_1,100,0.952,HIGH,visible,True,0.9567,0.9685,0.8956,0.9897,0.3837,True,0.9623,0.0,True,False,False,False,False,evicted
cows,0_1,101,0.9643,HIGH,visible,True,0.9645,0.9777,0.9304,0.9854,0.4307,True,0.9707,0.0,True,False,False,False,False,paced
cows,0_1,102,0.9697,HIGH,visible,True,0.9695,0.9906,0.9404,0.9788,0.4557,True,0.9677,0.0,True,False,False,False,False,paced
dance-twirl,0_1,1,0.9396,HIGH,visible,True,0.9354,0.9004,0.9381,0.9865,0.7287,True,0.8963,0.0,True,False,False,False,False,paced
dance-twirl,0_1,2,0.9454,HIGH,visible,True,0.9226,0.9478,0.9136,1.0,0.679,True,0.8968,0.0,True,False,False,False,False,paced
dance-twirl,0_1,3,0.9295,HIGH,visible,True,0.922,0.964,0.84,1.0,0.6691,True,0.9034,0.0,True,False,False,False,False,paced
dance-twirl,0_1,4,0.9344,HIGH,visible,True,0.9196,0.9909,0.8367,1.0,0.6512,True,0.9019,0.0,True,False,False,False,False,paced
dance-twirl,0_1,5,0.9392,HIGH,visible,True,0.9337,0.9744,0.8554,1.0,0.6652,True,0.8993,0.0,True,False,False,False,False,added
dance-twirl,0_1,6,0.9378,HIGH,visible,True,0.9268,0.9594,0.8901,0.9773,0.6912,True,0.9212,0.0,True,False,False,False,False,paced
dance-twirl,0_1,7,0.9342,HIGH,visible,True,0.9292,0.9428,0.8694,1.0,0.6917,True,0.9054,0.0,True,False,False,False,False,paced
dance-twirl,0_1,8,0.8935,MEDIUM,visible,True,0.9278,0.8866,0.775,1.0,0.6061,True,0.9271,0.0,True,False,False,False,False,paced
dance-twirl,0_1,9,0.8676,MEDIUM,visible,True,0.9112,0.8778,0.8018,0.8832,0.6313,True,0.9132,0.0,True,False,False,False,False,paced
dance-twirl,0_1,10,0.9132,MEDIUM,visible,True,0.9131,0.9612,0.8074,0.9816,0.6341,True,0.9403,0.0,True,False,False,False,False,added
dance-twirl,0_1,11,0.9268,HIGH,visible,True,0.9109,0.9467,0.8557,1.0,0.6623,True,0.9407,0.0,True,False,False,False,False,paced
dance-twirl,0_1,12,0.9006,MEDIUM,visible,True,0.8981,0.9161,0.8,0.9996,0.5929,True,0.9519,0.0,True,False,False,False,False,paced
dance-twirl,0_1,13,0.9187,MEDIUM,visible,True,0.8993,0.9372,0.849,0.9957,0.5967,True,0.9388,0.0,True,False,False,False,False,paced
dance-twirl,0_1,14,0.9143,MEDIUM,visible,True,0.9074,0.9415,0.8179,1.0,0.5884,True,0.9407,0.0,True,False,False,False,False,paced
dance-twirl,0_1,15,0.9235,HIGH,visible,True,0.9236,0.9812,0.8288,0.9684,0.5728,True,0.9271,0.0,True,False,False,False,False,added
dance-twirl,0_1,16,0.9211,HIGH,visible,True,0.9085,0.932,0.8641,0.9841,0.5669,True,0.9185,0.0,True,False,False,False,False,paced
dance-twirl,0_1,17,0.9283,HIGH,visible,True,0.9198,0.9194,0.885,0.9923,0.6164,True,0.942,0.0,True,False,False,False,False,paced
dance-twirl,0_1,18,0.9509,HIGH,visible,True,0.929,0.9771,0.908,0.9919,0.6662,True,0.9162,0.0,True,False,False,False,False,paced
dance-twirl,0_1,19,0.9309,HIGH,visible,True,0.9318,0.9609,0.8521,0.9843,0.6187,True,0.9333,0.0,True,False,False,False,False,paced
dance-twirl,0_1,20,0.9155,MEDIUM,visible,True,0.9136,0.8902,0.8986,0.9612,0.6642,True,0.9186,0.0,True,False,False,False,False,evicted
dance-twirl,0_1,21,0.9109,MEDIUM,visible,True,0.9064,0.895,0.8983,0.9447,0.6384,True,0.9051,0.0,True,False,False,False,False,paced
dance-twirl,0_1,22,0.9298,HIGH,visible,True,0.8873,0.9897,0.8735,0.9745,0.6136,True,0.9076,0.0,True,False,False,False,False,paced
dance-twirl,0_1,23,0.8858,MEDIUM,visible,True,0.8588,0.848,0.8807,0.9598,0.6387,True,0.878,0.0,True,False,False,False,False,paced
dance-twirl,0_1,24,0.8615,MEDIUM,visible,True,0.8264,0.7868,0.8913,0.9504,0.6947,True,0.8535,0.0,True,False,False,False,False,paced
dance-twirl,0_1,25,0.9071,MEDIUM,visible,True,0.856,0.9272,0.8697,0.9811,0.64,True,0.8843,0.0,True,False,False,False,False,evicted
dance-twirl,0_1,26,0.8996,MEDIUM,visible,True,0.8866,0.8924,0.8763,0.9446,0.6247,True,0.9173,0.0,True,False,False,False,False,paced
dance-twirl,0_1,27,0.9125,MEDIUM,visible,True,0.9074,0.948,0.8808,0.9151,0.6424,True,0.929,0.0,True,False,False,False,False,paced
dance-twirl,0_1,28,0.9237,HIGH,visible,True,0.9069,0.9441,0.8691,0.9781,0.6045,True,0.9251,0.0,True,False,False,False,False,paced
dance-twirl,0_1,29,0.8876,MEDIUM,visible,True,0.9069,0.9057,0.7849,0.9628,0.536,True,0.9286,0.0,True,False,False,False,False,paced
dance-twirl,0_1,30,0.8886,MEDIUM,visible,True,0.9097,0.968,0.7522,0.9415,0.513,True,0.9177,0.0,True,False,False,False,False,evicted
dance-twirl,0_1,31,0.9033,MEDIUM,visible,True,0.9137,0.9421,0.7961,0.9715,0.5868,True,0.9123,0.0,True,False,False,False,False,paced
dance-twirl,0_1,32,0.8563,MEDIUM,visible,True,0.8873,0.8884,0.7667,0.8895,0.5761,True,0.887,0.0,True,False,False,False,False,paced
dance-twirl,0_1,33,0.8559,MEDIUM,visible,True,0.8708,0.9224,0.7158,0.9336,0.4848,True,0.9157,0.0,True,False,False,False,False,paced
dance-twirl,0_1,34,0.8794,MEDIUM,visible,True,0.8643,0.9451,0.7931,0.9234,0.6095,True,0.8939,0.0,True,False,False,False,False,paced
dance-twirl,0_1,35,0.8868,MEDIUM,visible,True,0.8656,0.9403,0.7664,0.9916,0.6279,True,0.8269,0.0,True,False,False,False,False,evicted
dance-twirl,0_1,36,0.8554,MEDIUM,visible,True,0.882,0.9211,0.7073,0.9318,0.6176,True,0.8047,0.0,True,False,False,False,False,paced
dance-twirl,0_1,37,0.8568,MEDIUM,visible,True,0.8801,0.9079,0.753,0.8958,0.6339,True,0.7641,0.0,True,False,False,False,False,paced
dance-twirl,0_1,38,0.833,MEDIUM,visible,True,0.8589,0.8686,0.6733,0.9588,0.5738,True,0.8688,0.0,True,False,False,False,False,paced
dance-twirl,0_1,39,0.8699,MEDIUM,visible,True,0.8646,0.8865,0.7659,0.9756,0.5896,True,0.8742,0.0,True,False,False,False,False,paced
dance-twirl,0_1,40,0.8971,MEDIUM,visible,True,0.8808,0.9377,0.823,0.9528,0.5703,True,0.8369,0.0,True,False,False,False,False,evicted
dance-twirl,0_1,41,0.9123,MEDIUM,visible,True,0.8917,0.9392,0.8654,0.9556,0.6166,True,0.8349,0.0,True,False,False,False,False,paced
dance-twirl,0_1,42,0.9188,MEDIUM,visible,True,0.9208,0.9618,0.8396,0.9584,0.5883,True,0.8404,0.0,True,False,False,False,False,paced
dance-twirl,0_1,43,0.9037,MEDIUM,visible,True,0.9179,0.9252,0.8281,0.9486,0.5579,True,0.8243,0.0,True,False,False,False,False,paced
dance-twirl,0_1,44,0.9287,HIGH,visible,True,0.8967,0.9711,0.8599,0.9935,0.5704,True,0.8991,0.0,True,False,False,False,False,paced
dance-twirl,0_1,45,0.9263,HIGH,visible,True,0.9037,0.9724,0.8536,0.9816,0.5766,True,0.9356,0.0,True,False,False,False,False,evicted
dance-twirl,0_1,46,0.9165,MEDIUM,visible,True,0.897,0.9528,0.8399,0.983,0.6203,True,0.9255,0.0,True,False,False,False,False,paced
dance-twirl,0_1,47,0.9057,MEDIUM,visible,True,0.9003,0.9595,0.8393,0.928,0.5759,True,0.9205,0.0,True,False,False,False,False,paced
dance-twirl,0_1,48,0.9112,MEDIUM,visible,True,0.9133,0.9535,0.8234,0.9614,0.5579,True,0.9123,0.0,True,False,False,False,False,paced
dance-twirl,0_1,49,0.9238,HIGH,visible,True,0.9222,0.9132,0.8648,1.0,0.5879,True,0.8499,0.0,True,False,False,False,False,paced
dance-twirl,0_1,50,0.9022,MEDIUM,visible,True,0.9051,0.8586,0.8527,1.0,0.5439,True,0.9319,0.0,True,False,False,False,False,evicted
dance-twirl,0_1,51,0.9147,MEDIUM,visible,True,0.9481,0.95,0.8468,0.9178,0.536,True,0.9386,0.0,True,False,False,False,False,paced
dance-twirl,0_1,52,0.9343,HIGH,visible,True,0.9476,0.9693,0.8331,0.9957,0.5423,True,0.9259,0.0,True,False,False,False,False,paced
dance-twirl,0_1,53,0.9098,MEDIUM,visible,True,0.9378,0.9861,0.741,1.0,0.4553,True,0.9276,0.0,True,False,False,False,False,paced
dance-twirl,0_1,54,0.9204,HIGH,visible,True,0.9352,0.9638,0.7963,1.0,0.4686,True,0.9463,0.0,True,False,False,False,False,paced
dance-twirl,0_1,55,0.9258,HIGH,visible,True,0.9445,0.9717,0.8004,1.0,0.4819,True,0.9423,0.0,True,False,False,False,False,evicted
dance-twirl,0_1,56,0.9305,HIGH,visible,True,0.9441,0.9579,0.8291,1.0,0.5512,True,0.9405,0.0,True,False,False,False,False,paced
dance-twirl,0_1,57,0.9258,HIGH,visible,True,0.9416,0.9507,0.8206,1.0,0.5178,True,0.9446,0.0,True,False,False,False,False,paced
dance-twirl,0_1,58,0.906,MEDIUM,visible,True,0.9433,0.9351,0.7639,1.0,0.4896,True,0.9502,0.0,True,False,False,False,False,paced
dance-twirl,0_1,59,0.8973,MEDIUM,visible,True,0.9472,0.9324,0.7341,1.0,0.4829,True,0.9584,0.0,True,False,False,False,False,paced
dance-twirl,0_1,60,0.9069,MEDIUM,visible,True,0.9445,0.9461,0.757,1.0,0.4926,True,0.9596,0.0,True,False,False,False,False,evicted
dance-twirl,0_1,61,0.9326,HIGH,visible,True,0.9488,0.9772,0.816,1.0,0.5181,True,0.9603,0.0,True,False,False,False,False,paced
dance-twirl,0_1,62,0.9174,MEDIUM,visible,True,0.9164,0.9269,0.8338,1.0,0.517,True,0.9462,0.0,True,False,False,False,False,paced
dance-twirl,0_1,63,0.9288,HIGH,visible,True,0.9139,0.987,0.825,1.0,0.4936,True,0.9375,0.0,True,False,False,False,False,paced
dance-twirl,0_1,64,0.9315,HIGH,visible,True,0.9181,0.9759,0.8401,1.0,0.4719,True,0.944,0.0,True,False,False,False,False,paced
dance-twirl,0_1,65,0.9336,HIGH,visible,True,0.9245,0.9867,0.8329,1.0,0.4663,True,0.9345,0.0,True,False,False,False,False,evicted
dance-twirl,0_1,66,0.9276,HIGH,visible,True,0.9243,0.9762,0.8204,1.0,0.5088,True,0.9542,0.0,True,False,False,False,False,paced
dance-twirl,0_1,67,0.914,MEDIUM,visible,True,0.934,0.9389,0.796,1.0,0.4864,True,0.9504,0.0,True,False,False,False,False,paced
dance-twirl,0_1,68,0.9208,HIGH,visible,True,0.9419,0.9317,0.8275,0.9901,0.4871,True,0.9518,0.0,True,False,False,False,False,paced
dance-twirl,0_1,69,0.9116,MEDIUM,visible,True,0.9451,0.9557,0.8163,0.9368,0.5117,True,0.9553,0.0,True,False,False,False,False,paced
dance-twirl,0_1,70,0.9191,MEDIUM,visible,True,0.9467,0.974,0.7739,1.0,0.4785,True,0.9655,0.0,True,False,False,False,False,evicted
dance-twirl,0_1,71,0.932,HIGH,visible,True,0.9498,0.9721,0.817,1.0,0.5499,True,0.9634,0.0,True,False,False,False,False,paced
dance-twirl,0_1,72,0.917,MEDIUM,visible,True,0.9517,0.9617,0.7724,1.0,0.6276,True,0.9597,0.0,True,False,False,False,False,paced
dance-twirl,0_1,73,0.9319,HIGH,visible,True,0.9499,0.9925,0.8001,1.0,0.6413,True,0.9584,0.0,True,False,False,False,False,paced
dance-twirl,0_1,74,0.9182,MEDIUM,visible,True,0.9567,0.9751,0.7619,1.0,0.6307,True,0.9627,0.0,True,False,False,False,False,paced
dance-twirl,0_1,75,0.9248,HIGH,visible,True,0.9608,0.9653,0.7888,1.0,0.6237,True,0.9657,0.0,True,False,False,False,False,evicted
dance-twirl,0_1,76,0.9298,HIGH,visible,True,0.9609,0.9822,0.792,1.0,0.5977,True,0.9689,0.0,True,False,False,False,False,paced
dance-twirl,0_1,77,0.9097,MEDIUM,visible,True,0.966,0.963,0.8112,0.9077,0.5768,True,0.9694,0.0,True,False,False,False,False,paced
dance-twirl,0_1,78,0.9308,HIGH,visible,True,0.9647,0.9856,0.8027,0.9834,0.5301,True,0.9669,0.0,True,False,False,False,False,paced
dance-twirl,0_1,79,0.9121,MEDIUM,visible,True,0.9676,0.9503,0.817,0.9212,0.5105,True,0.9669,0.0,True,False,False,False,False,paced
dance-twirl,0_1,80,0.9346,HIGH,visible,True,0.9679,0.971,0.8118,1.0,0.4722,True,0.9726,0.0,True,False,False,False,False,evicted
dance-twirl,0_1,81,0.9439,HIGH,visible,True,0.9674,0.9864,0.8319,1.0,0.4787,True,0.9705,0.0,True,False,False,False,False,paced
dance-twirl,0_1,82,0.9408,HIGH,visible,True,0.9671,0.9956,0.8137,1.0,0.4507,True,0.968,0.0,True,False,False,False,False,paced
dance-twirl,0_1,83,0.9409,HIGH,visible,True,0.9721,0.9956,0.8099,1.0,0.4643,True,0.9657,0.0,True,False,False,False,False,paced
dance-twirl,0_1,84,0.9337,HIGH,visible,True,0.9661,0.9697,0.8114,1.0,0.4228,True,0.9563,0.0,True,False,False,False,False,paced
dance-twirl,0_1,85,0.93,HIGH,visible,True,0.9641,0.979,0.7926,1.0,0.3987,True,0.952,0.0,True,False,False,False,False,evicted
dance-twirl,0_1,86,0.9388,HIGH,visible,True,0.9601,0.9769,0.8281,1.0,0.4116,True,0.9491,0.0,True,False,False,False,False,paced
dance-twirl,0_1,87,0.9373,HIGH,visible,True,0.9539,0.976,0.8288,1.0,0.3647,True,0.9393,0.0,True,False,False,False,False,paced
dance-twirl,0_1,88,0.9268,HIGH,visible,True,0.9408,0.9697,0.8086,1.0,0.364,True,0.9398,0.0,True,False,False,False,False,paced
dog,0_1,1,0.9568,HIGH,visible,True,0.9627,0.9197,0.9465,1.0,0.3254,True,0.9383,0.0,True,False,False,False,False,paced
dog,0_1,2,0.9428,HIGH,visible,True,0.9551,0.9412,0.8922,0.9849,0.2595,True,0.9506,0.0,True,False,False,False,False,paced
dog,0_1,3,0.8992,MEDIUM,visible,True,0.948,0.8727,0.8582,0.921,0.2197,True,0.95,0.0,True,False,False,False,False,paced
dog,0_1,4,0.9098,MEDIUM,visible,True,0.9625,0.8839,0.8146,0.9887,0.1767,True,0.9553,0.0,True,False,False,False,False,paced
dog,0_1,5,0.9239,HIGH,visible,True,0.9593,0.9457,0.803,1.0,0.1622,True,0.9586,0.0,True,False,False,False,False,added
dog,0_1,6,0.939,HIGH,visible,True,0.9403,0.9699,0.8523,1.0,0.1485,True,0.9502,0.0,True,False,False,False,False,paced
dog,0_1,7,0.9215,HIGH,visible,True,0.9228,0.921,0.8484,1.0,0.2137,True,0.9564,0.0,True,False,False,False,False,paced
dog,0_1,8,0.9332,HIGH,visible,True,0.9421,0.9547,0.8431,1.0,0.1412,True,0.9586,0.0,True,False,False,False,False,paced
dog,0_1,9,0.9339,HIGH,visible,True,0.9349,0.9537,0.8532,1.0,0.1194,True,0.9642,0.0,True,False,False,False,False,paced
dog,0_1,10,0.9289,HIGH,visible,True,0.9445,0.9594,0.8258,0.9948,0.1558,True,0.9617,0.0,True,False,False,False,False,added
dog,0_1,11,0.9436,HIGH,visible,True,0.9526,0.9598,0.8828,0.9821,0.2455,True,0.9616,0.0,True,False,False,False,False,paced
dog,0_1,12,0.9286,HIGH,visible,True,0.957,0.9405,0.843,0.9801,0.1973,True,0.9573,0.0,True,False,False,False,False,paced
dog,0_1,13,0.906,MEDIUM,visible,True,0.9551,0.8927,0.8145,0.9702,0.2729,True,0.9544,0.0,True,False,False,False,False,paced
dog,0_1,14,0.8764,MEDIUM,visible,True,0.9544,0.8418,0.7737,0.9491,0.2989,True,0.9516,0.0,True,False,False,False,False,paced
dog,0_1,15,0.8912,MEDIUM,visible,True,0.9587,0.8911,0.7706,0.9584,0.2755,True,0.967,0.0,True,False,False,False,False,added
dog,0_1,16,0.9279,HIGH,visible,True,0.9486,0.9693,0.8154,0.9886,0.183,True,0.9654,0.0,True,False,False,False,False,paced
dog,0_1,17,0.9165,MEDIUM,visible,True,0.9476,0.9362,0.7953,1.0,0.1576,True,0.9671,0.0,True,False,False,False,False,paced
dog,0_1,18,0.9183,MEDIUM,visible,True,0.9546,0.9395,0.8015,0.9892,0.1728,True,0.9686,0.0,True,False,False,False,False,paced
dog,0_1,19,0.904,MEDIUM,visible,True,0.955,0.9544,0.7655,0.957,0.1372,True,0.973,0.0,True,False,False,False,False,paced
dog,0_1,20,0.8994,MEDIUM,visible,True,0.9486,0.9396,0.7457,0.9844,0.2469,True,0.9674,0.0,True,False,False,False,False,evicted
dog,0_1,21,0.8719,MEDIUM,visible,True,0.9691,0.8357,0.7828,0.9115,0.363,True,0.9609,0.0,True,False,False,False,False,paced
dog,0_1,22,0.8735,MEDIUM,visible,True,0.9686,0.8701,0.7415,0.9314,0.3404,True,0.9734,0.0,True,False,False,False,False,paced
dog,0_1,23,0.7863,LOW,visible,True,0.9676,0.8426,0.5562,0.8431,0.2815,True,0.9627,0.0,True,False,False,False,False,paced
dog,0_1,24,0.7191,LOW,visible,True,0.9726,0.8327,0.3787,0.872,0.2343,True,0.961,0.0,True,False,False,False,False,low_similarity
dog,0_1,25,0.8558,MEDIUM,visible,True,0.9725,0.9232,0.6432,0.9288,0.3041,True,0.9586,0.0,True,False,False,False,False,evicted
dog,0_1,26,0.9139,MEDIUM,visible,True,0.9705,0.9267,0.8422,0.9208,0.3683,True,0.9728,0.0,True,False,False,False,False,paced
dog,0_1,27,0.8989,MEDIUM,visible,True,0.956,0.8515,0.8154,0.9834,0.3193,True,0.9731,0.0,True,False,False,False,False,paced
dog,0_1,28,0.9028,MEDIUM,visible,True,0.9416,0.8876,0.7947,1.0,0.2637,True,0.9681,0.0,True,False,False,False,False,paced
dog,0_1,29,0.9126,MEDIUM,visible,True,0.9462,0.9395,0.7801,1.0,0.1946,True,0.9652,0.0,True,False,False,False,False,paced
dog,0_1,30,0.8953,MEDIUM,visible,True,0.9491,0.9166,0.7426,0.9947,0.2468,True,0.9625,0.0,True,False,False,False,False,evicted
dog,0_1,31,0.9159,MEDIUM,visible,True,0.9595,0.9491,0.7873,0.9814,0.285,True,0.9649,0.0,True,False,False,False,False,paced
dog,0_1,32,0.9223,HIGH,visible,True,0.9559,0.9587,0.8162,0.9673,0.2703,True,0.9691,0.0,True,False,False,False,False,paced
dog,0_1,33,0.9243,HIGH,visible,True,0.9556,0.9415,0.811,1.0,0.1597,True,0.9701,0.0,True,False,False,False,False,paced
dog,0_1,34,0.9164,MEDIUM,visible,True,0.9519,0.9001,0.8233,1.0,0.1721,True,0.9641,0.0,True,False,False,False,False,paced
dog,0_1,35,0.9053,MEDIUM,visible,True,0.9543,0.9094,0.7956,0.9727,0.1806,True,0.9721,0.0,True,False,False,False,False,evicted
dog,0_1,36,0.9171,MEDIUM,visible,True,0.949,0.8723,0.8547,1.0,0.2538,True,0.9636,0.0,True,False,False,False,False,paced
dog,0_1,37,0.9142,MEDIUM,visible,True,0.9528,0.8391,0.8739,1.0,0.2664,True,0.962,0.0,True,False,False,False,False,paced
dog,0_1,38,0.9187,MEDIUM,visible,True,0.95,0.9416,0.8578,0.9283,0.2556,True,0.963,0.0,True,False,False,False,False,paced
dog,0_1,39,0.9192,MEDIUM,visible,True,0.9601,0.9066,0.8456,0.97,0.2188,True,0.9571,0.0,True,False,False,False,False,paced
dog,0_1,40,0.9293,HIGH,visible,True,0.9628,0.9316,0.8399,0.9901,0.1641,True,0.9676,0.0,True,False,False,False,False,evicted
dog,0_1,41,0.9327,HIGH,visible,True,0.9628,0.9226,0.8987,0.948,0.242,True,0.9699,0.0,True,False,False,False,False,paced
dog,0_1,42,0.9237,HIGH,visible,True,0.9653,0.9161,0.8719,0.9444,0.2209,True,0.9706,0.0,True,False,False,False,False,paced
dog,0_1,43,0.9365,HIGH,visible,True,0.9612,0.9306,0.8598,1.0,0.1939,True,0.9719,0.0,True,False,False,False,False,paced
dog,0_1,44,0.9338,HIGH,visible,True,0.9572,0.9613,0.8262,1.0,0.1895,True,0.966,0.0,True,False,False,False,False,paced
dog,0_1,45,0.9475,HIGH,visible,True,0.9512,0.9806,0.8641,1.0,0.2185,True,0.9649,0.0,True,False,False,False,False,evicted
dog,0_1,46,0.9112,MEDIUM,visible,True,0.9489,0.9306,0.7806,1.0,0.2255,True,0.95,0.0,True,False,False,False,False,paced
dog,0_1,47,0.883,MEDIUM,visible,True,0.9433,0.884,0.7289,1.0,0.2607,True,0.9591,0.0,True,False,False,False,False,paced
dog,0_1,48,0.9066,MEDIUM,visible,True,0.9505,0.8814,0.8142,0.9906,0.2485,True,0.9507,0.0,True,False,False,False,False,paced
dog,0_1,49,0.9284,HIGH,visible,True,0.9559,0.9192,0.8521,0.9924,0.2144,True,0.9571,0.0,True,False,False,False,False,paced
dog,0_1,50,0.9187,MEDIUM,visible,True,0.9593,0.8814,0.8641,0.975,0.2654,True,0.9594,0.0,True,False,False,False,False,evicted
dog,0_1,51,0.9017,MEDIUM,visible,True,0.9536,0.8138,0.8539,0.9975,0.3143,True,0.9658,0.0,True,False,False,False,False,paced
dog,0_1,52,0.9158,MEDIUM,visible,True,0.9488,0.8663,0.8862,0.9658,0.2683,True,0.9681,0.0,True,False,False,False,False,paced
dog,0_1,53,0.9336,HIGH,visible,True,0.9538,0.9352,0.8757,0.9725,0.2739,True,0.9711,0.0,True,False,False,False,False,paced
dog,0_1,54,0.9259,HIGH,visible,True,0.9523,0.9146,0.8741,0.9653,0.2514,True,0.9682,0.0,True,False,False,False,False,paced
dog,0_1,55,0.9276,HIGH,visible,True,0.9568,0.965,0.8482,0.9453,0.2497,True,0.9734,0.0,True,False,False,False,False,evicted
dog,0_1,56,0.9158,MEDIUM,visible,True,0.9591,0.9136,0.8348,0.9617,0.2958,True,0.9738,0.0,True,False,False,False,False,paced
dog,0_1,57,0.887,MEDIUM,visible,True,0.9554,0.8729,0.7946,0.934,0.3193,True,0.9702,0.0,True,False,False,False,False,paced
dog,0_1,58,0.9067,MEDIUM,visible,True,0.9549,0.9011,0.8158,0.9628,0.316,True,0.9704,0.0,True,False,False,False,False,paced
dogs-jump,0_3,1,0.9478,HIGH,visible,True,0.9696,0.9905,0.9198,0.9135,0.3669,True,0.9511,0.0002,True,False,False,False,False,paced
dogs-jump,0_3,2,0.9561,HIGH,visible,True,0.9781,0.9803,0.9288,0.9381,0.3781,True,0.9502,0.0002,True,False,False,False,False,paced
dogs-jump,0_3,3,0.9427,HIGH,visible,True,0.9765,0.9686,0.9323,0.8956,0.3856,True,0.9507,0.0,True,False,False,False,False,paced
dogs-jump,0_3,4,0.9518,HIGH,visible,True,0.9855,0.9854,0.9168,0.9218,0.3653,True,0.9512,0.0001,True,False,False,False,False,paced
dogs-jump,0_3,5,0.9408,HIGH,visible,True,0.9767,0.9793,0.9104,0.8996,0.3729,True,0.9479,0.0001,True,False,False,False,False,added
dogs-jump,0_3,6,0.894,MEDIUM,visible,True,0.9322,0.9227,0.8669,0.8568,0.3977,True,0.9383,0.0018,True,False,False,False,False,paced
dogs-jump,0_3,7,0.7311,LOW,visible,True,0.8222,0.7362,0.5984,0.7887,0.3263,True,0.8812,0.0059,True,False,False,False,False,paced
dogs-jump,0_3,8,0.5468,LOW,visible,True,0.7247,0.5315,0.3239,0.7166,0.1872,True,0.867,0.0014,True,False,False,False,False,low_similarity
dogs-jump,0_3,9,0.5022,LOW,visible,True,0.7434,0.4019,0.2907,0.7323,0.1208,True,0.8985,0.0029,True,False,False,False,False,low_similarity
dogs-jump,0_3,10,0.4646,LOW,visible,True,0.6656,0.1794,0.5492,0.7105,0.3036,True,0.8853,0.0018,True,False,False,False,False,added
dogs-jump,0_3,11,0.8357,MEDIUM,visible,True,0.7773,0.9358,0.6705,1.0,0.313,True,0.9229,0.0017,True,False,False,False,False,paced
dogs-jump,0_3,12,0.7258,LOW,visible,True,0.8725,0.9503,0.373,0.8975,0.2454,True,0.8721,0.0109,True,False,False,False,False,low_similarity
dogs-jump,0_3,13,0.7115,LOW,visible,True,0.7935,0.4036,0.8004,1.0,0.3441,True,0.8584,0.0176,True,False,False,False,False,paced
dogs-jump,0_3,14,0.8652,MEDIUM,visible,True,0.8735,0.7976,0.9035,0.8902,0.3421,True,0.9384,0.003,True,False,False,False,False,paced
dogs-jump,0_3,15,0.9123,MEDIUM,visible,True,0.9381,0.938,0.8996,0.875,0.319,True,0.9622,0.0,True,False,False,False,False,added
dogs-jump,0_3,16,0.9494,HIGH,visible,True,0.9841,0.9543,0.9341,0.926,0.3766,True,0.9658,0.0,True,False,False,False,False,paced
dogs-jump,0_3,17,0.9426,HIGH,visible,True,0.988,0.9556,0.932,0.8972,0.3643,True,0.9625,0.0004,True,False,False,False,False,paced
dogs-jump,0_3,18,0.9599,HIGH,visible,True,0.9858,0.96,0.9335,0.9609,0.3646,True,0.9626,0.0016,True,False,False,False,False,paced
dogs-jump,0_3,19,0.9634,HIGH,visible,True,0.9863,0.9698,0.9288,0.9697,0.3698,True,0.9602,0.0008,True,False,False,False,False,paced
dogs-jump,0_3,20,0.9533,HIGH,visible,True,0.9854,0.9766,0.9084,0.9447,0.3594,True,0.9589,0.0,True,False,False,False,False,evicted
dogs-jump,0_3,21,0.9669,HIGH,visible,True,0.9885,0.9777,0.9407,0.9613,0.363,True,0.9614,0.0,True,False,False,False,False,paced
dogs-jump,0_3,22,0.9698,HIGH,visible,True,0.9874,0.9752,0.9439,0.9731,0.3559,True,0.9569,0.0,True,False,False,False,False,paced
dogs-jump,0_3,23,0.9665,HIGH,visible,True,0.9849,0.9835,0.9286,0.9699,0.3083,True,0.956,0.0,True,False,False,False,False,paced
dogs-jump,0_3,24,0.9697,HIGH,visible,True,0.9808,0.9861,0.9372,0.9753,0.3592,True,0.9543,0.0,True,False,False,False,False,paced
dogs-jump,0_3,25,0.9634,HIGH,visible,True,0.9787,0.9813,0.9366,0.9578,0.3585,True,0.9541,0.0,True,False,False,False,False,evicted
dogs-jump,0_3,26,0.9607,HIGH,visible,True,0.973,0.9749,0.9478,0.9476,0.3791,True,0.9559,0.0,True,False,False,False,False,paced
dogs-jump,0_3,27,0.9587,HIGH,visible,True,0.9649,0.9729,0.9269,0.9708,0.3624,True,0.9534,0.0,True,False,False,False,False,paced
dogs-jump,0_3,28,0.9557,HIGH,visible,True,0.9625,0.9861,0.9025,0.9738,0.3069,True,0.9538,0.0,True,False,False,False,False,paced
dogs-jump,0_3,29,0.9573,HIGH,visible,True,0.9768,0.988,0.8875,0.9805,0.2988,True,0.9515,0.0,True,False,False,False,False,paced
dogs-jump,0_3,30,0.948,HIGH,visible,True,0.98,0.9592,0.9075,0.9467,0.3372,True,0.9525,0.0,True,False,False,False,False,evicted
dogs-jump,0_3,31,0.9514,HIGH,visible,True,0.9703,0.9478,0.952,0.9359,0.3746,True,0.9515,0.0,True,False,False,False,False,paced
dogs-jump,0_3,32,0.9705,HIGH,visible,True,0.9788,0.9904,0.9598,0.9536,0.3788,True,0.954,0.0,True,False,False,False,False,paced
dogs-jump,0_3,33,0.9774,HIGH,visible,True,0.9724,0.9874,0.9569,0.9934,0.4094,True,0.955,0.0,True,False,False,False,False,paced
dogs-jump,0_3,34,0.9811,HIGH,visible,True,0.9752,0.9907,0.9609,0.9979,0.3734,True,0.9533,0.0,True,False,False,False,False,paced
dogs-jump,0_3,35,0.9669,HIGH,visible,True,0.9833,0.9853,0.9424,0.9571,0.3444,True,0.9582,0.0,True,False,False,False,False,evicted
dogs-jump,0_3,36,0.9695,HIGH,visible,True,0.9801,0.9834,0.9473,0.9677,0.337,True,0.9505,0.0,True,False,False,False,False,paced
dogs-jump,0_3,37,0.961,HIGH,visible,True,0.983,0.9829,0.9544,0.9248,0.3692,True,0.9544,0.0,True,False,False,False,False,paced
dogs-jump,0_3,38,0.9604,HIGH,visible,True,0.9816,0.9892,0.9538,0.9187,0.3592,True,0.9534,0.0,True,False,False,False,False,paced
dogs-jump,0_3,39,0.9672,HIGH,visible,True,0.9813,0.993,0.9508,0.9446,0.3327,True,0.9491,0.0,True,False,False,False,False,paced
dogs-jump,0_3,40,0.9555,HIGH,visible,True,0.9767,0.9877,0.9382,0.9211,0.3219,True,0.954,0.0,True,False,False,False,False,evicted
dogs-jump,0_3,41,0.9561,HIGH,visible,True,0.9684,0.9766,0.955,0.9252,0.3664,True,0.9482,0.0011,True,False,False,False,False,paced
dogs-jump,0_3,42,0.9255,HIGH,visible,True,0.94,0.9224,0.918,0.9217,0.3263,True,0.9511,0.0048,True,False,False,False,False,paced
dogs-jump,0_3,43,0.8973,MEDIUM,visible,True,0.9154,0.9145,0.8475,0.9139,0.2831,True,0.9293,0.0088,True,False,False,False,False,paced
dogs-jump,0_3,44,0.7893,LOW,visible,True,0.8185,0.6088,0.8273,0.9416,0.1548,True,0.9195,0.0006,True,False,False,False,False,paced
dogs-jump,0_3,45,0.8131,MEDIUM,visible,True,0.9083,0.5999,0.869,0.9233,0.282,True,0.9082,0.0007,True,False,False,False,False,evicted
dogs-jump,0_3,46,0.9045,MEDIUM,visible,True,0.9663,0.8605,0.9311,0.8647,0.3609,True,0.9084,0.0113,True,False,False,False,False,paced
dogs-jump,0_3,47,0.884,MEDIUM,visible,True,0.951,0.8361,0.9109,0.843,0.3303,True,0.9342,0.0015,True,False,False,False,False,paced
dogs-jump,0_3,48,0.9226,HIGH,visible,True,0.9353,0.9555,0.9177,0.8835,0.3169,True,0.9335,0.0029,True,False,False,False,False,paced
dogs-jump,0_3,49,0.9257,HIGH,visible,True,0.9499,0.9111,0.907,0.9357,0.3513,True,0.9195,0.0007,True,False,False,False,False,paced
dogs-jump,0_3,50,0.9063,MEDIUM,visible,True,0.9221,0.8843,0.8527,0.9702,0.3205,True,0.9191,0.0014,True,False,False,False,False,evicted
dogs-jump,0_3,51,0.7832,LOW,visible,True,0.8035,0.5577,0.8777,0.9565,0.3176,True,0.9113,0.0064,True,False,False,False,False,paced
dogs-jump,0_3,52,0.918,MEDIUM,visible,True,0.9007,0.9354,0.9113,0.9251,0.3311,True,0.9469,0.0,True,False,False,False,False,paced
dogs-jump,0_3,53,0.9188,MEDIUM,visible,True,0.9763,0.8802,0.9057,0.9156,0.3127,True,0.95,0.0,True,False,False,False,False,paced
dogs-jump,0_3,54,0.9334,HIGH,visible,True,0.9848,0.9158,0.8903,0.9455,0.2974,True,0.9504,0.0,True,False,False,False,False,paced
dogs-jump,0_3,55,0.9448,HIGH,visible,True,0.9708,0.9478,0.9051,0.9567,0.3378,True,0.9541,0.0,True,False,False,False,False,evicted
dogs-jump,0_3,56,0.9571,HIGH,visible,True,0.9788,0.9705,0.9177,0.9624,0.3466,True,0.953,0.0,True,False,False,False,False,paced
dogs-jump,0_3,57,0.963,HIGH,visible,True,0.9829,0.9797,0.9107,0.9806,0.3358,True,0.9559,0.0,True,False,False,False,False,paced
dogs-jump,0_3,58,0.9546,HIGH,visible,True,0.9839,0.9743,0.9054,0.9566,0.3092,True,0.951,0.0,True,False,False,False,False,paced
dogs-jump,0_3,59,0.9525,HIGH,visible,True,0.9845,0.9865,0.8992,0.9425,0.3656,True,0.9562,0.0,True,False,False,False,False,paced
dogs-jump,0_3,60,0.936,HIGH,visible,True,0.9819,0.9888,0.8774,0.9009,0.3723,True,0.9549,0.0,True,False,False,False,False,evicted
dogs-jump,0_3,61,0.9581,HIGH,visible,True,0.9826,0.9927,0.9251,0.9339,0.4026,True,0.955,0.0,True,False,False,False,False,paced
dogs-jump,0_3,62,0.9658,HIGH,visible,True,0.9869,0.9888,0.9262,0.9626,0.3955,True,0.9539,0.0,True,False,False,False,False,paced
dogs-jump,0_3,63,0.9667,HIGH,visible,True,0.9861,0.9907,0.942,0.949,0.3738,True,0.9504,0.0,True,False,False,False,False,paced
dogs-jump,0_3,64,0.9553,HIGH,visible,True,0.9875,0.9959,0.927,0.9136,0.3577,True,0.9528,0.0,True,False,False,False,False,paced
dogs-jump,0_1,1,0.9375,HIGH,visible,True,0.9711,0.9286,0.9388,0.9125,0.336,True,0.0,0.967,False,True,True,True,False,paced
dogs-jump,0_1,2,0.9157,MEDIUM,visible,True,0.9517,0.8948,0.8621,0.9577,0.2535,True,0.0,0.9575,False,True,True,True,False,paced
dogs-jump,0_1,3,0.8571,MEDIUM,visible,True,0.9159,0.7319,0.8104,0.9934,0.1748,True,0.0,0.9475,False,True,True,True,False,paced
dogs-jump,0_1,4,0.7787,LOW,visible,True,0.9104,0.6296,0.6529,0.9828,0.0236,True,0.0004,0.953,False,True,True,True,False,paced
dogs-jump,0_1,5,0.8213,MEDIUM,visible,True,0.9187,0.7753,0.6387,1.0,0.0043,True,0.0014,0.9518,False,True,True,True,False,added
dogs-jump,0_1,6,0.8802,MEDIUM,visible,True,0.9202,0.7828,0.8332,1.0,0.1657,True,0.0017,0.9508,False,True,True,True,False,paced
dogs-jump,0_1,7,0.8808,MEDIUM,visible,True,0.916,0.8116,0.8097,1.0,0.1829,True,0.0014,0.9307,False,True,True,True,False,paced
dogs-jump,0_1,8,0.8635,MEDIUM,visible,True,0.9321,0.7536,0.7974,0.9927,0.1995,True,0.0024,0.9124,False,True,True,True,False,paced
dogs-jump,0_1,9,0.8605,MEDIUM,visible,True,0.9292,0.8052,0.7518,0.9745,0.2302,True,0.0224,0.9201,False,True,True,True,False,paced
dogs-jump,0_1,10,0.831,MEDIUM,visible,True,0.87,0.8251,0.6644,1.0,0.1966,True,0.0311,0.9159,False,True,True,True,False,added
dogs-jump,0_1,11,0.8384,MEDIUM,visible,True,0.8404,0.7516,0.7822,1.0,0.2748,True,0.009,0.9436,False,True,True,True,False,paced
dogs-jump,0_1,12,0.8767,MEDIUM,visible,True,0.8505,0.8636,0.8042,1.0,0.2305,True,0.0,0.9465,False,True,True,True,False,paced
dogs-jump,0_1,13,0.8435,MEDIUM,visible,True,0.8899,0.8593,0.6621,1.0,0.029,True,0.0,0.9398,False,True,True,True,False,paced
dogs-jump,0_1,14,0.8621,MEDIUM,visible,True,0.9196,0.8726,0.6882,1.0,0.0706,True,0.0,0.9602,False,True,True,True,False,paced
dogs-jump,0_1,15,0.8346,MEDIUM,visible,True,0.9001,0.8872,0.6074,1.0,-0.0149,True,0.0,0.9686,False,True,True,True,False,added
dogs-jump,0_1,16,0.8767,MEDIUM,visible,True,0.9071,0.9353,0.6964,1.0,0.0228,True,0.0,0.966,False,True,True,True,False,paced
dogs-jump,0_1,17,0.8927,MEDIUM,visible,True,0.9403,0.9829,0.6871,1.0,-0.0157,True,0.0,0.9663,False,True,True,True,False,paced
dogs-jump,0_1,18,0.8932,MEDIUM,visible,True,0.9254,0.9171,0.7501,1.0,0.0975,True,0.0,0.9627,False,True,True,True,False,paced
dogs-jump,0_1,19,0.8692,MEDIUM,visible,True,0.9206,0.8429,0.7357,1.0,0.0862,True,0.0,0.9637,False,True,True,True,False,paced
dogs-jump,0_1,20,0.8734,MEDIUM,visible,True,0.9271,0.9099,0.6898,1.0,0.083,True,0.0,0.9672,False,True,True,True,False,evicted
dogs-jump,0_1,21,0.8852,MEDIUM,visible,True,0.9258,0.9367,0.7113,0.9956,0.1053,True,0.0,0.9618,False,True,True,True,False,paced
dogs-jump,0_1,22,0.8892,MEDIUM,visible,True,0.9306,0.9285,0.7375,0.9811,0.1598,True,0.0,0.9581,False,True,True,True,False,paced
dogs-jump,0_1,23,0.8755,MEDIUM,visible,True,0.932,0.8946,0.7356,0.9578,0.1203,True,0.0,0.9641,False,True,True,True,False,paced
dogs-jump,0_1,24,0.8888,MEDIUM,visible,True,0.945,0.9171,0.7199,1.0,0.1672,True,0.0,0.962,False,True,True,True,False,paced
dogs-jump,0_1,25,0.8569,MEDIUM,visible,True,0.9304,0.8601,0.7175,0.939,0.1051,True,0.0,0.9667,False,True,True,True,False,evicted
dogs-jump,0_1,26,0.823,MEDIUM,visible,True,0.9298,0.8077,0.6926,0.8818,0.1389,True,0.0,0.9705,False,True,True,True,False,paced
dogs-jump,0_1,27,0.8407,MEDIUM,visible,True,0.9231,0.7382,0.7773,0.9433,0.1911,True,0.0,0.8893,False,True,True,True,False,paced
dogs-jump,0_1,28,0.8394,MEDIUM,visible,True,0.8944,0.7894,0.7374,0.9537,0.1722,True,0.0,0.9589,False,True,True,True,False,paced
dogs-jump,0_1,29,0.8882,MEDIUM,visible,True,0.9402,0.8672,0.7798,0.9788,0.1486,True,0.0,0.9494,False,True,True,True,False,paced
dogs-jump,0_1,30,0.8922,MEDIUM,visible,True,0.9406,0.8586,0.7846,1.0,0.1284,True,0.0,0.9596,False,True,True,True,False,evicted
dogs-jump,0_1,31,0.9267,HIGH,visible,True,0.9383,0.92,0.8544,1.0,0.2462,True,0.0,0.9593,False,True,True,True,False,paced
dogs-jump,0_1,32,0.9135,MEDIUM,visible,True,0.8903,0.9134,0.8564,1.0,0.2056,True,0.0,0.9479,False,True,True,True,False,paced
dogs-jump,0_1,33,0.8972,MEDIUM,visible,True,0.9017,0.9106,0.7891,1.0,0.1345,True,0.0,0.9543,False,True,True,True,False,paced
dogs-jump,0_1,34,0.8944,MEDIUM,visible,True,0.93,0.9491,0.725,1.0,0.1072,True,0.0,0.9478,False,True,True,True,False,paced
dogs-jump,0_1,35,0.9191,MEDIUM,visible,True,0.9337,0.9641,0.7941,0.9985,0.1456,True,0.0,0.9485,False,True,True,True,False,evicted
dogs-jump,0_1,36,0.9252,HIGH,visible,True,0.9489,0.9605,0.804,1.0,0.1137,True,0.0,0.9566,False,True,True,True,False,paced
dogs-jump,0_1,37,0.9044,MEDIUM,visible,True,0.9312,0.8675,0.8282,1.0,0.1582,True,0.0,0.9538,False,True,True,True,False,paced
dogs-jump,0_1,38,0.88,MEDIUM,visible,True,0.9285,0.8685,0.7436,1.0,0.0636,True,0.0,0.9662,False,True,True,True,False,paced
dogs-jump,0_1,39,0.9136,MEDIUM,visible,True,0.9415,0.9786,0.756,1.0,0.1011,True,0.0,0.9569,False,True,True,True,False,paced
dogs-jump,0_1,40,0.9018,MEDIUM,visible,True,0.931,0.9287,0.7648,1.0,0.114,True,0.0,0.9574,False,True,True,True,False,evicted
dogs-jump,0_1,41,0.9334,HIGH,visible,True,0.9496,0.9486,0.8428,1.0,0.186,True,0.0,0.9569,False,True,True,True,False,paced
dogs-jump,0_1,42,0.9301,HIGH,visible,True,0.9214,0.9743,0.8336,1.0,0.1697,True,0.0,0.9437,False,True,True,True,False,paced
dogs-jump,0_1,43,0.9307,HIGH,visible,True,0.9473,0.9669,0.8191,1.0,0.1645,True,0.0,0.9479,False,True,True,True,False,paced
dogs-jump,0_1,44,0.9083,MEDIUM,visible,True,0.9163,0.9362,0.7935,1.0,0.1683,True,0.0,0.938,False,True,True,True,False,paced
dogs-jump,0_1,45,0.9185,MEDIUM,visible,True,0.9484,0.9361,0.8018,1.0,0.1539,True,0.0,0.9403,False,True,True,True,False,evicted
dogs-jump,0_1,46,0.9171,MEDIUM,visible,True,0.9206,0.9798,0.8206,0.956,0.1896,True,0.0,0.9411,False,True,True,True,False,paced
dogs-jump,0_1,47,0.899,MEDIUM,visible,True,0.9199,0.941,0.7545,1.0,0.1097,True,0.0,0.9446,False,True,True,True,False,paced
dogs-jump,0_1,48,0.9127,MEDIUM,visible,True,0.9269,0.8941,0.8373,1.0,0.1933,True,0.0,0.952,False,True,True,True,False,paced
dogs-jump,0_1,49,0.8969,MEDIUM,visible,True,0.9329,0.8798,0.8069,0.977,0.1844,True,0.0,0.9518,False,True,True,True,False,paced
dogs-jump,0_1,50,0.9141,MEDIUM,visible,True,0.9055,0.9485,0.8438,0.9635,0.1829,True,0.0,0.9247,False,True,True,True,False,evicted
dogs-jump,0_1,51,0.8467,MEDIUM,visible,True,0.8759,0.8701,0.7698,0.8759,0.1739,True,0.0,0.9394,False,True,True,True,False,paced
dogs-jump,0_1,52,0.8478,MEDIUM,visible,True,0.8731,0.9465,0.7493,0.8344,0.1556,True,0.0,0.9258,False,True,True,True,False,paced
dogs-jump,0_1,53,0.8486,MEDIUM,visible,True,0.9034,0.8747,0.7314,0.8973,0.1114,True,0.0,0.9529,False,True,True,True,False,paced
dogs-jump,0_1,54,0.8214,MEDIUM,visible,True,0.8991,0.9142,0.6115,0.9055,-0.0023,True,0.0,0.9509,False,True,True,True,False,paced
dogs-jump,0_1,55,0.7365,LOW,visible,True,0.8955,0.8501,0.4177,0.9252,-0.0038,True,0.0,0.9369,False,True,True,True,False,low_similarity
dogs-jump,0_1,56,0.6998,LOW,visible,True,0.8877,0.7388,0.4256,0.859,-0.062,True,0.0,0.9404,False,True,True,True,False,low_similarity
dogs-jump,0_1,57,0.7338,LOW,visible,True,0.8825,0.8017,0.5013,0.8175,-0.0038,True,0.0,0.9354,False,True,True,True,False,evicted
dogs-jump,0_1,58,0.7247,LOW,visible,True,0.8813,0.7036,0.5403,0.8232,0.081,True,0.0,0.9079,False,True,True,True,False,paced
dogs-jump,0_1,59,0.7157,LOW,visible,True,0.8996,0.7351,0.5007,0.7922,0.0629,True,0.0,0.9061,False,True,True,True,False,paced
dogs-jump,0_1,60,0.7429,LOW,visible,True,0.9227,0.7436,0.5565,0.7977,0.0127,True,0.0,0.9299,False,True,True,True,False,paced
dogs-jump,0_1,61,0.7311,LOW,visible,True,0.9338,0.873,0.4148,0.8446,0.0099,True,0.0,0.9207,False,True,True,True,False,low_similarity
dogs-jump,0_1,62,0.7843,LOW,visible,True,0.8887,0.8058,0.639,0.8268,0.0015,True,0.0,0.9278,False,True,True,True,False,evicted
dogs-jump,0_1,63,0.7431,LOW,visible,True,0.8846,0.8258,0.5197,0.8032,0.0317,True,0.0,0.9264,False,True,True,True,False,paced
dogs-jump,0_1,64,0.7521,LOW,visible,True,0.8634,0.794,0.5387,0.8667,0.1596,True,0.0,0.9489,False,True,True,True,False,paced
dogs-jump,0_2,1,0.9444,HIGH,visible,True,0.9712,0.9287,0.9388,0.9394,0.1106,True,0.9669,0.0,True,False,False,False,False,paced
dogs-jump,0_2,2,0.9215,HIGH,visible,True,0.9517,0.8948,0.8611,0.9835,0.0862,True,0.9576,0.0,True,False,False,False,False,paced
dogs-jump,0_2,3,0.8586,MEDIUM,visible,True,0.9159,0.732,0.8105,1.0,0.0658,True,0.9476,0.0,True,False,False,False,False,paced
dogs-jump,0_2,4,0.7813,LOW,visible,True,0.9105,0.6296,0.6529,0.9956,0.0387,True,0.9529,0.0004,True,False,False,False,False,paced
dogs-jump,0_2,5,0.8218,MEDIUM,visible,True,0.9186,0.775,0.6406,1.0,-0.0231,True,0.9519,0.0014,True,False,False,False,False,added
dogs-jump,0_2,6,0.8802,MEDIUM,visible,True,0.9202,0.7829,0.833,1.0,0.1407,True,0.9508,0.0057,True,False,False,False,False,paced
dogs-jump,0_2,7,0.8808,MEDIUM,visible,True,0.916,0.8116,0.8095,1.0,0.1277,True,0.9307,0.0098,True,False,False,False,False,paced
dogs-jump,0_2,8,0.8651,MEDIUM,visible,True,0.932,0.7536,0.7973,1.0,0.145,True,0.9124,0.0036,True,False,False,False,False,paced
dogs-jump,0_2,9,0.8643,MEDIUM,visible,True,0.9292,0.8052,0.7522,0.9915,0.0405,True,0.9201,0.0224,True,False,False,False,False,paced
dogs-jump,0_2,10,0.8312,MEDIUM,visible,True,0.87,0.8251,0.6648,1.0,0.0328,True,0.9159,0.0311,True,False,False,False,False,added
dogs-jump,0_2,11,0.8384,MEDIUM,visible,True,0.8405,0.7517,0.7822,1.0,0.1178,True,0.9436,0.009,True,False,False,False,False,paced
dogs-jump,0_2,12,0.8767,MEDIUM,visible,True,0.8505,0.8635,0.8044,1.0,0.0838,True,0.9465,0.0003,True,False,False,False,False,paced
dogs-jump,0_2,13,0.8435,MEDIUM,visible,True,0.8899,0.8593,0.662,1.0,0.0451,True,0.9398,0.0006,True,False,False,False,False,paced
dogs-jump,0_2,14,0.862,MEDIUM,visible,True,0.9196,0.8726,0.688,1.0,0.0484,True,0.9602,0.0002,True,False,False,False,False,paced
dogs-jump,0_2,15,0.8345,MEDIUM,visible,True,0.9001,0.8872,0.6073,1.0,0.039,True,0.9686,0.0,True,False,False,False,False,added
dogs-jump,0_2,16,0.8767,MEDIUM,visible,True,0.9071,0.9353,0.6963,1.0,0.083,True,0.966,0.0,True,False,False,False,False,paced
dogs-jump,0_2,17,0.8927,MEDIUM,visible,True,0.9403,0.9829,0.687,1.0,0.0158,True,0.9663,0.0,True,False,False,False,False,paced
dogs-jump,0_2,18,0.8932,MEDIUM,visible,True,0.9254,0.9171,0.75,1.0,0.1073,True,0.9627,0.0,True,False,False,False,False,paced
dogs-jump,0_2,19,0.8692,MEDIUM,visible,True,0.9206,0.8429,0.7357,1.0,0.1004,True,0.9637,0.0,True,False,False,False,False,paced
dogs-jump,0_2,20,0.8734,MEDIUM,visible,True,0.9271,0.9099,0.6897,1.0,0.1418,True,0.9672,0.0,True,False,False,False,False,evicted
dogs-jump,0_2,21,0.8862,MEDIUM,visible,True,0.9258,0.9367,0.7113,1.0,0.1476,True,0.9618,0.0,True,False,False,False,False,paced
dogs-jump,0_2,22,0.8928,MEDIUM,visible,True,0.9306,0.9285,0.7375,0.9972,0.1868,True,0.9581,0.0,True,False,False,False,False,paced
dogs-jump,0_2,23,0.885,MEDIUM,visible,True,0.932,0.8946,0.7356,1.0,0.1572,True,0.9641,0.0,True,False,False,False,False,paced
dogs-jump,0_2,24,0.8888,MEDIUM,visible,True,0.945,0.9171,0.7199,1.0,0.1593,True,0.962,0.0,True,False,False,False,False,paced
dogs-jump,0_2,25,0.8637,MEDIUM,visible,True,0.9304,0.8601,0.7175,0.9693,0.1427,True,0.9667,0.0,True,False,False,False,False,evicted
dogs-jump,0_2,26,0.8304,MEDIUM,visible,True,0.9298,0.8077,0.6926,0.9139,0.1785,True,0.9705,0.0,True,False,False,False,False,paced
dogs-jump,0_2,27,0.838,MEDIUM,visible,True,0.9231,0.7382,0.7773,0.931,0.1922,True,0.8893,0.0,True,False,False,False,False,paced
dogs-jump,0_2,28,0.8417,MEDIUM,visible,True,0.8944,0.7894,0.7374,0.9639,0.1291,True,0.9589,0.0,True,False,False,False,False,paced
dogs-jump,0_2,29,0.8911,MEDIUM,visible,True,0.9402,0.8672,0.7798,0.9916,0.1332,True,0.9494,0.0,True,False,False,False,False,paced
dogs-jump,0_2,30,0.8922,MEDIUM,visible,True,0.9406,0.8586,0.7846,1.0,0.1437,True,0.9596,0.0,True,False,False,False,False,evicted
dogs-jump,0_2,31,0.9267,HIGH,visible,True,0.9383,0.9201,0.8544,1.0,0.1753,True,0.9594,0.0,True,False,False,False,False,paced
dogs-jump,0_2,32,0.9135,MEDIUM,visible,True,0.8902,0.9135,0.8564,1.0,0.1686,True,0.9479,0.0,True,False,False,False,False,paced
dogs-jump,0_2,33,0.8972,MEDIUM,visible,True,0.9017,0.9105,0.7891,1.0,0.1812,True,0.9543,0.0,True,False,False,False,False,paced
dogs-jump,0_2,34,0.8944,MEDIUM,visible,True,0.93,0.9491,0.725,1.0,0.1745,True,0.9478,0.0,True,False,False,False,False,paced
dogs-jump,0_2,35,0.9191,MEDIUM,visible,True,0.9337,0.9641,0.7941,0.9983,0.2019,True,0.9485,0.0,True,False,False,False,False,evicted
dogs-jump,0_2,36,0.9252,HIGH,visible,True,0.9489,0.9605,0.804,1.0,0.1722,True,0.9566,0.0,True,False,False,False,False,paced
dogs-jump,0_2,37,0.9044,MEDIUM,visible,True,0.9312,0.8675,0.8282,1.0,0.1769,True,0.9538,0.0,True,False,False,False,False,paced
dogs-jump,0_2,38,0.88,MEDIUM,visible,True,0.9285,0.8685,0.7436,1.0,0.0642,True,0.9662,0.0,True,False,False,False,False,paced
dogs-jump,0_2,39,0.9135,MEDIUM,visible,True,0.9415,0.9785,0.756,1.0,0.1103,True,0.9569,0.0,True,False,False,False,False,paced
dogs-jump,0_2,40,0.9017,MEDIUM,visible,True,0.931,0.9287,0.7648,1.0,0.1522,True,0.9574,0.0,True,False,False,False,False,evicted
dogs-jump,0_2,41,0.9334,HIGH,visible,True,0.9496,0.9486,0.8428,1.0,0.189,True,0.9569,0.0,True,False,False,False,False,paced
dogs-jump,0_2,42,0.9301,HIGH,visible,True,0.9214,0.9743,0.8338,1.0,0.1797,True,0.9436,0.0001,True,False,False,False,False,paced
dogs-jump,0_2,43,0.9307,HIGH,visible,True,0.9473,0.9671,0.8191,1.0,0.1729,True,0.9478,0.0003,True,False,False,False,False,paced
dogs-jump,0_2,44,0.9083,MEDIUM,visible,True,0.9163,0.9361,0.7935,1.0,0.1853,True,0.938,0.0066,True,False,False,False,False,paced
dogs-jump,0_2,45,0.9185,MEDIUM,visible,True,0.9484,0.936,0.8018,1.0,0.1865,True,0.9404,0.014,True,False,False,False,False,evicted
dogs-jump,0_2,46,0.9174,MEDIUM,visible,True,0.9206,0.98,0.8206,0.957,0.1483,True,0.9411,0.0037,True,False,False,False,False,paced
dogs-jump,0_2,47,0.899,MEDIUM,visible,True,0.9199,0.941,0.7545,1.0,0.1421,True,0.9446,0.0092,True,False,False,False,False,paced
dogs-jump,0_2,48,0.9127,MEDIUM,visible,True,0.9269,0.8941,0.8373,1.0,0.1622,True,0.952,0.0037,True,False,False,False,False,paced
dogs-jump,0_2,49,0.9021,MEDIUM,visible,True,0.9329,0.8798,0.8069,1.0,0.1347,True,0.9518,0.0044,True,False,False,False,False,paced
dogs-jump,0_2,50,0.9159,MEDIUM,visible,True,0.9055,0.9485,0.8438,0.9711,0.1475,True,0.9247,0.0165,True,False,False,False,False,evicted
dogs-jump,0_2,51,0.8466,MEDIUM,visible,True,0.8759,0.8701,0.7683,0.8771,0.1561,True,0.9393,0.0065,True,False,False,False,False,paced
dogs-jump,0_2,52,0.8419,MEDIUM,visible,True,0.8732,0.9466,0.7493,0.8112,0.1551,True,0.9258,0.0,True,False,False,False,False,paced
dogs-jump,0_2,53,0.848,MEDIUM,visible,True,0.9034,0.8747,0.7314,0.8949,0.1629,True,0.9529,0.0,True,False,False,False,False,paced
dogs-jump,0_2,54,0.8282,MEDIUM,visible,True,0.8991,0.9142,0.6115,0.936,0.0998,True,0.9509,0.0,True,False,False,False,False,paced
dogs-jump,0_2,55,0.7324,LOW,visible,True,0.8955,0.8501,0.4177,0.9048,0.0478,True,0.9369,0.0,True,False,False,False,False,low_similarity
dogs-jump,0_2,56,0.7044,LOW,visible,True,0.8877,0.7388,0.4256,0.8821,-0.0546,True,0.9404,0.0,True,False,False,False,False,low_similarity
dogs-jump,0_2,57,0.7346,LOW,visible,True,0.8825,0.8017,0.5013,0.8212,0.0129,True,0.9354,0.0,True,False,False,False,False,evicted
dogs-jump,0_2,58,0.7228,LOW,visible,True,0.8813,0.7036,0.5403,0.8149,0.0781,True,0.9079,0.0,True,False,False,False,False,paced
dogs-jump,0_2,59,0.7215,LOW,visible,True,0.8996,0.7351,0.5007,0.8184,0.1184,True,0.9061,0.0,True,False,False,False,False,paced
dogs-jump,0_2,60,0.7429,LOW,visible,True,0.9227,0.7436,0.5565,0.798,0.0854,True,0.9299,0.0,True,False,False,False,False,paced
dogs-jump,0_2,61,0.7361,LOW,visible,True,0.9338,0.873,0.4148,0.8683,0.0187,True,0.9207,0.0,True,False,False,False,False,low_similarity
dogs-jump,0_2,62,0.7864,LOW,visible,True,0.8887,0.8058,0.639,0.8356,0.0957,True,0.9278,0.0,True,False,False,False,False,evicted
dogs-jump,0_2,63,0.749,LOW,visible,True,0.8846,0.8258,0.5197,0.8292,0.0398,True,0.9264,0.0,True,False,False,False,False,paced
dogs-jump,0_2,64,0.7579,LOW,visible,True,0.8634,0.794,0.5387,0.8933,0.1761,True,0.9489,0.0,True,False,False,False,False,paced
drift-chicane,0_1,1,0.7246,LOW,visible,True,0.9044,0.3996,0.7628,1.0,0.3753,True,0.9003,0.0,True,False,False,False,False,paced
drift-chicane,0_1,2,0.798,LOW,visible,True,0.9245,0.7099,0.6178,1.0,-0.0196,True,0.9103,0.0,True,False,False,False,False,paced
drift-chicane,0_1,3,0.8071,LOW,visible,True,0.9757,0.7074,0.6147,1.0,-0.0309,True,0.9163,0.0,True,False,False,False,False,paced
drift-chicane,0_1,4,0.811,MEDIUM,visible,True,0.9724,0.7619,0.584,1.0,0.0023,True,0.8971,0.0,True,False,False,False,False,paced
drift-chicane,0_1,5,0.8329,MEDIUM,visible,True,0.9673,0.8418,0.5911,1.0,-0.0748,True,0.9142,0.0,True,False,False,False,False,added
drift-chicane,0_1,6,0.9397,HIGH,visible,True,0.978,0.9799,0.8134,1.0,0.1497,True,0.9206,0.0,True,False,False,False,False,paced
drift-chicane,0_1,7,0.9272,HIGH,visible,True,0.9797,0.9579,0.7875,1.0,0.1039,True,0.9338,0.0,True,False,False,False,False,paced
drift-chicane,0_1,8,0.9387,HIGH,visible,True,0.9813,0.9814,0.8062,1.0,0.0998,True,0.9422,0.0,True,False,False,False,False,paced
drift-chicane,0_1,9,0.9572,HIGH,visible,True,0.9777,0.9772,0.8788,1.0,0.2494,True,0.9339,0.0,True,False,False,False,False,paced
drift-chicane,0_1,10,0.9261,HIGH,visible,True,0.9746,0.9843,0.7666,1.0,0.1154,True,0.9358,0.0,True,False,False,False,False,added
drift-chicane,0_1,11,0.9318,HIGH,visible,True,0.9742,0.9229,0.8386,1.0,0.1873,True,0.9189,0.0,True,False,False,False,False,paced
drift-chicane,0_1,12,0.9059,MEDIUM,visible,True,0.9735,0.9293,0.7444,1.0,0.0604,True,0.9302,0.0,True,False,False,False,False,paced
drift-chicane,0_1,13,0.9096,MEDIUM,visible,True,0.9653,0.9448,0.7507,1.0,0.0726,True,0.9156,0.0,True,False,False,False,False,paced
drift-chicane,0_1,14,0.9043,MEDIUM,visible,True,0.9707,0.9353,0.7367,1.0,0.0832,True,0.9093,0.0,True,False,False,False,False,paced
drift-chicane,0_1,15,0.9046,MEDIUM,visible,True,0.9742,0.9124,0.7533,1.0,0.0589,True,0.9162,0.0,True,False,False,False,False,added
drift-chicane,0_1,16,0.9106,MEDIUM,visible,True,0.9737,0.9331,0.7567,1.0,0.076,True,0.9095,0.0,True,False,False,False,False,paced
drift-chicane,0_1,17,0.9068,MEDIUM,visible,True,0.9759,0.9533,0.7269,1.0,0.0843,True,0.9011,0.0,True,False,False,False,False,paced
drift-chicane,0_1,18,0.8938,MEDIUM,visible,True,0.9698,0.9738,0.6757,1.0,0.0607,True,0.9019,0.0,True,False,False,False,False,paced
drift-chicane,0_1,19,0.8759,MEDIUM,visible,True,0.969,0.9557,0.6357,1.0,0.0011,True,0.8947,0.0,True,False,False,False,False,paced
drift-chicane,0_1,20,0.8527,MEDIUM,visible,True,0.9778,0.8807,0.6138,1.0,0.0207,True,0.9049,0.0,True,False,False,False,False,evicted
drift-chicane,0_1,21,0.9118,MEDIUM,visible,True,0.9647,0.9485,0.7554,1.0,0.1604,True,0.89,0.0,True,False,False,False,False,paced
drift-chicane,0_1,22,0.9031,MEDIUM,visible,True,0.9736,0.9371,0.7293,1.0,0.1653,True,0.8913,0.0,True,False,False,False,False,paced
drift-chicane,0_1,23,0.8899,MEDIUM,visible,True,0.9718,0.9251,0.6975,1.0,0.1058,True,0.8722,0.0,True,False,False,False,False,paced
drift-chicane,0_1,24,0.8643,MEDIUM,visible,True,0.9682,0.9059,0.6362,1.0,0.0877,True,0.8634,0.0,True,False,False,False,False,paced
drift-chicane,0_1,25,0.8575,MEDIUM,visible,True,0.9653,0.8215,0.6819,1.0,0.1966,True,0.912,0.0,True,False,False,False,False,evicted
drift-chicane,0_1,26,0.887,MEDIUM,visible,True,0.9771,0.9129,0.6939,1.0,0.2164,True,0.9019,0.0,True,False,False,False,False,paced
drift-chicane,0_1,27,0.8916,MEDIUM,visible,True,0.9774,0.9228,0.7006,1.0,0.2202,True,0.9018,0.0,True,False,False,False,False,paced
drift-chicane,0_1,28,0.88,MEDIUM,visible,True,0.9765,0.9398,0.6536,1.0,0.1949,True,0.9104,0.0,True,False,False,False,False,paced
drift-chicane,0_1,29,0.8894,MEDIUM,visible,True,0.982,0.9371,0.68,1.0,0.1995,True,0.9206,0.0,True,False,False,False,False,paced
drift-chicane,0_1,30,0.8838,MEDIUM,visible,True,0.9832,0.9229,0.6759,0.995,0.1871,True,0.9259,0.0,True,False,False,False,False,evicted
drift-chicane,0_1,31,0.909,MEDIUM,visible,True,0.9819,0.9359,0.7431,1.0,0.2891,True,0.9293,0.0,True,False,False,False,False,paced
drift-chicane,0_1,32,0.9239,HIGH,visible,True,0.9757,0.9672,0.7721,1.0,0.2937,True,0.9225,0.0,True,False,False,False,False,paced
drift-chicane,0_1,33,0.9072,MEDIUM,visible,True,0.975,0.9622,0.7258,0.995,0.2353,True,0.9143,0.0,True,False,False,False,False,paced
drift-chicane,0_1,34,0.9076,MEDIUM,visible,True,0.9725,0.9638,0.7238,1.0,0.2006,True,0.907,0.0,True,False,False,False,False,paced
drift-chicane,0_1,35,0.8896,MEDIUM,visible,True,0.9671,0.9476,0.6834,1.0,0.0965,True,0.9117,0.0,True,False,False,False,False,evicted
drift-chicane,0_1,36,0.8872,MEDIUM,visible,True,0.9519,0.9625,0.6763,1.0,0.0577,True,0.9016,0.0,True,False,False,False,False,paced
drift-chicane,0_1,37,0.8678,MEDIUM,visible,True,0.9573,0.9627,0.6153,1.0,0.0357,True,0.9134,0.0,True,False,False,False,False,paced
drift-chicane,0_1,38,0.8576,MEDIUM,visible,True,0.953,0.882,0.6435,1.0,0.0338,True,0.9223,0.0,True,False,False,False,False,paced
drift-chicane,0_1,39,0.8653,MEDIUM,visible,True,0.9389,0.9535,0.6261,1.0,0.0305,True,0.9169,0.0,True,False,False,False,False,paced
drift-chicane,0_1,40,0.881,MEDIUM,visible,True,0.9228,0.9683,0.6743,1.0,0.1332,True,0.9366,0.0,True,False,False,False,False,evicted
drift-chicane,0_1,41,0.8824,MEDIUM,visible,True,0.9341,0.9905,0.6618,0.99,0.1826,True,0.9428,0.0,True,False,False,False,False,paced
drift-chicane,0_1,42,0.8751,MEDIUM,visible,True,0.9435,0.962,0.6462,1.0,0.2269,True,0.9436,0.0,True,False,False,False,False,paced
drift-chicane,0_1,43,0.8762,MEDIUM,visible,True,0.9454,0.9303,0.6701,1.0,0.2812,True,0.9471,0.0,True,False,False,False,False,paced
drift-chicane,0_1,44,0.8664,MEDIUM,visible,True,0.9517,0.8922,0.6635,1.0,0.2914,True,0.9501,0.0,True,False,False,False,False,paced
drift-chicane,0_1,45,0.8703,MEDIUM,visible,True,0.9588,0.9352,0.6399,1.0,0.3047,True,0.9485,0.0,True,False,False,False,False,evicted
drift-chicane,0_1,46,0.8877,MEDIUM,visible,True,0.955,0.9694,0.6708,1.0,0.3572,True,0.9407,0.0,True,False,False,False,False,paced
drift-chicane,0_1,47,0.8681,MEDIUM,visible,True,0.9607,0.8975,0.6585,1.0,0.3368,True,0.944,0.0,True,False,False,False,False,paced
drift-chicane,0_1,48,0.8672,MEDIUM,visible,True,0.9661,0.8879,0.6592,1.0,0.3371,True,0.9519,0.0,True,False,False,False,False,paced
drift-chicane,0_1,49,0.8761,MEDIUM,visible,True,0.9677,0.8994,0.6768,1.0,0.328,True,0.9493,0.0,True,False,False,False,False,paced
drift-chicane,0_1,50,0.868,MEDIUM,visible,True,0.9704,0.9007,0.6494,1.0,0.3306,True,0.9515,0.0,True,False,False,False,False,evicted
drift-straight,0_1,1,0.9075,MEDIUM,visible,True,0.9756,0.7651,0.9637,0.9428,0.8409,True,0.9321,0.0,True,False,False,False,False,paced
drift-straight,0_1,2,0.9237,HIGH,visible,True,0.9797,0.8122,0.9528,0.96,0.8442,True,0.9177,0.0,True,False,False,False,False,paced
drift-straight,0_1,3,0.944,HIGH,visible,True,0.9704,0.8801,0.9422,0.9868,0.8017,True,0.9334,0.0,True,False,False,False,False,paced
drift-straight,0_1,4,0.8933,MEDIUM,visible,True,0.9679,0.721,0.9291,0.9821,0.8176,True,0.9445,0.0,True,False,False,False,False,paced
drift-straight,0_1,5,0.9534,HIGH,visible,True,0.9806,0.9144,0.9214,1.0,0.8314,True,0.932,0.0,True,False,False,False,False,added
drift-straight,0_1,6,0.958,HIGH,visible,True,0.9714,0.9036,0.9595,1.0,0.8769,True,0.9417,0.0,True,False,False,False,False,paced
drift-straight,0_1,7,0.9689,HIGH,visible,True,0.9829,0.9389,0.9551,1.0,0.8565,True,0.9507,0.0,True,False,False,False,False,paced
drift-straight,0_1,8,0.9447,HIGH,visible,True,0.9612,0.8968,0.9474,0.9751,0.8367,True,0.9501,0.0,True,False,False,False,False,paced
drift-straight,0_1,9,0.9555,HIGH,visible,True,0.9799,0.9072,0.9407,0.9968,0.8464,True,0.9495,0.0,True,False,False,False,False,paced
drift-straight,0_1,10,0.9704,HIGH,visible,True,0.9694,0.9685,0.9443,1.0,0.8443,True,0.9413,0.0,True,False,False,False,False,merged
drift-straight,0_1,11,0.9426,HIGH,visible,True,0.9805,0.8943,0.961,0.9366,0.874,True,0.9585,0.0,True,False,False,False,False,paced
drift-straight,0_1,12,0.9396,HIGH,visible,True,0.9585,0.8737,0.944,0.9861,0.8364,True,0.9637,0.0,True,False,False,False,False,paced
drift-straight,0_1,13,0.9472,HIGH,visible,True,0.9796,0.8773,0.9438,0.9925,0.8538,True,0.9655,0.0,True,False,False,False,False,paced
drift-straight,0_1,14,0.9555,HIGH,visible,True,0.9758,0.9212,0.9272,1.0,0.8295,True,0.9628,0.0,True,False,False,False,False,paced
drift-straight,0_1,15,0.9653,HIGH,visible,True,0.9796,0.949,0.9341,1.0,0.8488,True,0.9677,0.0,True,False,False,False,False,merged
drift-straight,0_1,16,0.9341,HIGH,visible,True,0.9577,0.8533,0.9315,1.0,0.8729,True,0.9666,0.0,True,False,False,False,False,paced
drift-straight,0_1,17,0.9438,HIGH,visible,True,0.9704,0.8841,0.9249,1.0,0.8422,True,0.9615,0.0,True,False,False,False,False,paced
drift-straight,0_1,18,0.9379,HIGH,visible,True,0.9704,0.8726,0.9137,1.0,0.834,True,0.9599,0.0,True,False,False,False,False,paced
drift-straight,0_1,19,0.9168,MEDIUM,visible,True,0.9663,0.8549,0.8608,0.9935,0.7544,True,0.9571,0.0,True,False,False,False,False,paced
drift-straight,0_1,20,0.8154,MEDIUM,visible,True,0.9355,0.5836,0.8171,0.9909,0.6755,True,0.9611,0.0,True,False,False,False,False,added
drift-straight,0_1,21,0.9471,HIGH,visible,True,0.9531,0.9609,0.8785,1.0,0.7236,True,0.9718,0.0,True,False,False,False,False,paced
drift-straight,0_1,22,0.9389,HIGH,visible,True,0.9641,0.9275,0.8691,1.0,0.7069,True,0.8974,0.0,True,False,False,False,False,paced
drift-straight,0_1,23,0.9198,MEDIUM,visible,True,0.9185,0.9342,0.834,1.0,0.7256,True,0.9754,0.0,True,False,False,False,False,paced
drift-straight,0_1,24,0.8522,MEDIUM,visible,True,0.9356,0.7313,0.7708,1.0,0.6059,True,0.9814,0.0,True,False,False,False,False,paced
drift-straight,0_1,25,0.8662,MEDIUM,visible,True,0.9609,0.799,0.7332,1.0,0.5486,True,0.9837,0.0,True,False,False,False,False,added
drift-straight,0_1,26,0.8901,MEDIUM,visible,True,0.9609,0.8485,0.77,1.0,0.6098,True,0.9832,0.0,True,False,False,False,False,paced
drift-straight,0_1,27,0.8873,MEDIUM,visible,True,0.959,0.8849,0.7303,1.0,0.5435,True,0.9875,0.0,True,False,False,False,False,paced
drift-straight,0_1,28,0.8086,LOW,visible,True,0.9169,0.7548,0.6178,1.0,0.4293,True,0.9844,0.0,True,False,False,False,False,paced
drift-straight,0_1,29,0.8014,LOW,visible,True,0.9513,0.9307,0.466,1.0,0.2266,True,0.9801,0.0,True,False,False,False,False,low_similarity
drift-straight,0_1,30,0.818,MEDIUM,visible,True,0.9545,0.9503,0.4936,1.0,0.2539,True,0.9829,0.0,True,False,False,False,False,low_similarity
drift-straight,0_1,31,0.826,MEDIUM,visible,True,0.9557,0.9646,0.5051,1.0,0.2712,True,0.9791,0.0,True,False,False,False,False,evicted
drift-straight,0_1,32,0.7821,LOW,visible,True,0.9279,0.8263,0.5141,0.9488,0.2437,True,0.9698,0.0,True,False,False,False,False,paced
drift-straight,0_1,33,0.8324,MEDIUM,visible,True,0.9585,0.9879,0.5309,0.9551,0.2479,True,0.9665,0.0,True,False,False,False,False,paced
drift-straight,0_1,34,0.8327,MEDIUM,visible,True,0.9726,0.9302,0.5315,1.0,0.2798,True,0.9568,0.0,True,False,False,False,False,paced
drift-straight,0_1,35,0.8217,MEDIUM,visible,True,0.9712,0.883,0.5315,1.0,0.2367,True,0.9634,0.0,True,False,False,False,False,paced
drift-straight,0_1,36,0.7464,LOW,visible,True,0.9446,0.775,0.4239,1.0,0.1634,True,0.9661,0.0,True,False,False,False,False,low_similarity
drift-straight,0_1,37,0.7726,LOW,visible,True,0.9634,0.885,0.4179,1.0,0.157,True,0.9705,0.0,True,False,False,False,False,low_similarity
drift-straight,0_1,38,0.7784,LOW,visible,True,0.96,0.8894,0.43,1.0,0.2164,True,0.9639,0.0,True,False,False,False,False,low_similarity
drift-straight,0_1,39,0.7773,LOW,visible,True,0.961,0.9208,0.4126,1.0,0.2214,True,0.9691,0.0,True,False,False,False,False,low_similarity
drift-straight,0_1,40,0.7856,LOW,visible,True,0.9306,0.9323,0.4389,1.0,0.2123,True,0.9714,0.0,True,False,False,False,False,truncated
drift-straight,0_1,41,0.8114,MEDIUM,visible,True,0.9592,0.8552,0.5284,1.0,0.3264,True,0.9642,0.0,True,False,False,False,False,evicted
drift-straight,0_1,42,0.8629,MEDIUM,visible,True,0.9561,0.8746,0.663,1.0,0.382,True,0.9576,0.0,True,False,False,False,False,paced
drift-straight,0_1,43,0.8565,MEDIUM,visible,True,0.9553,0.8852,0.6363,1.0,0.4045,True,0.9711,0.0,True,False,False,False,False,paced
drift-straight,0_1,44,0.8354,MEDIUM,visible,True,0.9152,0.8968,0.5935,1.0,0.4704,True,0.975,0.0,True,False,False,False,False,paced
drift-straight,0_1,45,0.7944,LOW,visible,True,0.9397,0.7421,0.5711,1.0,0.4945,True,0.962,0.0,True,False,False,False,False,paced
drift-straight,0_1,46,0.7853,LOW,visible,True,0.9388,0.7546,0.5369,1.0,0.4694,True,0.9587,0.0,True,False,False,False,False,evicted
drift-straight,0_1,47,0.8271,MEDIUM,visible,True,0.9421,0.7462,0.6869,0.9694,0.5854,True,0.9616,0.0,True,False,False,False,False,paced
drift-straight,0_1,48,0.816,MEDIUM,visible,True,0.9312,0.6795,0.7006,1.0,0.5851,True,0.9557,0.0,True,False,False,False,False,paced
goat,0_1,1,0.9584,HIGH,visible,True,0.9658,0.9015,0.9692,1.0,0.2782,True,0.9343,0.0,True,False,False,False,False,paced
goat,0_1,2,0.9573,HIGH,visible,True,0.9688,0.9362,0.926,1.0,0.2277,True,0.9256,0.0,True,False,False,False,False,paced
goat,0_1,3,0.9566,HIGH,visible,True,0.9697,0.9419,0.9168,1.0,0.2208,True,0.9193,0.0,True,False,False,False,False,paced
goat,0_1,4,0.9368,HIGH,visible,True,0.9668,0.904,0.8813,1.0,0.2028,True,0.9301,0.0,True,False,False,False,False,paced
goat,0_1,5,0.9486,HIGH,visible,True,0.9588,0.9601,0.8797,1.0,0.2469,True,0.931,0.0,True,False,False,False,False,added
goat,0_1,6,0.944,HIGH,visible,True,0.9579,0.9075,0.9133,1.0,0.2562,True,0.9301,0.0,True,False,False,False,False,paced
goat,0_1,7,0.9572,HIGH,visible,True,0.9539,0.9537,0.9258,0.9965,0.2896,True,0.9277,0.0,True,False,False,False,False,paced
goat,0_1,8,0.9457,HIGH,visible,True,0.9588,0.9789,0.9201,0.9263,0.2765,True,0.918,0.0,True,False,False,False,False,paced
goat,0_1,9,0.9384,HIGH,visible,True,0.962,0.9465,0.8957,0.9509,0.2861,True,0.9247,0.0,True,False,False,False,False,paced
goat,0_1,10,0.9509,HIGH,visible,True,0.9628,0.9463,0.9296,0.9655,0.2838,True,0.9324,0.0,True,False,False,False,False,added
goat,0_1,11,0.9557,HIGH,visible,True,0.9644,0.9397,0.9206,1.0,0.2718,True,0.9211,0.0,True,False,False,False,False,paced
goat,0_1,12,0.9395,HIGH,visible,True,0.9611,0.9387,0.8636,1.0,0.219,True,0.9205,0.0,True,False,False,False,False,paced
goat,0_1,13,0.9253,HIGH,visible,True,0.9589,0.9035,0.8459,1.0,0.2064,True,0.9257,0.0,True,False,False,False,False,paced
goat,0_1,14,0.94,HIGH,visible,True,0.9458,0.9569,0.8628,1.0,0.2091,True,0.9252,0.0,True,False,False,False,False,paced
goat,0_1,15,0.9299,HIGH,visible,True,0.9478,0.9228,0.8548,1.0,0.1725,True,0.9406,0.0,True,False,False,False,False,added
goat,0_1,16,0.9303,HIGH,visible,True,0.9574,0.949,0.8246,1.0,0.1905,True,0.9372,0.0,True,False,False,False,False,paced
goat,0_1,17,0.9239,HIGH,visible,True,0.9421,0.9367,0.8258,1.0,0.1732,True,0.9398,0.0,True,False,False,False,False,paced
goat,0_1,18,0.9297,HIGH,visible,True,0.9549,0.9667,0.8093,1.0,0.1623,True,0.9399,0.0,True,False,False,False,False,paced
goat,0_1,19,0.9292,HIGH,visible,True,0.9616,0.9899,0.7832,1.0,0.1893,True,0.9291,0.0,True,False,False,False,False,paced
goat,0_1,20,0.9189,MEDIUM,visible,True,0.9635,0.9666,0.7656,1.0,0.1806,True,0.9301,0.0,True,False,False,False,False,evicted
goat,0_1,21,0.9317,HIGH,visible,True,0.9644,0.9825,0.7952,1.0,0.2444,True,0.9348,0.0,True,False,False,False,False,paced
goat,0_1,22,0.9093,MEDIUM,visible,True,0.9656,0.8888,0.7966,1.0,0.2422,True,0.934,0.0,True,False,False,False,False,paced
goat,0_1,23,0.9183,MEDIUM,visible,True,0.9625,0.8861,0.8338,1.0,0.2406,True,0.9268,0.0,True,False,False,False,False,paced
goat,0_1,24,0.9267,HIGH,visible,True,0.9501,0.9587,0.8097,1.0,0.225,True,0.9372,0.0,True,False,False,False,False,paced
goat,0_1,25,0.9174,MEDIUM,visible,True,0.9506,0.9511,0.7834,1.0,0.2067,True,0.9349,0.0,True,False,False,False,False,evicted
goat,0_1,26,0.905,MEDIUM,visible,True,0.9635,0.8468,0.8223,1.0,0.2619,True,0.9331,0.0,True,False,False,False,False,paced
goat,0_1,27,0.9184,MEDIUM,visible,True,0.962,0.9035,0.8185,1.0,0.248,True,0.9323,0.0,True,False,False,False,False,paced
goat,0_1,28,0.9296,HIGH,visible,True,0.9522,0.9476,0.8276,1.0,0.2388,True,0.9244,0.0,True,False,False,False,False,paced
goat,0_1,29,0.941,HIGH,visible,True,0.9514,0.9941,0.829,1.0,0.2682,True,0.9049,0.0,True,False,False,False,False,paced
goat,0_1,30,0.9162,MEDIUM,visible,True,0.9526,0.8881,0.8328,1.0,0.272,True,0.9273,0.0,True,False,False,False,False,evicted
goat,0_1,31,0.9309,HIGH,visible,True,0.9559,0.8758,0.8971,1.0,0.3001,True,0.9362,0.0,True,False,False,False,False,paced
goat,0_1,32,0.949,HIGH,visible,True,0.9601,0.9443,0.8945,1.0,0.2789,True,0.9081,0.0,True,False,False,False,False,paced
goat,0_1,33,0.956,HIGH,visible,True,0.9551,0.9567,0.9141,1.0,0.3095,True,0.9062,0.0,True,False,False,False,False,paced
goat,0_1,34,0.9433,HIGH,visible,True,0.9606,0.9373,0.8794,1.0,0.2657,True,0.9008,0.0,True,False,False,False,False,paced
goat,0_1,35,0.9493,HIGH,visible,True,0.9564,0.9411,0.9024,1.0,0.2943,True,0.8994,0.0,True,False,False,False,False,evicted
goat,0_1,36,0.9382,HIGH,visible,True,0.9475,0.927,0.8821,1.0,0.2617,True,0.9153,0.0,True,False,False,False,False,paced
goat,0_1,37,0.959,HIGH,visible,True,0.9538,0.986,0.8993,1.0,0.3061,True,0.9201,0.0,True,False,False,False,False,paced
goat,0_1,38,0.9471,HIGH,visible,True,0.954,0.9683,0.8712,1.0,0.2619,True,0.9347,0.0,True,False,False,False,False,paced
goat,0_1,39,0.9321,HIGH,visible,True,0.9507,0.9525,0.8335,1.0,0.2403,True,0.928,0.0,True,False,False,False,False,paced
goat,0_1,40,0.9374,HIGH,visible,True,0.951,0.9571,0.8484,1.0,0.2422,True,0.9267,0.0,True,False,False,False,False,evicted
goat,0_1,41,0.9309,HIGH,visible,True,0.9517,0.9303,0.8483,1.0,0.2689,True,0.9258,0.0,True,False,False,False,False,paced
goat,0_1,42,0.918,MEDIUM,visible,True,0.947,0.8844,0.8479,1.0,0.2471,True,0.9167,0.0,True,False,False,False,False,paced
goat,0_1,43,0.9308,HIGH,visible,True,0.9538,0.8916,0.8827,1.0,0.2701,True,0.9225,0.0,True,False,False,False,False,paced
goat,0_1,44,0.9468,HIGH,visible,True,0.9546,0.9474,0.8887,1.0,0.2946,True,0.9324,0.0,True,False,False,False,False,paced
goat,0_1,45,0.9426,HIGH,visible,True,0.9622,0.9547,0.8594,1.0,0.2719,True,0.9412,0.0,True,False,False,False,False,evicted
goat,0_1,46,0.9404,HIGH,visible,True,0.9598,0.9161,0.8895,1.0,0.274,True,0.9259,0.0,True,False,False,False,False,paced
goat,0_1,47,0.9232,HIGH,visible,True,0.9547,0.9013,0.8443,1.0,0.2443,True,0.9462,0.0,True,False,False,False,False,paced
goat,0_1,48,0.9135,MEDIUM,visible,True,0.9569,0.8725,0.8339,1.0,0.2566,True,0.9424,0.0,True,False,False,False,False,paced
goat,0_1,49,0.9201,HIGH,visible,True,0.9536,0.92,0.8171,1.0,0.2153,True,0.9289,0.0,True,False,False,False,False,paced
goat,0_1,50,0.926,HIGH,visible,True,0.9514,0.9901,0.7807,1.0,0.2099,True,0.945,0.0,True,False,False,False,False,evicted
goat,0_1,51,0.9369,HIGH,visible,True,0.954,0.9703,0.8322,1.0,0.293,True,0.9353,0.0,True,False,False,False,False,paced
goat,0_1,52,0.9377,HIGH,visible,True,0.9593,0.9417,0.8558,1.0,0.2941,True,0.9318,0.0,True,False,False,False,False,paced
goat,0_1,53,0.9241,HIGH,visible,True,0.9626,0.8948,0.8466,1.0,0.3215,True,0.9326,0.0,True,False,False,False,False,paced
goat,0_1,54,0.9484,HIGH,visible,True,0.9619,0.9834,0.8552,1.0,0.3137,True,0.9334,0.0,True,False,False,False,False,paced
goat,0_1,55,0.924,HIGH,visible,True,0.9564,0.9218,0.827,1.0,0.2752,True,0.9392,0.0,True,False,False,False,False,evicted
goat,0_1,56,0.9407,HIGH,visible,True,0.965,0.9624,0.8434,1.0,0.3253,True,0.933,0.0,True,False,False,False,False,paced
goat,0_1,57,0.9399,HIGH,visible,True,0.9572,0.9657,0.8444,1.0,0.3191,True,0.9317,0.0,True,False,False,False,False,paced
goat,0_1,58,0.936,HIGH,visible,True,0.9577,0.97,0.8262,1.0,0.2871,True,0.9341,0.0,True,False,False,False,False,paced
goat,0_1,59,0.9332,HIGH,visible,True,0.9441,0.9887,0.8125,1.0,0.2812,True,0.931,0.0,True,False,False,False,False,paced
goat,0_1,60,0.9262,HIGH,visible,True,0.9397,0.9317,0.8406,1.0,0.2804,True,0.9274,0.0,True,False,False,False,False,evicted
goat,0_1,61,0.9249,HIGH,visible,True,0.9454,0.8856,0.874,1.0,0.3068,True,0.9268,0.0,True,False,False,False,False,paced
goat,0_1,62,0.9546,HIGH,visible,True,0.9514,0.9764,0.8938,1.0,0.3021,True,0.9236,0.0,True,False,False,False,False,paced
goat,0_1,63,0.9413,HIGH,visible,True,0.9587,0.9076,0.9022,1.0,0.2922,True,0.9339,0.0,True,False,False,False,False,paced
goat,0_1,64,0.9361,HIGH,visible,True,0.9441,0.9371,0.8678,1.0,0.2714,True,0.9107,0.0,True,False,False,False,False,paced
goat,0_1,65,0.92,HIGH,visible,True,0.9444,0.8672,0.8747,1.0,0.2754,True,0.905,0.0,True,False,False,False,False,evicted
goat,0_1,66,0.9336,HIGH,visible,True,0.9394,0.9606,0.8419,1.0,0.2571,True,0.9184,0.0,True,False,False,False,False,paced
goat,0_1,67,0.9095,MEDIUM,visible,True,0.9388,0.8916,0.8175,1.0,0.2541,True,0.9126,0.0,True,False,False,False,False,paced
goat,0_1,68,0.9139,MEDIUM,visible,True,0.9328,0.8972,0.8336,1.0,0.2747,True,0.9185,0.0,True,False,False,False,False,paced
goat,0_1,69,0.9369,HIGH,visible,True,0.9336,0.9251,0.8923,1.0,0.3041,True,0.917,0.0,True,False,False,False,False,paced
goat,0_1,70,0.9434,HIGH,visible,True,0.9363,0.9603,0.8811,1.0,0.277,True,0.9171,0.0,True,False,False,False,False,evicted
goat,0_1,71,0.9276,HIGH,visible,True,0.939,0.9366,0.8417,1.0,0.2464,True,0.9227,0.0,True,False,False,False,False,paced
goat,0_1,72,0.9191,MEDIUM,visible,True,0.9439,0.8856,0.8535,1.0,0.2471,True,0.9105,0.0,True,False,False,False,False,paced
goat,0_1,73,0.9205,HIGH,visible,True,0.9498,0.9053,0.835,1.0,0.2361,True,0.913,0.0,True,False,False,False,False,paced
goat,0_1,74,0.9446,HIGH,visible,True,0.9577,0.9596,0.8662,1.0,0.2584,True,0.9231,0.0,True,False,False,False,False,paced
goat,0_1,75,0.9251,HIGH,visible,True,0.9558,0.9083,0.8436,1.0,0.2446,True,0.9264,0.0,True,False,False,False,False,evicted
goat,0_1,76,0.936,HIGH,visible,True,0.9552,0.9226,0.8708,1.0,0.2684,True,0.9402,0.0,True,False,False,False,False,paced
goat,0_1,77,0.9322,HIGH,visible,True,0.9567,0.9134,0.8643,1.0,0.2577,True,0.9219,0.0,True,False,False,False,False,paced
goat,0_1,78,0.9407,HIGH,visible,True,0.9587,0.9315,0.8768,1.0,0.2651,True,0.9227,0.0,True,False,False,False,False,paced
goat,0_1,79,0.9324,HIGH,visible,True,0.9634,0.9322,0.8414,1.0,0.2543,True,0.9303,0.0,True,False,False,False,False,paced
goat,0_1,80,0.9423,HIGH,visible,True,0.9533,0.9654,0.8565,1.0,0.2577,True,0.939,0.0,True,False,False,False,False,evicted
goat,0_1,81,0.9443,HIGH,visible,True,0.9608,0.9844,0.8406,1.0,0.2757,True,0.9329,0.0,True,False,False,False,False,paced
goat,0_1,82,0.9307,HIGH,visible,True,0.97,0.9659,0.8009,1.0,0.2574,True,0.9212,0.0,True,False,False,False,False,paced
goat,0_1,83,0.92,HIGH,visible,True,0.97,0.9102,0.8114,1.0,0.2593,True,0.9274,0.0,True,False,False,False,False,paced
goat,0_1,84,0.9228,HIGH,visible,True,0.9697,0.8773,0.8522,1.0,0.2746,True,0.9283,0.0,True,False,False,False,False,paced
goat,0_1,85,0.9416,HIGH,visible,True,0.9667,0.947,0.8588,1.0,0.2692,True,0.9293,0.0,True,False,False,False,False,evicted
goat,0_1,86,0.9081,MEDIUM,visible,True,0.968,0.8023,0.8759,1.0,0.3171,True,0.9237,0.0,True,False,False,False,False,paced
goat,0_1,87,0.9152,MEDIUM,visible,True,0.9709,0.8655,0.8347,1.0,0.2955,True,0.9306,0.0,True,False,False,False,False,paced
goat,0_1,88,0.9277,HIGH,visible,True,0.9723,0.8954,0.8509,1.0,0.2655,True,0.9314,0.0,True,False,False,False,False,paced
gold-fish,0_1,1,0.9625,HIGH,visible,True,0.9558,0.9713,0.9399,0.9837,0.3885,True,0.8971,0.0008,True,False,False,False,False,paced
gold-fish,0_1,2,0.962,HIGH,visible,True,0.9565,0.9794,0.9265,0.9869,0.3434,True,0.9017,0.0016,True,False,False,False,False,paced
gold-fish,0_1,3,0.9546,HIGH,visible,True,0.9692,0.9927,0.9154,0.9431,0.3182,True,0.9025,0.0021,True,False,False,False,False,paced
gold-fish,0_1,4,0.9665,HIGH,visible,True,0.9718,0.9903,0.929,0.9762,0.3157,True,0.9034,0.0031,True,False,False,False,False,paced
gold-fish,0_1,5,0.9596,HIGH,visible,True,0.9676,0.9775,0.9143,0.9805,0.2669,True,0.9162,0.0078,True,False,False,False,False,added
gold-fish,0_1,6,0.9667,HIGH,visible,True,0.9664,0.9716,0.957,0.972,0.3108,True,0.9004,0.0101,True,False,False,False,False,paced
gold-fish,0_1,7,0.9574,HIGH,visible,True,0.9623,0.9633,0.9065,1.0,0.2759,True,0.8963,0.0122,True,False,False,False,False,paced
gold-fish,0_1,8,0.9584,HIGH,visible,True,0.9578,0.9656,0.9123,1.0,0.3363,True,0.8888,0.0145,True,False,False,False,False,paced
gold-fish,0_1,9,0.9674,HIGH,visible,True,0.9596,0.9732,0.9378,1.0,0.3294,True,0.8777,0.0152,True,False,False,False,False,paced
gold-fish,0_1,10,0.9542,HIGH,visible,True,0.962,0.934,0.9227,1.0,0.2989,True,0.864,0.0159,True,False,False,False,False,added
gold-fish,0_1,11,0.9427,HIGH,visible,True,0.9304,0.911,0.9318,1.0,0.3672,True,0.8632,0.0131,True,False,False,False,False,paced
gold-fish,0_1,12,0.9583,HIGH,visible,True,0.9509,0.9589,0.9247,1.0,0.3341,True,0.882,0.0016,True,False,False,False,False,paced
gold-fish,0_1,13,0.9686,HIGH,visible,True,0.9816,0.9417,0.952,1.0,0.3455,True,0.8886,0.0018,True,False,False,False,False,paced
gold-fish,0_1,14,0.9235,HIGH,visible,True,0.9422,0.8604,0.8974,1.0,0.284,True,0.8929,0.0168,True,False,False,False,False,paced
gold-fish,0_1,15,0.9715,HIGH,visible,True,0.9709,0.9957,0.9237,0.9977,0.317,True,0.8967,0.0147,True,False,False,False,False,added
gold-fish,0_1,16,0.9688,HIGH,visible,True,0.9625,0.9736,0.9399,1.0,0.3436,True,0.8886,0.0168,True,False,False,False,False,paced
gold-fish,0_1,17,0.967,HIGH,visible,True,0.9554,0.9704,0.943,1.0,0.3583,True,0.8808,0.0147,True,False,False,False,False,paced
gold-fish,0_1,18,0.9136,MEDIUM,visible,True,0.9156,0.8383,0.9076,1.0,0.3388,True,0.9023,0.0015,True,False,False,False,False,paced
gold-fish,0_1,19,0.9569,HIGH,visible,True,0.9706,0.9367,0.9222,1.0,0.3183,True,0.8837,0.0021,True,False,False,False,False,paced
gold-fish,0_1,20,0.9625,HIGH,visible,True,0.966,0.9731,0.913,1.0,0.3372,True,0.8804,0.0019,True,False,False,False,False,evicted
gold-fish,0_1,21,0.9401,HIGH,visible,True,0.9423,0.8992,0.9218,1.0,0.3522,True,0.8546,0.0151,True,False,False,False,False,paced
gold-fish,0_1,22,0.9478,HIGH,visible,True,0.964,0.9874,0.8477,1.0,0.2871,True,0.8463,0.0193,True,False,False,False,False,paced
gold-fish,0_1,23,0.9241,HIGH,visible,True,0.9514,0.9275,0.8264,1.0,0.3044,True,0.8592,0.0093,True,False,False,False,False,paced
gold-fish,0_1,24,0.9342,HIGH,visible,True,0.9629,0.948,0.8344,1.0,0.2868,True,0.8848,0.0062,True,False,False,False,False,paced
gold-fish,0_1,25,0.9431,HIGH,visible,True,0.9634,0.981,0.8371,1.0,0.2786,True,0.8912,0.0051,True,False,False,False,False,evicted
gold-fish,0_1,26,0.9588,HIGH,visible,True,0.9648,0.9688,0.9043,1.0,0.3261,True,0.8988,0.0031,True,False,False,False,False,paced
gold-fish,0_1,27,0.9517,HIGH,visible,True,0.9669,0.9677,0.8808,0.9956,0.2799,True,0.9019,0.0,True,False,False,False,False,paced
gold-fish,0_1,28,0.9499,HIGH,visible,True,0.9694,0.9796,0.8572,1.0,0.2865,True,0.8919,0.0007,True,False,False,False,False,paced
gold-fish,0_1,29,0.9261,HIGH,visible,True,0.9671,0.9734,0.8268,0.945,0.2328,True,0.9063,0.0001,True,False,False,False,False,paced
gold-fish,0_1,30,0.9296,HIGH,visible,True,0.9692,0.9778,0.8379,0.9404,0.2598,True,0.8877,0.0002,True,False,False,False,False,evicted
gold-fish,0_1,31,0.938,HIGH,visible,True,0.9627,0.9478,0.8772,0.9669,0.351,True,0.8872,0.0002,True,False,False,False,False,paced
gold-fish,0_1,32,0.9346,HIGH,visible,True,0.9666,0.9733,0.8734,0.9286,0.2877,True,0.8966,0.0002,True,False,False,False,False,paced
gold-fish,0_1,33,0.9255,HIGH,visible,True,0.9625,0.9566,0.8554,0.9314,0.2513,True,0.8965,0.0002,True,False,False,False,False,paced
gold-fish,0_1,34,0.9324,HIGH,visible,True,0.9682,0.9916,0.8619,0.9135,0.2728,True,0.8943,0.0002,True,False,False,False,False,paced
gold-fish,0_1,35,0.9114,MEDIUM,visible,True,0.96,0.976,0.8021,0.918,0.2233,True,0.8825,0.0006,True,False,False,False,False,evicted
gold-fish,0_1,36,0.9241,HIGH,visible,True,0.9174,0.9132,0.8705,1.0,0.2492,True,0.8788,0.0055,True,False,False,False,False,paced
gold-fish,0_1,37,0.8931,MEDIUM,visible,True,0.9076,0.9425,0.7937,0.9371,0.1527,True,0.8791,0.0049,True,False,False,False,False,paced
gold-fish,0_1,38,0.8974,MEDIUM,visible,True,0.9157,0.9765,0.7338,0.9884,0.1262,True,0.8883,0.002,True,False,False,False,False,paced
gold-fish,0_1,39,0.8509,MEDIUM,visible,True,0.9292,0.9127,0.6605,0.9359,0.1121,True,0.9025,0.0,True,False,False,False,False,paced
gold-fish,0_1,40,0.8568,MEDIUM,visible,True,0.9307,0.9434,0.6796,0.9033,0.1403,True,0.8987,0.0001,True,False,False,False,False,evicted
gold-fish,0_1,41,0.8765,MEDIUM,visible,True,0.9334,0.913,0.7547,0.9175,0.1961,True,0.8794,0.0,True,False,False,False,False,paced
gold-fish,0_1,42,0.8708,MEDIUM,visible,True,0.9039,0.9023,0.7373,0.956,0.2022,True,0.9145,0.0072,True,False,False,False,False,paced
gold-fish,0_1,43,0.8797,MEDIUM,visible,True,0.9196,0.9517,0.713,0.9599,0.1887,True,0.9178,0.0062,True,False,False,False,False,paced
gold-fish,0_1,44,0.875,MEDIUM,visible,True,0.9352,0.9493,0.6822,0.968,0.1357,True,0.9486,0.0016,True,False,False,False,False,paced
gold-fish,0_1,45,0.8527,MEDIUM,visible,True,0.9128,0.9218,0.675,0.9306,0.1058,True,0.9383,0.0001,True,False,False,False,False,evicted
gold-fish,0_1,46,0.8873,MEDIUM,visible,True,0.9286,0.9373,0.7569,0.9411,0.191,True,0.9485,0.0,True,False,False,False,False,paced
gold-fish,0_1,47,0.8664,MEDIUM,visible,True,0.9367,0.9395,0.683,0.9375,0.1473,True,0.9563,0.0002,True,False,False,False,False,paced
gold-fish,0_1,48,0.873,MEDIUM,visible,True,0.9328,0.9727,0.6867,0.9322,0.1587,True,0.9535,0.0001,True,False,False,False,False,paced
gold-fish,0_1,49,0.8765,MEDIUM,visible,True,0.933,0.9949,0.7098,0.8956,0.1712,True,0.9405,0.0,True,False,False,False,False,paced
gold-fish,0_1,50,0.8452,MEDIUM,visible,True,0.9303,0.97,0.641,0.882,0.1454,True,0.9311,0.0012,True,False,False,False,False,evicted
gold-fish,0_1,51,0.8727,MEDIUM,visible,True,0.938,0.9608,0.7242,0.8888,0.2467,True,0.9174,0.0009,True,False,False,False,False,paced
gold-fish,0_1,52,0.89,MEDIUM,visible,True,0.9379,0.9935,0.7175,0.9383,0.2329,True,0.9343,0.001,True,False,False,False,False,paced
gold-fish,0_1,53,0.891,MEDIUM,visible,True,0.9469,0.9864,0.6974,0.9674,0.2197,True,0.958,0.0007,True,False,False,False,False,paced
gold-fish,0_1,54,0.875,MEDIUM,visible,True,0.9314,0.9227,0.7463,0.9139,0.2701,True,0.9484,0.0011,True,False,False,False,False,paced
gold-fish,0_1,55,0.8773,MEDIUM,visible,True,0.9465,0.9676,0.7039,0.9188,0.2422,True,0.9498,0.0027,True,False,False,False,False,evicted
gold-fish,0_1,56,0.8968,MEDIUM,visible,True,0.9389,0.959,0.7875,0.912,0.292,True,0.9471,0.0031,True,False,False,False,False,paced
gold-fish,0_1,57,0.8941,MEDIUM,visible,True,0.9513,0.9727,0.7571,0.9122,0.2462,True,0.9387,0.0025,True,False,False,False,False,paced
gold-fish,0_1,58,0.881,MEDIUM,visible,True,0.9539,0.9522,0.7593,0.8734,0.2164,True,0.9354,0.0038,True,False,False,False,False,paced
gold-fish,0_1,59,0.8835,MEDIUM,visible,True,0.9519,0.961,0.7519,0.8858,0.2322,True,0.921,0.0065,True,False,False,False,False,paced
gold-fish,0_1,60,0.8724,MEDIUM,visible,True,0.9514,0.9502,0.7532,0.8507,0.2567,True,0.9126,0.0068,True,False,False,False,False,evicted
gold-fish,0_1,61,0.8898,MEDIUM,visible,True,0.9541,0.9548,0.7902,0.8707,0.2834,True,0.9114,0.0071,True,False,False,False,False,paced
gold-fish,0_1,62,0.8799,MEDIUM,visible,True,0.9463,0.9661,0.7595,0.8632,0.2986,True,0.9111,0.0056,True,False,False,False,False,paced
gold-fish,0_1,63,0.8553,MEDIUM,visible,True,0.8792,0.9187,0.7184,0.9223,0.287,True,0.889,0.0001,True,False,False,False,False,paced
gold-fish,0_1,64,0.8295,MEDIUM,visible,True,0.8626,0.9342,0.6224,0.9439,0.2214,True,0.8957,0.0,True,False,False,False,False,paced
gold-fish,0_1,65,0.8347,MEDIUM,visible,True,0.8807,0.9375,0.6606,0.89,0.2355,True,0.8899,0.0,True,False,False,False,False,evicted
gold-fish,0_1,66,0.8258,MEDIUM,visible,True,0.867,0.9423,0.6395,0.8902,0.2973,True,0.8938,0.0,True,False,False,False,False,paced
gold-fish,0_1,67,0.8042,LOW,visible,True,0.8825,0.8909,0.5601,0.9499,0.205,True,0.9141,0.0,True,False,False,False,False,paced
gold-fish,0_1,68,0.7998,LOW,visible,True,0.8989,0.8319,0.5878,0.9307,0.2693,True,0.926,0.0,True,False,False,False,False,paced
gold-fish,0_1,69,0.737,LOW,visible,True,0.8729,0.8738,0.4266,0.9069,0.1812,True,0.9049,0.0,True,False,False,False,False,low_similarity
gold-fish,0_1,70,0.7593,LOW,visible,True,0.9091,0.8295,0.5083,0.8672,0.1814,True,0.8257,0.0,True,False,False,False,False,evicted
gold-fish,0_1,71,0.8067,LOW,visible,True,0.8609,0.7543,0.7354,0.8868,0.217,True,0.8481,0.0,True,False,False,False,False,paced
gold-fish,0_1,72,0.8451,MEDIUM,visible,True,0.9316,0.8785,0.7106,0.877,0.1417,True,0.7611,0.0,True,False,False,False,False,paced
gold-fish,0_1,73,0.8234,MEDIUM,visible,True,0.8983,0.8836,0.6785,0.8533,0.2261,True,0.7352,0.0,True,False,False,False,False,paced
gold-fish,0_1,74,0.8052,LOW,visible,True,0.8495,0.7729,0.7505,0.8532,0.283,True,0.6822,0.0,True,False,False,False,False,paced
gold-fish,0_1,75,0.789,LOW,visible,True,0.8241,0.7082,0.7239,0.917,0.3052,True,0.7301,0.0,True,False,False,False,False,evicted
gold-fish,0_1,76,0.8838,MEDIUM,visible,True,0.9164,0.9381,0.7506,0.9455,0.3429,True,0.7433,0.0,True,False,False,False,False,paced
gold-fish,0_2,1,0.9631,HIGH,visible,True,0.9559,0.9712,0.941,0.9849,0.393,True,0.0008,0.8976,False,True,True,True,False,paced
gold-fish,0_2,2,0.9615,HIGH,visible,True,0.9567,0.9791,0.9259,0.9855,0.3437,True,0.0016,0.902,False,True,True,True,False,paced
gold-fish,0_2,3,0.9663,HIGH,visible,True,0.9694,0.9925,0.9183,0.9868,0.3266,True,0.0021,0.9026,False,True,True,True,False,paced
gold-fish,0_2,4,0.9725,HIGH,visible,True,0.9721,0.9906,0.9288,1.0,0.3175,True,0.0031,0.9037,False,True,True,True,False,paced
gold-fish,0_2,5,0.9639,HIGH,visible,True,0.9661,0.9777,0.9138,1.0,0.2683,True,0.0078,0.9162,False,True,True,True,False,added
gold-fish,0_2,6,0.9736,HIGH,visible,True,0.9667,0.9714,0.9567,1.0,0.3137,True,0.0101,0.9002,False,True,True,True,False,paced
gold-fish,0_2,7,0.9578,HIGH,visible,True,0.9626,0.9639,0.9069,1.0,0.2783,True,0.0122,0.896,False,True,True,True,False,paced
gold-fish,0_2,8,0.9591,HIGH,visible,True,0.9581,0.9665,0.9138,1.0,0.3366,True,0.0145,0.8892,False,True,True,True,False,paced
gold-fish,0_2,9,0.9669,HIGH,visible,True,0.9595,0.9722,0.937,1.0,0.3309,True,0.0153,0.8785,False,True,True,True,False,paced
gold-fish,0_2,10,0.9552,HIGH,visible,True,0.9621,0.9351,0.9252,1.0,0.3075,True,0.0159,0.8644,False,True,True,True,False,added
gold-fish,0_2,11,0.9431,HIGH,visible,True,0.9304,0.9129,0.9313,1.0,0.3724,True,0.0017,0.863,False,True,True,True,False,paced
gold-fish,0_2,12,0.9581,HIGH,visible,True,0.9508,0.9579,0.9251,1.0,0.3372,True,0.0016,0.8824,False,True,True,True,False,paced
gold-fish,0_2,13,0.9115,MEDIUM,visible,True,0.9355,0.8329,0.8859,1.0,0.2644,True,0.0163,0.8872,False,True,True,True,False,paced
gold-fish,0_2,14,0.9649,HIGH,visible,True,0.9705,0.9923,0.9,1.0,0.2898,True,0.017,0.893,False,True,True,True,False,paced
gold-fish,0_2,15,0.9703,HIGH,visible,True,0.9708,0.988,0.9243,1.0,0.3175,True,0.0151,0.8967,False,True,True,True,False,added
gold-fish,0_2,16,0.9676,HIGH,visible,True,0.9626,0.9682,0.9407,1.0,0.3466,True,0.0169,0.8885,False,True,True,True,False,paced
gold-fish,0_2,17,0.9659,HIGH,visible,True,0.9556,0.9647,0.9441,1.0,0.3602,True,0.0147,0.8811,False,True,True,True,False,paced
gold-fish,0_2,18,0.9146,MEDIUM,visible,True,0.9154,0.8428,0.907,1.0,0.3431,True,0.0015,0.9031,False,True,True,True,False,paced
gold-fish,0_2,19,0.9567,HIGH,visible,True,0.9703,0.9368,0.9215,1.0,0.321,True,0.0021,0.8838,False,True,True,True,False,paced
gold-fish,0_2,20,0.962,HIGH,visible,True,0.966,0.9711,0.9128,1.0,0.3404,True,0.002,0.8804,False,True,True,True,False,evicted
gold-fish,0_2,21,0.9399,HIGH,visible,True,0.9423,0.8978,0.9224,1.0,0.3553,True,0.0012,0.8551,False,True,True,True,False,paced
gold-fish,0_2,22,0.9488,HIGH,visible,True,0.964,0.9873,0.8515,1.0,0.2914,True,0.0,0.8467,False,True,True,True,False,paced
gold-fish,0_2,23,0.9255,HIGH,visible,True,0.9514,0.9283,0.8308,1.0,0.3081,True,0.0001,0.8592,False,True,True,True,False,paced
gold-fish,0_2,24,0.9341,HIGH,visible,True,0.9581,0.9474,0.8389,1.0,0.2921,True,0.0001,0.885,False,True,True,True,False,paced
gold-fish,0_2,25,0.9445,HIGH,visible,True,0.9635,0.9812,0.8417,1.0,0.284,True,0.0002,0.8915,False,True,True,True,False,evicted
gold-fish,0_2,26,0.959,HIGH,visible,True,0.9647,0.9687,0.9052,1.0,0.3283,True,0.0002,0.8988,False,True,True,True,False,paced
gold-fish,0_2,27,0.9524,HIGH,visible,True,0.9669,0.9674,0.8797,1.0,0.2818,True,0.0,0.9022,False,True,True,True,False,paced
gold-fish,0_2,28,0.9505,HIGH,visible,True,0.9693,0.9792,0.8598,1.0,0.3054,True,0.0007,0.8921,False,True,True,True,False,paced
gold-fish,0_2,29,0.9337,HIGH,visible,True,0.9671,0.9736,0.8281,0.9749,0.2354,True,0.0001,0.9063,False,True,True,True,False,paced
gold-fish,0_2,30,0.9388,HIGH,visible,True,0.9693,0.9778,0.8379,0.9782,0.2596,True,0.0002,0.8878,False,True,True,True,False,evicted
gold-fish,0_2,31,0.9446,HIGH,visible,True,0.9627,0.9476,0.8786,0.9935,0.3538,True,0.0002,0.8872,False,True,True,True,False,paced
gold-fish,0_2,32,0.947,HIGH,visible,True,0.9666,0.9733,0.8756,0.9762,0.2897,True,0.0002,0.8966,False,True,True,True,False,paced
gold-fish,0_2,33,0.9385,HIGH,visible,True,0.9625,0.9564,0.8576,0.9828,0.2535,True,0.0002,0.8964,False,True,True,True,False,paced
gold-fish,0_2,34,0.9461,HIGH,visible,True,0.9711,0.9919,0.8634,0.9633,0.2739,True,0.0002,0.8943,False,True,True,True,False,paced
gold-fish,0_2,35,0.9251,HIGH,visible,True,0.96,0.9759,0.8048,0.9714,0.2252,True,0.0006,0.8825,False,True,True,True,False,evicted
gold-fish,0_2,36,0.9243,HIGH,visible,True,0.9173,0.9131,0.8713,1.0,0.2516,True,0.0037,0.8789,False,True,True,True,False,paced
gold-fish,0_2,37,0.8999,MEDIUM,visible,True,0.9076,0.9425,0.7967,0.9621,0.1565,True,0.0012,0.8792,False,True,True,True,False,paced
gold-fish,0_2,38,0.9002,MEDIUM,visible,True,0.9157,0.9765,0.7343,1.0,0.1277,True,0.0004,0.8885,False,True,True,True,False,paced
gold-fish,0_2,39,0.8542,MEDIUM,visible,True,0.9292,0.9126,0.6625,0.9478,0.119,True,0.0,0.9027,False,True,True,True,False,paced
gold-fish,0_2,40,0.8593,MEDIUM,visible,True,0.9306,0.9435,0.6781,0.9159,0.1444,True,0.0,0.8989,False,True,True,True,False,evicted
gold-fish,0_2,41,0.8788,MEDIUM,visible,True,0.9334,0.9131,0.7554,0.9264,0.1982,True,0.0,0.8795,False,True,True,True,False,paced
gold-fish,0_2,42,0.8686,MEDIUM,visible,True,0.9039,0.9022,0.7366,0.9474,0.2032,True,0.0,0.9145,False,True,True,True,False,paced
gold-fish,0_2,43,0.8852,MEDIUM,visible,True,0.9197,0.952,0.7131,0.9835,0.1914,True,0.0,0.9177,False,True,True,True,False,paced
gold-fish,0_2,44,0.8794,MEDIUM,visible,True,0.9353,0.9493,0.6817,0.9882,0.1371,True,0.0,0.9487,False,True,True,True,False,paced
gold-fish,0_2,45,0.8511,MEDIUM,visible,True,0.9128,0.9219,0.6737,0.9258,0.1047,True,0.0001,0.9386,False,True,True,True,False,evicted
gold-fish,0_2,46,0.888,MEDIUM,visible,True,0.9286,0.9373,0.7562,0.9447,0.1909,True,0.0,0.9485,False,True,True,True,False,paced
gold-fish,0_2,47,0.866,MEDIUM,visible,True,0.9367,0.9394,0.683,0.936,0.1471,True,0.0,0.9564,False,True,True,True,False,paced
gold-fish,0_2,48,0.8772,MEDIUM,visible,True,0.9328,0.9727,0.6882,0.948,0.1592,True,0.0,0.9535,False,True,True,True,False,paced
gold-fish,0_2,49,0.8785,MEDIUM,visible,True,0.933,0.9949,0.7116,0.9017,0.175,True,0.0,0.9406,False,True,True,True,False,paced
gold-fish,0_2,50,0.8479,MEDIUM,visible,True,0.9303,0.97,0.6421,0.8919,0.1481,True,0.0,0.9312,False,True,True,True,False,evicted
gold-fish,0_2,51,0.8718,MEDIUM,visible,True,0.938,0.9609,0.7261,0.8825,0.2481,True,0.0,0.9175,False,True,True,True,False,paced
gold-fish,0_2,52,0.8915,MEDIUM,visible,True,0.938,0.9937,0.7192,0.9423,0.2346,True,0.0001,0.9342,False,True,True,True,False,paced
gold-fish,0_2,53,0.891,MEDIUM,visible,True,0.9469,0.9864,0.6993,0.9648,0.2209,True,0.0001,0.958,False,True,True,True,False,paced
gold-fish,0_2,54,0.8772,MEDIUM,visible,True,0.9314,0.9227,0.7472,0.9222,0.2705,True,0.0,0.9485,False,True,True,True,False,paced
gold-fish,0_2,55,0.8741,MEDIUM,visible,True,0.9465,0.9677,0.7047,0.9046,0.2439,True,0.0,0.9499,False,True,True,True,False,evicted
gold-fish,0_2,56,0.8981,MEDIUM,visible,True,0.9389,0.9588,0.7873,0.9179,0.2927,True,0.0,0.9471,False,True,True,True,False,paced
gold-fish,0_2,57,0.894,MEDIUM,visible,True,0.9513,0.9726,0.7581,0.9107,0.2466,True,0.0,0.9387,False,True,True,True,False,paced
gold-fish,0_2,58,0.8718,MEDIUM,visible,True,0.9538,0.9522,0.7579,0.8393,0.2173,True,0.0,0.9355,False,True,True,True,False,paced
gold-fish,0_2,59,0.886,MEDIUM,visible,True,0.952,0.9611,0.7528,0.8943,0.2333,True,0.0,0.921,False,True,True,True,False,paced
gold-fish,0_2,60,0.8715,MEDIUM,visible,True,0.9514,0.9501,0.7496,0.8512,0.2583,True,0.0,0.9126,False,True,True,True,False,evicted
gold-fish,0_2,61,0.8909,MEDIUM,visible,True,0.9541,0.955,0.7899,0.8753,0.2821,True,0.0,0.9114,False,True,True,True,False,paced
gold-fish,0_2,62,0.8818,MEDIUM,visible,True,0.9463,0.966,0.7608,0.8695,0.3005,True,0.0,0.9112,False,True,True,True,False,paced
gold-fish,0_2,63,0.8578,MEDIUM,visible,True,0.8792,0.9186,0.7249,0.9246,0.2907,True,0.0,0.8891,False,True,True,True,False,paced
gold-fish,0_2,64,0.833,MEDIUM,visible,True,0.8626,0.9346,0.6251,0.9551,0.2259,True,0.0,0.8959,False,True,True,True,False,paced
gold-fish,0_2,65,0.8374,MEDIUM,visible,True,0.8807,0.9385,0.6637,0.8966,0.2382,True,0.0,0.89,False,True,True,True,False,evicted
gold-fish,0_2,66,0.8195,MEDIUM,visible,True,0.8671,0.9426,0.6487,0.8508,0.3076,True,0.0,0.8938,False,True,True,True,False,paced
gold-fish,0_2,67,0.81,MEDIUM,visible,True,0.8826,0.8911,0.569,0.962,0.2917,True,0.0,0.9141,False,True,True,True,False,paced
gold-fish,0_2,68,0.7945,LOW,visible,True,0.8989,0.8317,0.5898,0.9035,0.3197,True,0.0,0.926,False,True,True,True,False,paced
gold-fish,0_2,69,0.7322,LOW,visible,True,0.873,0.8738,0.4269,0.8828,0.172,True,0.0,0.9048,False,True,True,True,False,low_similarity
gold-fish,0_2,70,0.7559,LOW,visible,True,0.909,0.8295,0.5102,0.8484,0.1934,True,0.0,0.8258,False,True,True,True,False,evicted
gold-fish,0_2,71,0.8037,LOW,visible,True,0.8608,0.7544,0.7364,0.8725,0.2986,True,0.0,0.8482,False,True,True,True,False,paced
gold-fish,0_2,72,0.8457,MEDIUM,visible,True,0.9316,0.8785,0.7145,0.8748,0.1585,True,0.0,0.7611,False,True,True,True,False,paced
gold-fish,0_2,73,0.8216,MEDIUM,visible,True,0.8984,0.8836,0.6841,0.8393,0.2345,True,0.0,0.7352,False,True,True,True,False,paced
gold-fish,0_2,74,0.7975,LOW,visible,True,0.8495,0.7728,0.7545,0.8168,0.2925,True,0.0,0.6822,False,True,True,True,False,paced
gold-fish,0_2,75,0.7869,LOW,visible,True,0.8241,0.7083,0.7469,0.8795,0.2608,True,0.0,0.73,False,True,True,True,False,evicted
gold-fish,0_2,76,0.8825,MEDIUM,visible,True,0.9164,0.9381,0.7529,0.9373,0.3345,True,0.0,0.7432,False,True,True,True,False,paced
gold-fish,0_3,1,0.9807,HIGH,visible,True,0.9684,0.987,0.9679,1.0,0.3399,True,0.0,0.9183,False,True,True,True,False,paced
gold-fish,0_3,2,0.976,HIGH,visible,True,0.9675,0.982,0.955,1.0,0.3474,True,0.0,0.909,False,True,True,True,False,paced
gold-fish,0_3,3,0.9785,HIGH,visible,True,0.9743,0.9936,0.947,1.0,0.3376,True,0.0,0.9256,False,True,True,True,False,paced
gold-fish,0_3,4,0.9754,HIGH,visible,True,0.979,0.9893,0.9352,0.9995,0.3265,True,0.0,0.9419,False,True,True,True,False,paced
gold-fish,0_3,5,0.9581,HIGH,visible,True,0.9736,0.9541,0.921,0.985,0.34,True,0.0,0.94,False,True,True,True,False,added
gold-fish,0_3,6,0.9763,HIGH,visible,True,0.9698,0.9887,0.9708,0.9759,0.3908,True,0.0,0.9471,False,True,True,True,False,paced
gold-fish,0_3,7,0.9712,HIGH,visible,True,0.9696,0.982,0.9497,0.9838,0.3945,True,0.0,0.9498,False,True,True,True,False,paced
gold-fish,0_3,8,0.9721,HIGH,visible,True,0.9751,0.9919,0.9319,0.991,0.3545,True,0.0,0.9391,False,True,True,True,False,paced
gold-fish,0_3,9,0.974,HIGH,visible,True,0.9808,0.9858,0.9307,1.0,0.273,True,0.0,0.9435,False,True,True,True,False,paced
gold-fish,0_3,10,0.9737,HIGH,visible,True,0.9826,0.988,0.9259,1.0,0.3127,True,0.0,0.9523,False,True,True,True,False,added
gold-fish,0_3,11,0.9798,HIGH,visible,True,0.9751,0.9919,0.9528,1.0,0.3496,True,0.0,0.9532,False,True,True,True,False,paced
gold-fish,0_3,12,0.9744,HIGH,visible,True,0.9735,0.9952,0.9309,0.9995,0.3508,True,0.0,0.9472,False,True,True,True,False,paced
gold-fish,0_3,13,0.9696,HIGH,visible,True,0.978,0.9969,0.9343,0.9702,0.3343,True,0.0,0.9515,False,True,True,True,False,paced
gold-fish,0_3,14,0.9659,HIGH,visible,True,0.9767,0.9669,0.9427,0.9775,0.3553,True,0.0,0.9562,False,True,True,True,False,paced
gold-fish,0_3,15,0.9702,HIGH,visible,True,0.9799,0.9833,0.9272,0.9919,0.3372,True,0.0,0.953,False,True,True,True,False,added
gold-fish,0_3,16,0.9698,HIGH,visible,True,0.9772,0.99,0.9503,0.9622,0.3702,True,0.0,0.9582,False,True,True,True,False,paced
gold-fish,0_3,17,0.9662,HIGH,visible,True,0.9728,0.9766,0.9431,0.9728,0.3534,True,0.0,0.9527,False,True,True,True,False,paced
gold-fish,0_3,18,0.9675,HIGH,visible,True,0.9606,0.9604,0.9597,0.9896,0.3593,True,0.0,0.9506,False,True,True,True,False,paced
gold-fish,0_3,19,0.9745,HIGH,visible,True,0.972,0.988,0.9607,0.9774,0.363,True,0.0,0.9478,False,True,True,True,False,paced
gold-fish,0_3,20,0.9821,HIGH,visible,True,0.9762,0.9968,0.956,1.0,0.3718,True,0.0,0.9412,False,True,True,True,False,merged
gold-fish,0_3,21,0.9789,HIGH,visible,True,0.9735,0.9871,0.9578,0.9976,0.359,True,0.0,0.9439,False,True,True,True,False,paced
gold-fish,0_3,22,0.9509,HIGH,visible,True,0.9469,0.9409,0.9561,0.96,0.3854,True,0.0,0.9131,False,True,True,True,False,paced
gold-fish,0_3,23,0.9657,HIGH,visible,True,0.9786,0.9858,0.9401,0.9589,0.38,True,0.0,0.9392,False,True,True,True,False,paced
gold-fish,0_3,24,0.9533,HIGH,visible,True,0.9659,0.9741,0.9292,0.9445,0.3988,True,0.0,0.9462,False,True,True,True,False,paced
gold-fish,0_3,25,0.96,HIGH,visible,True,0.977,0.9692,0.8971,1.0,0.3722,True,0.0,0.9509,False,True,True,True,False,evicted
gold-fish,0_3,26,0.9456,HIGH,visible,True,0.9634,0.9472,0.9155,0.9568,0.4011,True,0.0,0.9463,False,True,True,True,False,paced
gold-fish,0_3,27,0.9645,HIGH,visible,True,0.9605,0.9673,0.9315,1.0,0.371,True,0.0,0.9465,False,True,True,True,False,paced
gold-fish,0_3,28,0.9658,HIGH,visible,True,0.9569,0.98,0.9278,1.0,0.3563,True,0.0,0.9281,False,True,True,True,False,paced
gold-fish,0_3,29,0.9479,HIGH,visible,True,0.9279,0.9293,0.9363,1.0,0.3779,True,0.0,0.9282,False,True,True,True,False,paced
gold-fish,0_3,30,0.9547,HIGH,visible,True,0.97,0.9612,0.891,1.0,0.3734,True,0.0,0.9328,False,True,True,True,False,evicted
gold-fish,0_3,31,0.9534,HIGH,visible,True,0.9573,0.945,0.9283,0.9839,0.3705,True,0.0,0.9374,False,True,True,True,False,paced
gold-fish,0_3,32,0.9522,HIGH,visible,True,0.9589,0.9883,0.9238,0.9389,0.356,True,0.0,0.9421,False,True,True,True,False,paced
gold-fish,0_3,33,0.9484,HIGH,visible,True,0.9688,0.9832,0.91,0.9333,0.3398,True,0.0,0.9573,False,True,True,True,False,paced
gold-fish,0_3,34,0.9451,HIGH,visible,True,0.955,0.9611,0.9205,0.9443,0.3605,True,0.0,0.9446,False,True,True,True,False,paced
gold-fish,0_3,35,0.9718,HIGH,visible,True,0.9623,0.996,0.9306,1.0,0.3668,True,0.0,0.9518,False,True,True,True,False,evicted
gold-fish,0_3,36,0.9741,HIGH,visible,True,0.9638,0.9936,0.9402,1.0,0.3421,True,0.0,0.9413,False,True,True,True,False,paced
gold-fish,0_3,37,0.9652,HIGH,visible,True,0.9623,0.9671,0.9351,0.997,0.3612,True,0.0,0.936,False,True,True,True,False,paced
gold-fish,0_3,38,0.9633,HIGH,visible,True,0.9683,0.9676,0.9263,0.9921,0.3206,True,0.0,0.9323,False,True,True,True,False,paced
gold-fish,0_3,39,0.9646,HIGH,visible,True,0.9565,0.9705,0.9326,1.0,0.283,True,0.0,0.9425,False,True,True,True,False,paced
gold-fish,0_3,40,0.9761,HIGH,visible,True,0.9747,0.9867,0.9439,1.0,0.3261,True,0.0,0.9302,False,True,True,True,False,evicted
gold-fish,0_3,41,0.9797,HIGH,visible,True,0.9732,0.997,0.9492,1.0,0.327,True,0.0,0.9191,False,True,True,True,False,paced
gold-fish,0_3,42,0.965,HIGH,visible,True,0.9715,0.9813,0.9097,1.0,0.3046,True,0.0,0.908,False,True,True,True,False,paced
gold-fish,0_3,43,0.9658,HIGH,visible,True,0.9711,0.9737,0.9203,1.0,0.2723,True,0.0,0.91,False,True,True,True,False,paced
gold-fish,0_3,44,0.9604,HIGH,visible,True,0.9719,0.9913,0.8829,1.0,0.2091,True,0.0,0.9154,False,True,True,True,False,paced
gold-fish,0_3,45,0.9625,HIGH,visible,True,0.9708,0.987,0.8959,1.0,0.2509,True,0.0,0.9008,False,True,True,True,False,evicted
gold-fish,0_3,46,0.9634,HIGH,visible,True,0.963,0.9724,0.9199,1.0,0.2821,True,0.0,0.9301,False,True,True,True,False,paced
gold-fish,0_3,47,0.9624,HIGH,visible,True,0.9667,0.9622,0.9224,1.0,0.2827,True,0.0,0.9264,False,True,True,True,False,paced
gold-fish,0_3,48,0.9675,HIGH,visible,True,0.9667,0.9834,0.9218,1.0,0.264,True,0.0,0.9279,False,True,True,True,False,paced
gold-fish,0_3,49,0.9735,HIGH,visible,True,0.9725,0.9962,0.9269,1.0,0.2953,True,0.0,0.9252,False,True,True,True,False,paced
gold-fish,0_3,50,0.9717,HIGH,visible,True,0.972,0.9905,0.926,1.0,0.2896,True,0.0,0.9232,False,True,True,True,False,evicted
gold-fish,0_3,51,0.9714,HIGH,visible,True,0.9709,0.9858,0.9304,1.0,0.2928,True,0.0,0.9213,False,True,True,True,False,paced
gold-fish,0_3,52,0.9706,HIGH,visible,True,0.9675,0.9833,0.9328,1.0,0.3013,True,0.0,0.9191,False,True,True,True,False,paced
gold-fish,0_3,53,0.9645,HIGH,visible,True,0.9584,0.9724,0.9285,1.0,0.2653,True,0.0,0.9235,False,True,True,True,False,paced
gold-fish,0_3,54,0.9565,HIGH,visible,True,0.9554,0.9801,0.8938,1.0,0.322,True,0.0,0.9172,False,True,True,True,False,paced
gold-fish,0_3,55,0.9456,HIGH,visible,True,0.9407,0.9497,0.8949,1.0,0.3145,True,0.0,0.9206,False,True,True,True,False,evicted
gold-fish,0_3,56,0.9649,HIGH,visible,True,0.9489,0.9928,0.9199,1.0,0.3497,True,0.0,0.9311,False,True,True,True,False,paced
gold-fish,0_3,57,0.9442,HIGH,visible,True,0.9398,0.9363,0.9031,1.0,0.3496,True,0.0,0.9146,False,True,True,True,False,paced
gold-fish,0_3,58,0.9565,HIGH,visible,True,0.9455,0.9946,0.8901,1.0,0.361,True,0.0,0.9055,False,True,True,True,False,paced
gold-fish,0_3,59,0.9541,HIGH,visible,True,0.9513,0.9778,0.8908,1.0,0.3253,True,0.0,0.8908,False,True,True,True,False,paced
gold-fish,0_3,60,0.9312,HIGH,visible,True,0.9171,0.8961,0.9149,1.0,0.2857,True,0.0,0.8842,False,True,True,True,False,evicted
gold-fish,0_3,61,0.9551,HIGH,visible,True,0.9683,0.9396,0.9148,1.0,0.3064,True,0.0,0.8969,False,True,True,True,False,paced
gold-fish,0_3,62,0.9564,HIGH,visible,True,0.9577,0.9604,0.9098,1.0,0.2996,True,0.0,0.9297,False,True,True,True,False,paced
gold-fish,0_3,63,0.9426,HIGH,visible,True,0.9288,0.9314,0.9125,1.0,0.2508,True,0.0,0.9549,False,True,True,True,False,paced
gold-fish,0_3,64,0.9531,HIGH,visible,True,0.9717,0.9463,0.8974,1.0,0.2141,True,0.0,0.9577,False,True,True,True,False,paced
gold-fish,0_3,65,0.9594,HIGH,visible,True,0.9718,0.941,0.9265,1.0,0.257,True,0.0,0.9486,False,True,True,True,False,evicted
gold-fish,0_3,66,0.9705,HIGH,visible,True,0.972,0.9589,0.9519,1.0,0.299,True,0.0,0.9465,False,True,True,True,False,paced
gold-fish,0_3,67,0.9749,HIGH,visible,True,0.9733,0.9786,0.9483,1.0,0.3282,True,0.0,0.9491,False,True,True,True,False,paced
gold-fish,0_3,68,0.9699,HIGH,visible,True,0.9713,0.9736,0.9357,1.0,0.3379,True,0.0,0.9539,False,True,True,True,False,paced
gold-fish,0_3,69,0.9733,HIGH,visible,True,0.972,0.9775,0.9446,1.0,0.3213,True,0.0,0.9487,False,True,True,True,False,paced
gold-fish,0_3,70,0.9725,HIGH,visible,True,0.9735,0.9944,0.9241,1.0,0.3094,True,0.0,0.955,False,True,True,True,False,evicted
gold-fish,0_3,71,0.9679,HIGH,visible,True,0.9708,0.9917,0.9118,1.0,0.2953,True,0.0,0.955,False,True,True,True,False,paced
gold-fish,0_3,72,0.9653,HIGH,visible,True,0.9711,0.983,0.9096,1.0,0.2608,True,0.0,0.9569,False,True,True,True,False,paced
gold-fish,0_3,73,0.962,HIGH,visible,True,0.9675,0.9668,0.9156,1.0,0.2452,True,0.0,0.9465,False,True,True,True,False,paced
gold-fish,0_3,74,0.9684,HIGH,visible,True,0.9704,0.9764,0.928,1.0,0.2657,True,0.0,0.9284,False,True,True,True,False,paced
gold-fish,0_3,75,0.9614,HIGH,visible,True,0.9598,0.9745,0.9135,1.0,0.2367,True,0.0,0.9318,False,True,True,True,False,merged
gold-fish,0_3,76,0.964,HIGH,visible,True,0.969,0.9565,0.9316,1.0,0.2648,True,0.0,0.9584,False,True,True,True,False,paced
gold-fish,0_4,1,0.956,HIGH,visible,True,0.9536,0.9709,0.9391,0.9607,0.3798,True,0.0,0.8977,False,True,True,True,False,paced
gold-fish,0_4,2,0.9551,HIGH,visible,True,0.9567,0.9792,0.9235,0.9617,0.3327,True,0.0,0.9022,False,True,True,True,False,paced
gold-fish,0_4,3,0.9585,HIGH,visible,True,0.9695,0.9921,0.9162,0.9578,0.3138,True,0.0,0.9027,False,True,True,True,False,paced
gold-fish,0_4,4,0.963,HIGH,visible,True,0.9721,0.9907,0.9276,0.9627,0.3068,True,0.0,0.9037,False,True,True,True,False,paced
gold-fish,0_4,5,0.9592,HIGH,visible,True,0.9662,0.9779,0.9131,0.9813,0.2574,True,0.0,0.9163,False,True,True,True,False,added
gold-fish,0_4,6,0.9676,HIGH,visible,True,0.9667,0.9715,0.9578,0.9744,0.3095,True,0.0,0.9002,False,True,True,True,False,paced
gold-fish,0_4,7,0.9581,HIGH,visible,True,0.9627,0.9637,0.9082,1.0,0.2727,True,0.0,0.896,False,True,True,True,False,paced
gold-fish,0_4,8,0.9597,HIGH,visible,True,0.9581,0.9671,0.9156,1.0,0.3285,True,0.0,0.8894,False,True,True,True,False,paced
gold-fish,0_4,9,0.967,HIGH,visible,True,0.9595,0.9718,0.938,1.0,0.3223,True,0.0,0.8787,False,True,True,True,False,paced
gold-fish,0_4,10,0.9556,HIGH,visible,True,0.962,0.9351,0.9268,1.0,0.3008,True,0.0,0.8645,False,True,True,True,False,added
gold-fish,0_4,11,0.9432,HIGH,visible,True,0.9304,0.9127,0.9319,1.0,0.3628,True,0.0,0.8631,False,True,True,True,False,paced
gold-fish,0_4,12,0.9578,HIGH,visible,True,0.9508,0.9584,0.9238,1.0,0.3277,True,0.0,0.8825,False,True,True,True,False,paced
gold-fish,0_4,13,0.9117,MEDIUM,visible,True,0.9355,0.8328,0.8869,1.0,0.2573,True,0.0,0.8872,False,True,True,True,False,paced
gold-fish,0_4,14,0.9653,HIGH,visible,True,0.9705,0.9923,0.9015,1.0,0.2848,True,0.0,0.8933,False,True,True,True,False,paced
gold-fish,0_4,15,0.9713,HIGH,visible,True,0.9739,0.9882,0.9247,1.0,0.3112,True,0.0,0.8968,False,True,True,True,False,added
gold-fish,0_4,16,0.9678,HIGH,visible,True,0.9626,0.9685,0.9409,1.0,0.338,True,0.0,0.8885,False,True,True,True,False,paced
gold-fish,0_4,17,0.9658,HIGH,visible,True,0.9556,0.9645,0.9442,1.0,0.3495,True,0.0,0.8812,False,True,True,True,False,paced
gold-fish,0_4,18,0.9139,MEDIUM,visible,True,0.9154,0.8427,0.9072,0.9966,0.3279,True,0.0,0.9032,False,True,True,True,False,paced
gold-fish,0_4,19,0.9559,HIGH,visible,True,0.9703,0.9367,0.9219,0.9963,0.3084,True,0.0,0.8839,False,True,True,True,False,paced
gold-fish,0_4,20,0.9619,HIGH,visible,True,0.966,0.971,0.9127,1.0,0.3249,True,0.0,0.8806,False,True,True,True,False,evicted
gold-fish,0_4,21,0.9398,HIGH,visible,True,0.9423,0.8978,0.922,1.0,0.3411,True,0.0,0.8553,False,True,True,True,False,paced
gold-fish,0_4,22,0.9486,HIGH,visible,True,0.9639,0.9873,0.8508,1.0,0.2804,True,0.0,0.8468,False,True,True,True,False,paced
gold-fish,0_4,23,0.9252,HIGH,visible,True,0.9514,0.9282,0.8297,1.0,0.2947,True,0.0,0.8592,False,True,True,True,False,paced
gold-fish,0_4,24,0.9339,HIGH,visible,True,0.9581,0.9473,0.8381,1.0,0.2798,True,0.0,0.885,False,True,True,True,False,paced
gold-fish,0_4,25,0.9444,HIGH,visible,True,0.9635,0.9812,0.8415,1.0,0.2711,True,0.0,0.8917,False,True,True,True,False,evicted
gold-fish,0_4,26,0.959,HIGH,visible,True,0.9647,0.9684,0.9056,1.0,0.3164,True,0.0,0.8988,False,True,True,True,False,paced
gold-fish,0_4,27,0.9524,HIGH,visible,True,0.9669,0.9675,0.8795,1.0,0.2747,True,0.0,0.9022,False,True,True,True,False,paced
gold-fish,0_4,28,0.9503,HIGH,visible,True,0.9693,0.9793,0.8591,1.0,0.2926,True,0.0,0.8921,False,True,True,True,False,paced
gold-fish,0_4,29,0.9385,HIGH,visible,True,0.9671,0.9735,0.8272,0.9961,0.2309,True,0.0,0.9063,False,True,True,True,False,paced
gold-fish,0_4,30,0.9373,HIGH,visible,True,0.9693,0.9775,0.8359,0.9747,0.2527,True,0.0,0.8877,False,True,True,True,False,evicted
gold-fish,0_4,31,0.9454,HIGH,visible,True,0.9627,0.948,0.8784,0.9965,0.3461,True,0.0,0.8872,False,True,True,True,False,paced
gold-fish,0_4,32,0.9491,HIGH,visible,True,0.9666,0.9733,0.8741,0.9868,0.2744,True,0.0,0.8967,False,True,True,True,False,paced
gold-fish,0_4,33,0.938,HIGH,visible,True,0.9625,0.9564,0.8565,0.9817,0.243,True,0.0,0.8965,False,True,True,True,False,paced
gold-fish,0_4,34,0.9506,HIGH,visible,True,0.971,0.9922,0.8625,0.9824,0.2656,True,0.0,0.8944,False,True,True,True,False,paced
gold-fish,0_4,35,0.9241,HIGH,visible,True,0.96,0.9759,0.8039,0.9683,0.2161,True,0.0,0.8825,False,True,True,True,False,evicted
gold-fish,0_4,36,0.9191,MEDIUM,visible,True,0.9173,0.9128,0.871,0.9784,0.237,True,0.0,0.879,False,True,True,True,False,paced
gold-fish,0_4,37,0.9001,MEDIUM,visible,True,0.9075,0.9428,0.7963,0.9635,0.1517,True,0.0,0.8793,False,True,True,True,False,paced
gold-fish,0_4,38,0.894,MEDIUM,visible,True,0.9158,0.9765,0.7342,0.9729,0.1236,True,0.0001,0.8885,False,True,True,True,False,paced
gold-fish,0_4,39,0.8529,MEDIUM,visible,True,0.9292,0.9126,0.6611,0.9439,0.1155,True,0.0,0.9027,False,True,True,True,False,paced
gold-fish,0_4,40,0.8599,MEDIUM,visible,True,0.9306,0.9435,0.677,0.9198,0.1435,True,0.0001,0.8989,False,True,True,True,False,evicted
gold-fish,0_4,41,0.8791,MEDIUM,visible,True,0.9334,0.9132,0.7559,0.9268,0.1973,True,0.0,0.8795,False,True,True,True,False,paced
gold-fish,0_4,42,0.8702,MEDIUM,visible,True,0.9039,0.9022,0.7373,0.9537,0.1983,True,0.0,0.9145,False,True,True,True,False,paced
gold-fish,0_4,43,0.8852,MEDIUM,visible,True,0.9196,0.9519,0.7126,0.9844,0.1877,True,0.0,0.9178,False,True,True,True,False,paced
gold-fish,0_4,44,0.8817,MEDIUM,visible,True,0.9353,0.9492,0.6826,0.9975,0.134,True,0.0,0.9487,False,True,True,True,False,paced
gold-fish,0_4,45,0.8474,MEDIUM,visible,True,0.9128,0.9219,0.6752,0.9076,0.1038,True,0.0,0.9386,False,True,True,True,False,evicted
gold-fish,0_4,46,0.8846,MEDIUM,visible,True,0.9286,0.9373,0.7577,0.9286,0.1879,True,0.0,0.9485,False,True,True,True,False,paced
gold-fish,0_4,47,0.8642,MEDIUM,visible,True,0.9367,0.9394,0.6843,0.9264,0.1476,True,0.0002,0.9564,False,True,True,True,False,paced
gold-fish,0_4,48,0.872,MEDIUM,visible,True,0.9328,0.9727,0.6894,0.9245,0.1594,True,0.0001,0.9535,False,True,True,True,False,paced
gold-fish,0_4,49,0.8738,MEDIUM,visible,True,0.9331,0.9949,0.7104,0.8842,0.1746,True,0.0,0.9406,False,True,True,True,False,paced
gold-fish,0_4,50,0.8488,MEDIUM,visible,True,0.9303,0.9701,0.6429,0.8947,0.1521,True,0.0012,0.9313,False,True,True,True,False,evicted
gold-fish,0_4,51,0.8778,MEDIUM,visible,True,0.9379,0.9609,0.7267,0.9065,0.2543,True,0.0009,0.9175,False,True,True,True,False,paced
gold-fish,0_4,52,0.8894,MEDIUM,visible,True,0.938,0.9937,0.7195,0.9329,0.2415,True,0.001,0.9342,False,True,True,True,False,paced
gold-fish,0_4,53,0.8845,MEDIUM,visible,True,0.9469,0.9864,0.6994,0.9368,0.2279,True,0.0007,0.958,False,True,True,True,False,paced
gold-fish,0_4,54,0.8768,MEDIUM,visible,True,0.9314,0.9228,0.7474,0.92,0.2724,True,0.0011,0.9486,False,True,True,True,False,paced
gold-fish,0_4,55,0.8769,MEDIUM,visible,True,0.9465,0.9678,0.705,0.9155,0.247,True,0.0027,0.9499,False,True,True,True,False,evicted
gold-fish,0_4,56,0.9026,MEDIUM,visible,True,0.939,0.9589,0.787,0.9366,0.2956,True,0.0031,0.9471,False,True,True,True,False,paced
gold-fish,0_4,57,0.903,MEDIUM,visible,True,0.9513,0.9725,0.7576,0.9486,0.2498,True,0.0025,0.9387,False,True,True,True,False,paced
gold-fish,0_4,58,0.8902,MEDIUM,visible,True,0.9538,0.9522,0.7576,0.9127,0.22,True,0.0038,0.9355,False,True,True,True,False,paced
gold-fish,0_4,59,0.8952,MEDIUM,visible,True,0.952,0.961,0.7527,0.9324,0.2347,True,0.0065,0.9211,False,True,True,True,False,paced
gold-fish,0_4,60,0.8846,MEDIUM,visible,True,0.9514,0.9502,0.7498,0.9036,0.257,True,0.0068,0.9127,False,True,True,True,False,evicted
gold-fish,0_4,61,0.8972,MEDIUM,visible,True,0.9541,0.9551,0.7904,0.8994,0.2818,True,0.0071,0.9115,False,True,True,True,False,paced
gold-fish,0_4,62,0.8861,MEDIUM,visible,True,0.9463,0.966,0.7609,0.8863,0.3031,True,0.0056,0.9113,False,True,True,True,False,paced
gold-fish,0_4,63,0.8578,MEDIUM,visible,True,0.8792,0.9186,0.7217,0.9286,0.2963,True,0.0001,0.8891,False,True,True,True,False,paced
gold-fish,0_4,64,0.8352,MEDIUM,visible,True,0.8626,0.9349,0.6257,0.9641,0.2366,True,0.0,0.8959,False,True,True,True,False,paced
gold-fish,0_4,65,0.8438,MEDIUM,visible,True,0.8807,0.9385,0.6646,0.9226,0.2383,True,0.0,0.8901,False,True,True,True,False,evicted
gold-fish,0_4,66,0.8427,MEDIUM,visible,True,0.8671,0.9425,0.6484,0.9518,0.3114,True,0.0,0.8938,False,True,True,True,False,paced
gold-fish,0_4,67,0.8166,MEDIUM,visible,True,0.8826,0.8911,0.5682,0.9953,0.2292,True,0.0,0.9142,False,True,True,True,False,paced
gold-fish,0_4,68,0.8043,LOW,visible,True,0.8989,0.8316,0.5896,0.9498,0.2909,True,0.0,0.9259,False,True,True,True,False,paced
gold-fish,0_4,69,0.7405,LOW,visible,True,0.873,0.8738,0.4266,0.9239,0.1674,True,0.0,0.9048,False,True,True,True,False,low_similarity
gold-fish,0_4,70,0.7708,LOW,visible,True,0.9091,0.8295,0.5101,0.9175,0.1933,True,0.0,0.8258,False,True,True,True,False,evicted
gold-fish,0_4,71,0.8127,MEDIUM,visible,True,0.8609,0.7544,0.7357,0.9131,0.2226,True,0.0,0.8482,False,True,True,True,False,paced
gold-fish,0_4,72,0.8611,MEDIUM,visible,True,0.9316,0.8785,0.7131,0.9418,0.1543,True,0.0,0.7612,False,True,True,True,False,paced
gold-fish,0_4,73,0.8364,MEDIUM,visible,True,0.8984,0.8837,0.6834,0.9021,0.2309,True,0.0,0.7352,False,True,True,True,False,paced
gold-fish,0_4,74,0.8186,MEDIUM,visible,True,0.8495,0.7728,0.754,0.9071,0.2928,True,0.0,0.6822,False,True,True,True,False,paced
gold-fish,0_4,75,0.7995,LOW,visible,True,0.8241,0.7083,0.7461,0.9381,0.2582,True,0.0,0.7301,False,True,True,True,False,evicted
gold-fish,0_4,76,0.8881,MEDIUM,visible,True,0.9164,0.9381,0.7522,0.9618,0.3308,True,0.0,0.7432,False,True,True,True,False,paced
gold-fish,0_5,1,0.9592,HIGH,visible,True,0.9558,0.9711,0.9393,0.9709,0.3814,True,0.0,0.8975,False,True,True,True,False,paced
gold-fish,0_5,2,0.9573,HIGH,visible,True,0.9566,0.9793,0.9256,0.9688,0.3362,True,0.0,0.9021,False,True,True,True,False,paced
gold-fish,0_5,3,0.9629,HIGH,visible,True,0.9693,0.9925,0.917,0.9744,0.3151,True,0.0,0.9027,False,True,True,True,False,paced
gold-fish,0_5,4,0.9683,HIGH,visible,True,0.972,0.9906,0.9282,0.9836,0.3068,True,0.0,0.9035,False,True,True,True,False,paced
gold-fish,0_5,5,0.9634,HIGH,visible,True,0.9661,0.9777,0.9141,0.9977,0.2601,True,0.0,0.9163,False,True,True,True,False,added
gold-fish,0_5,6,0.9728,HIGH,visible,True,0.9666,0.9716,0.9574,0.9962,0.3088,True,0.0,0.9003,False,True,True,True,False,paced
gold-fish,0_5,7,0.9579,HIGH,visible,True,0.9625,0.9635,0.9079,1.0,0.2721,True,0.0,0.8961,False,True,True,True,False,paced
gold-fish,0_5,8,0.9571,HIGH,visible,True,0.958,0.9658,0.9134,0.9929,0.3274,True,0.0,0.8891,False,True,True,True,False,paced
gold-fish,0_5,9,0.9675,HIGH,visible,True,0.9596,0.9731,0.9384,1.0,0.321,True,0.0,0.8784,False,True,True,True,False,paced
gold-fish,0_5,10,0.9553,HIGH,visible,True,0.962,0.935,0.9261,1.0,0.3001,True,0.0,0.8643,False,True,True,True,False,added
gold-fish,0_5,11,0.9429,HIGH,visible,True,0.9305,0.9114,0.9322,1.0,0.3606,True,0.0,0.8632,False,True,True,True,False,paced
gold-fish,0_5,12,0.9586,HIGH,visible,True,0.9508,0.9593,0.9259,1.0,0.3286,True,0.0,0.8823,False,True,True,True,False,paced
gold-fish,0_5,13,0.9115,MEDIUM,visible,True,0.9353,0.8327,0.8864,1.0,0.2587,True,0.0,0.8871,False,True,True,True,False,paced
gold-fish,0_5,14,0.9647,HIGH,visible,True,0.9705,0.9924,0.8995,1.0,0.281,True,0.0,0.8929,False,True,True,True,False,paced
gold-fish,0_5,15,0.97,HIGH,visible,True,0.9738,0.9885,0.9242,0.9952,0.3089,True,0.0,0.8968,False,True,True,True,False,added
gold-fish,0_5,16,0.9657,HIGH,visible,True,0.9625,0.9681,0.9406,0.9924,0.3383,True,0.0,0.8886,False,True,True,True,False,paced
gold-fish,0_5,17,0.9658,HIGH,visible,True,0.9555,0.9649,0.9437,1.0,0.3508,True,0.0,0.8813,False,True,True,True,False,paced
gold-fish,0_5,18,0.9147,MEDIUM,visible,True,0.9155,0.8423,0.9076,1.0,0.3281,True,0.0,0.9029,False,True,True,True,False,paced
gold-fish,0_5,19,0.9549,HIGH,visible,True,0.9704,0.9358,0.9218,0.9931,0.3086,True,0.0,0.8838,False,True,True,True,False,paced
gold-fish,0_5,20,0.9617,HIGH,visible,True,0.966,0.9712,0.9127,0.9991,0.3249,True,0.0,0.8804,False,True,True,True,False,evicted
gold-fish,0_5,21,0.9397,HIGH,visible,True,0.9423,0.8979,0.9216,1.0,0.3404,True,0.0,0.855,False,True,True,True,False,paced
gold-fish,0_5,22,0.9483,HIGH,visible,True,0.964,0.9872,0.8499,1.0,0.2786,True,0.0,0.8466,False,True,True,True,False,paced
gold-fish,0_5,23,0.9249,HIGH,visible,True,0.9514,0.9283,0.8285,1.0,0.2933,True,0.0,0.8592,False,True,True,True,False,paced
gold-fish,0_5,24,0.9335,HIGH,visible,True,0.9581,0.9474,0.8367,1.0,0.2784,True,0.0,0.885,False,True,True,True,False,paced
gold-fish,0_5,25,0.9439,HIGH,visible,True,0.9635,0.9812,0.8396,1.0,0.2711,True,0.0,0.8915,False,True,True,True,False,evicted
gold-fish,0_5,26,0.9588,HIGH,visible,True,0.9647,0.9687,0.9044,1.0,0.3153,True,0.0,0.8988,False,True,True,True,False,paced
gold-fish,0_5,27,0.9501,HIGH,visible,True,0.9669,0.9676,0.879,0.9908,0.2728,True,0.0,0.9021,False,True,True,True,False,paced
gold-fish,0_5,28,0.9501,HIGH,visible,True,0.9693,0.9793,0.8583,1.0,0.2832,True,0.0,0.8921,False,True,True,True,False,paced
gold-fish,0_5,29,0.9333,HIGH,visible,True,0.9671,0.9737,0.827,0.9744,0.2385,True,0.0,0.9062,False,True,True,True,False,paced
gold-fish,0_5,30,0.9334,HIGH,visible,True,0.9693,0.9777,0.8355,0.9585,0.2636,True,0.0,0.8878,False,True,True,True,False,evicted
gold-fish,0_5,31,0.9389,HIGH,visible,True,0.9627,0.9476,0.878,0.9702,0.3468,True,0.0,0.8872,False,True,True,True,False,paced
gold-fish,0_5,32,0.94,HIGH,visible,True,0.9665,0.9733,0.8735,0.95,0.2866,True,0.0,0.8967,False,True,True,True,False,paced
gold-fish,0_5,33,0.932,HIGH,visible,True,0.9625,0.9566,0.8559,0.9573,0.2565,True,0.0,0.8965,False,True,True,True,False,paced
gold-fish,0_5,34,0.946,HIGH,visible,True,0.971,0.992,0.8621,0.9643,0.2797,True,0.0,0.8944,False,True,True,True,False,paced
gold-fish,0_5,35,0.9224,HIGH,visible,True,0.96,0.9758,0.8027,0.9628,0.2215,True,0.0,0.8825,False,True,True,True,False,evicted
gold-fish,0_5,36,0.9188,MEDIUM,visible,True,0.9173,0.9131,0.87,0.978,0.2364,True,0.0,0.879,False,True,True,True,False,paced
gold-fish,0_5,37,0.8972,MEDIUM,visible,True,0.9076,0.9425,0.7956,0.9522,0.1511,True,0.0,0.8792,False,True,True,True,False,paced
gold-fish,0_5,38,0.8909,MEDIUM,visible,True,0.9158,0.9765,0.7335,0.9604,0.1281,True,0.0,0.8884,False,True,True,True,False,paced
gold-fish,0_5,39,0.849,MEDIUM,visible,True,0.9291,0.9125,0.6607,0.9272,0.1122,True,0.0,0.9027,False,True,True,True,False,paced
gold-fish,0_5,40,0.8578,MEDIUM,visible,True,0.9306,0.9435,0.6766,0.9116,0.1393,True,0.0,0.8988,False,True,True,True,False,evicted
gold-fish,0_5,41,0.8804,MEDIUM,visible,True,0.9334,0.9132,0.7555,0.9327,0.1962,True,0.0,0.8794,False,True,True,True,False,paced
gold-fish,0_5,42,0.8673,MEDIUM,visible,True,0.9039,0.9022,0.7364,0.9423,0.1968,True,0.0,0.9145,False,True,True,True,False,paced
gold-fish,0_5,43,0.8841,MEDIUM,visible,True,0.9196,0.9518,0.7125,0.9796,0.1822,True,0.0,0.9178,False,True,True,True,False,paced
gold-fish,0_5,44,0.8785,MEDIUM,visible,True,0.9353,0.9492,0.6817,0.9842,0.1296,True,0.0,0.9486,False,True,True,True,False,paced
gold-fish,0_5,45,0.8463,MEDIUM,visible,True,0.9128,0.9219,0.6739,0.9046,0.103,True,0.0,0.9386,False,True,True,True,False,evicted
gold-fish,0_5,46,0.8822,MEDIUM,visible,True,0.9286,0.9372,0.7571,0.9193,0.1865,True,0.0,0.9485,False,True,True,True,False,paced
gold-fish,0_5,47,0.8612,MEDIUM,visible,True,0.9367,0.9395,0.6831,0.9149,0.1425,True,0.0,0.9564,False,True,True,True,False,paced
gold-fish,0_5,48,0.869,MEDIUM,visible,True,0.9329,0.9728,0.6887,0.9126,0.1542,True,0.0,0.9535,False,True,True,True,False,paced
gold-fish,0_5,49,0.8721,MEDIUM,visible,True,0.933,0.995,0.7092,0.8785,0.1661,True,0.0,0.9406,False,True,True,True,False,paced
gold-fish,0_5,50,0.8467,MEDIUM,visible,True,0.9303,0.9701,0.642,0.8868,0.141,True,0.0,0.9312,False,True,True,True,False,evicted
gold-fish,0_5,51,0.8751,MEDIUM,visible,True,0.9379,0.9609,0.7257,0.8969,0.2425,True,0.0,0.9175,False,True,True,True,False,paced
gold-fish,0_5,52,0.8846,MEDIUM,visible,True,0.938,0.9937,0.7188,0.914,0.23,True,0.0,0.9342,False,True,True,True,False,paced
gold-fish,0_5,53,0.8806,MEDIUM,visible,True,0.9469,0.9864,0.6987,0.9216,0.216,True,0.0,0.958,False,True,True,True,False,paced
gold-fish,0_5,54,0.8735,MEDIUM,visible,True,0.9314,0.9228,0.7467,0.9072,0.2593,True,0.0,0.9485,False,True,True,True,False,paced
gold-fish,0_5,55,0.8729,MEDIUM,visible,True,0.9465,0.9677,0.7049,0.8991,0.2319,True,0.0,0.9499,False,True,True,True,False,evicted
gold-fish,0_5,56,0.9015,MEDIUM,visible,True,0.9389,0.9588,0.7877,0.9314,0.2818,True,0.0,0.9471,False,True,True,True,False,paced
gold-fish,0_5,57,0.9009,MEDIUM,visible,True,0.9513,0.9726,0.7575,0.9401,0.2379,True,0.0,0.9387,False,True,True,True,False,paced
gold-fish,0_5,58,0.8884,MEDIUM,visible,True,0.9538,0.9522,0.7572,0.9056,0.2075,True,0.0,0.9355,False,True,True,True,False,paced
gold-fish,0_5,59,0.8918,MEDIUM,visible,True,0.952,0.9611,0.7516,0.9199,0.224,True,0.0,0.9211,False,True,True,True,False,paced
gold-fish,0_5,60,0.879,MEDIUM,visible,True,0.9514,0.9502,0.7496,0.8811,0.2483,True,0.0,0.9127,False,True,True,True,False,evicted
gold-fish,0_5,61,0.892,MEDIUM,visible,True,0.9541,0.9551,0.7895,0.88,0.2725,True,0.0,0.9114,False,True,True,True,False,paced
gold-fish,0_5,62,0.8789,MEDIUM,visible,True,0.9463,0.966,0.7604,0.8584,0.2951,True,0.0,0.9113,False,True,True,True,False,paced
gold-fish,0_5,63,0.8602,MEDIUM,visible,True,0.8792,0.9184,0.7249,0.9353,0.2861,True,0.0,0.8892,False,True,True,True,False,paced
gold-fish,0_5,64,0.8282,MEDIUM,visible,True,0.8627,0.9346,0.6255,0.9327,0.2248,True,0.0,0.8958,False,True,True,True,False,paced
gold-fish,0_5,65,0.8399,MEDIUM,visible,True,0.8807,0.9385,0.6636,0.9075,0.226,True,0.0,0.8901,False,True,True,True,False,evicted
gold-fish,0_5,66,0.8387,MEDIUM,visible,True,0.8671,0.9425,0.6471,0.9355,0.3,True,0.0,0.8938,False,True,True,True,False,paced
gold-fish,0_5,67,0.8078,LOW,visible,True,0.8826,0.8911,0.5661,0.9563,0.2114,True,0.0,0.9142,False,True,True,True,False,paced
gold-fish,0_5,68,0.7978,LOW,visible,True,0.8989,0.8316,0.5885,0.9207,0.2745,True,0.0,0.9259,False,True,True,True,False,paced
gold-fish,0_5,69,0.7365,LOW,visible,True,0.873,0.8738,0.4267,0.9039,0.1676,True,0.0,0.9048,False,True,True,True,False,low_similarity
gold-fish,0_5,70,0.7651,LOW,visible,True,0.9091,0.8296,0.5167,0.8795,0.1897,True,0.0,0.8257,False,True,True,True,False,evicted
gold-fish,0_5,71,0.807,LOW,visible,True,0.8609,0.7545,0.7351,0.8885,0.2166,True,0.0,0.8481,False,True,True,True,False,paced
gold-fish,0_5,72,0.8527,MEDIUM,visible,True,0.9316,0.8786,0.7122,0.9067,0.1457,True,0.0,0.7611,False,True,True,True,False,paced
gold-fish,0_5,73,0.8315,MEDIUM,visible,True,0.8984,0.8836,0.6832,0.8814,0.2266,True,0.0,0.7353,False,True,True,True,False,paced
gold-fish,0_5,74,0.8132,MEDIUM,visible,True,0.8495,0.7728,0.7526,0.8851,0.2826,True,0.0,0.6823,False,True,True,True,False,paced
gold-fish,0_5,75,0.796,LOW,visible,True,0.8241,0.7084,0.743,0.9257,0.261,True,0.0,0.73,False,True,True,True,False,evicted
gold-fish,0_5,76,0.8823,MEDIUM,visible,True,0.9217,0.9383,0.7517,0.9324,0.3303,True,0.0,0.7433,False,True,True,True,False,paced
horsejump-high,0_1,1,0.9057,MEDIUM,visible,True,0.8822,0.8276,0.9217,1.0,,True,0.7921,0.0025,True,False,False,False,False,paced
horsejump-high,0_1,2,0.895,MEDIUM,visible,True,0.8845,0.8593,0.8442,1.0,,True,0.7911,0.0019,True,False,False,False,False,paced
horsejump-high,0_1,3,0.9047,MEDIUM,visible,True,0.882,0.9182,0.827,1.0,,True,0.809,0.0021,True,False,False,False,False,paced
horsejump-high,0_1,4,0.8956,MEDIUM,visible,True,0.8816,0.9022,0.8089,1.0,,True,0.8076,0.0023,True,False,False,False,False,paced
horsejump-high,0_1,5,0.9041,MEDIUM,visible,True,0.8963,0.9613,0.7754,1.0,,True,0.8188,0.004,True,False,False,False,False,added
horsejump-high,0_1,6,0.9362,HIGH,visible,True,0.9041,0.9227,0.9211,1.0,,True,0.8255,0.0032,True,False,False,False,False,paced
horsejump-high,0_1,7,0.9316,HIGH,visible,True,0.9106,0.9372,0.8827,1.0,,True,0.8218,0.0069,True,False,False,False,False,paced
horsejump-high,0_1,8,0.9326,HIGH,visible,True,0.8975,0.9554,0.8822,1.0,,True,0.8097,0.0053,True,False,False,False,False,paced
horsejump-high,0_1,9,0.9277,HIGH,visible,True,0.897,0.926,0.8915,1.0,,True,0.8086,0.0048,True,False,False,False,False,paced
horsejump-high,0_1,10,0.9366,HIGH,visible,True,0.8913,0.9851,0.8766,1.0,,True,0.8192,0.0082,True,False,False,False,False,added
horsejump-high,0_1,11,0.9182,MEDIUM,visible,True,0.9079,0.8966,0.8731,1.0,,True,0.8221,0.0054,True,False,False,False,False,paced
horsejump-high,0_1,12,0.915,MEDIUM,visible,True,0.9086,0.9336,0.8265,1.0,,True,0.8124,0.0084,True,False,False,False,False,paced
horsejump-high,0_1,13,0.9044,MEDIUM,visible,True,0.9117,0.9689,0.7574,1.0,,True,0.839,0.0079,True,False,False,False,False,paced
horsejump-high,0_1,14,0.8988,MEDIUM,visible,True,0.9245,0.9485,0.7444,1.0,,True,0.8297,0.0043,True,False,False,False,False,paced
horsejump-high,0_1,15,0.9019,MEDIUM,visible,True,0.9129,0.9243,0.784,1.0,,True,0.8242,0.0087,True,False,False,False,False,added
horsejump-high,0_1,16,0.8958,MEDIUM,visible,True,0.911,0.9421,0.7572,0.9908,,True,0.8246,0.0058,True,False,False,False,False,paced
horsejump-high,0_1,17,0.8665,MEDIUM,visible,True,0.9035,0.9555,0.6845,0.9542,,True,0.8335,0.0091,True,False,False,False,False,paced
horsejump-high,0_1,18,0.8438,MEDIUM,visible,True,0.9133,0.994,0.6631,0.8422,,True,0.8415,0.0031,True,False,False,False,False,paced
horsejump-high,0_1,19,0.8477,MEDIUM,visible,True,0.9057,0.9544,0.619,0.9653,,True,0.8404,0.0034,True,False,False,False,False,paced
horsejump-high,0_1,20,0.8634,MEDIUM,visible,True,0.9,0.9565,0.6454,1.0,,True,0.8312,0.0041,True,False,False,False,False,evicted
horsejump-high,0_1,21,0.8731,MEDIUM,visible,True,0.8741,0.9233,0.7202,1.0,,True,0.8372,0.0061,True,False,False,False,False,paced
horsejump-high,0_1,22,0.8826,MEDIUM,visible,True,0.832,0.8717,0.8426,0.993,,True,0.8579,0.0026,True,False,False,False,False,paced
horsejump-high,0_1,23,0.9152,MEDIUM,visible,True,0.8815,0.9558,0.8326,1.0,,True,0.8497,0.0026,True,False,False,False,False,paced
horsejump-high,0_1,24,0.8883,MEDIUM,visible,True,0.8998,0.8554,0.8091,1.0,,True,0.8386,0.0031,True,False,False,False,False,paced
horsejump-high,0_1,25,0.8974,MEDIUM,visible,True,0.8688,0.8791,0.849,1.0,,True,0.8238,0.001,True,False,False,False,False,evicted
horsejump-high,0_1,26,0.8979,MEDIUM,visible,True,0.8625,0.9312,0.8237,0.9828,,True,0.8297,0.0011,True,False,False,False,False,paced
horsejump-high,0_1,27,0.895,MEDIUM,visible,True,0.8625,0.898,0.8285,1.0,,True,0.8308,0.0,True,False,False,False,False,paced
horsejump-high,0_1,28,0.8891,MEDIUM,visible,True,0.8882,0.8989,0.8046,0.9729,,True,0.8222,0.0008,True,False,False,False,False,paced
horsejump-high,0_1,29,0.8653,MEDIUM,visible,True,0.8148,0.8335,0.8254,1.0,,True,0.8301,0.0016,True,False,False,False,False,paced
horsejump-high,0_1,30,0.9042,MEDIUM,visible,True,0.8605,0.9368,0.8439,0.9827,,True,0.8417,0.0034,True,False,False,False,False,evicted
horsejump-high,0_1,31,0.8727,MEDIUM,visible,True,0.8272,0.8535,0.8593,0.9561,,True,0.8052,0.0045,True,False,False,False,False,paced
horsejump-high,0_1,32,0.9209,HIGH,visible,True,0.8588,0.9659,0.8668,1.0,,True,0.8062,0.0032,True,False,False,False,False,paced
horsejump-high,0_1,33,0.853,MEDIUM,visible,True,0.857,0.7925,0.8349,0.9336,,True,0.817,0.0049,True,False,False,False,False,paced
horsejump-high,0_1,34,0.9054,MEDIUM,visible,True,0.8891,0.9084,0.8543,0.9738,,True,0.799,0.005,True,False,False,False,False,paced
horsejump-high,0_1,35,0.8972,MEDIUM,visible,True,0.8885,0.8678,0.8404,1.0,,True,0.7958,0.0052,True,False,False,False,False,evicted
horsejump-high,0_1,36,0.8917,MEDIUM,visible,True,0.8666,0.8603,0.8871,0.956,,True,0.8079,0.0049,True,False,False,False,False,paced
horsejump-high,0_1,37,0.9337,HIGH,visible,True,0.8954,0.9475,0.8959,1.0,,True,0.7887,0.0042,True,False,False,False,False,paced
horsejump-high,0_1,38,0.9365,HIGH,visible,True,0.908,0.9574,0.8847,1.0,,True,0.8147,0.0036,True,False,False,False,False,paced
horsejump-high,0_1,39,0.8889,MEDIUM,visible,True,0.8937,0.8927,0.7827,1.0,,True,0.811,0.0047,True,False,False,False,False,paced
horsejump-high,0_1,40,0.9208,HIGH,visible,True,0.8933,0.9613,0.846,0.9895,,True,0.8165,0.005,True,False,False,False,False,evicted
horsejump-high,0_1,41,0.9293,HIGH,visible,True,0.8978,0.9598,0.867,0.9981,,True,0.8138,0.0057,True,False,False,False,False,paced
horsejump-high,0_1,42,0.9244,HIGH,visible,True,0.8938,0.9691,0.8557,0.985,,True,0.7844,0.0052,True,False,False,False,False,paced
horsejump-high,0_1,43,0.9167,MEDIUM,visible,True,0.8944,0.9454,0.8543,0.9777,,True,0.7919,0.0047,True,False,False,False,False,paced
horsejump-high,0_1,44,0.9202,HIGH,visible,True,0.9032,0.9825,0.84,0.9618,,True,0.7805,0.0042,True,False,False,False,False,paced
horsejump-high,0_1,45,0.9263,HIGH,visible,True,0.9132,0.9852,0.8543,0.9578,,True,0.7816,0.0004,True,False,False,False,False,evicted
horsejump-high,0_1,46,0.9234,HIGH,visible,True,0.9023,0.9714,0.8448,0.9818,,True,0.7692,0.0002,True,False,False,False,False,paced
horsejump-high,0_1,47,0.9176,MEDIUM,visible,True,0.915,0.9555,0.8244,0.9835,,True,0.7614,0.0029,True,False,False,False,False,paced
horsejump-high,0_1,48,0.9165,MEDIUM,visible,True,0.9178,0.9642,0.8047,0.9909,,True,0.7739,0.0028,True,False,False,False,False,paced
horsejump-high,0_2,1,0.9219,HIGH,visible,True,0.8997,0.8415,0.9542,1.0,0.1831,True,0.1563,0.771,True,False,True,False,False,paced
horsejump-high,0_2,2,0.922,HIGH,visible,True,0.9116,0.8846,0.9281,0.9655,0.173,True,0.1507,0.7755,True,False,True,False,False,paced
horsejump-high,0_2,3,0.9341,HIGH,visible,True,0.9079,0.9473,0.9039,0.9794,0.1736,True,0.1504,0.7737,True,False,True,False,False,paced
horsejump-high,0_2,4,0.9231,HIGH,visible,True,0.9079,0.9116,0.882,0.9948,0.1773,True,0.1511,0.7737,True,False,True,False,False,paced
horsejump-high,0_2,5,0.929,HIGH,visible,True,0.9182,0.968,0.8381,1.0,0.2008,True,0.1518,0.7783,True,False,True,False,False,added
horsejump-high,0_2,6,0.9467,HIGH,visible,True,0.923,0.9464,0.9309,0.9875,0.31,True,0.1491,0.7869,True,False,True,False,False,paced
horsejump-high,0_2,7,0.9468,HIGH,visible,True,0.9287,0.9524,0.9172,0.9905,0.2761,True,0.1527,0.7817,True,False,True,False,False,paced
horsejump-high,0_2,8,0.9387,HIGH,visible,True,0.9185,0.9705,0.9072,0.9601,0.2335,True,0.1562,0.77,True,False,True,False,False,paced
horsejump-high,0_2,9,0.9405,HIGH,visible,True,0.9217,0.9421,0.9101,0.9899,0.2189,True,0.1602,0.7725,True,False,True,False,False,paced
horsejump-high,0_2,10,0.947,HIGH,visible,True,0.9197,0.9773,0.9011,0.9932,0.2137,True,0.1572,0.7844,True,False,True,False,False,added
horsejump-high,0_2,11,0.9423,HIGH,visible,True,0.9266,0.9152,0.9311,0.9984,0.2241,True,0.1611,0.7797,True,False,True,False,False,paced
horsejump-high,0_2,12,0.9449,HIGH,visible,True,0.9276,0.9529,0.9131,0.9875,0.2268,True,0.1639,0.7686,True,False,True,False,False,paced
horsejump-high,0_2,13,0.9496,HIGH,visible,True,0.9348,0.9772,0.9097,0.9786,0.2086,True,0.1676,0.7781,True,False,True,False,False,paced
horsejump-high,0_2,14,0.943,HIGH,visible,True,0.9414,0.9533,0.9075,0.9709,0.2158,True,0.1665,0.7804,True,False,True,False,False,paced
horsejump-high,0_2,15,0.9477,HIGH,visible,True,0.9378,0.9427,0.9126,0.9999,0.1943,True,0.1756,0.7659,True,False,True,False,False,added
horsejump-high,0_2,16,0.9533,HIGH,visible,True,0.9384,0.9585,0.9181,1.0,0.1885,True,0.1756,0.7528,True,False,True,False,False,paced
horsejump-high,0_2,17,0.9427,HIGH,visible,True,0.9295,0.9644,0.8811,1.0,0.1949,True,0.183,0.7524,True,False,True,False,False,paced
horsejump-high,0_2,18,0.955,HIGH,visible,True,0.9373,0.9909,0.8955,1.0,0.1893,True,0.1811,0.7565,True,False,True,False,False,paced
horsejump-high,0_2,19,0.941,HIGH,visible,True,0.9348,0.9673,0.8678,0.9993,0.1821,True,0.1887,0.7475,True,False,True,False,False,paced
horsejump-high,0_2,20,0.9278,HIGH,visible,True,0.9199,0.9528,0.8454,1.0,0.1749,True,0.1918,0.74,True,False,True,False,False,evicted
horsejump-high,0_2,21,0.9249,HIGH,visible,True,0.9036,0.9481,0.8541,1.0,0.1904,True,0.1891,0.7455,True,False,True,False,False,paced
horsejump-high,0_2,22,0.9201,HIGH,visible,True,0.8759,0.9451,0.8657,1.0,0.2174,True,0.1672,0.7548,True,False,True,False,False,paced
horsejump-high,0_2,23,0.9335,HIGH,visible,True,0.8884,0.9607,0.89,1.0,0.2146,True,0.1777,0.7369,True,False,True,False,False,paced
horsejump-high,0_2,24,0.9262,HIGH,visible,True,0.9112,0.9289,0.8696,1.0,0.2147,True,0.1773,0.7397,True,False,True,False,False,paced
horsejump-high,0_2,25,0.9175,MEDIUM,visible,True,0.8929,0.8956,0.886,1.0,0.2206,True,0.1726,0.7531,True,False,True,False,False,evicted
horsejump-high,0_2,26,0.9243,HIGH,visible,True,0.8922,0.9237,0.8983,0.9857,0.2488,True,0.1708,0.7556,True,False,True,False,False,paced
horsejump-high,0_2,27,0.9273,HIGH,visible,True,0.8838,0.9268,0.9027,1.0,0.2334,True,0.1695,0.7441,True,False,True,False,False,paced
horsejump-high,0_2,28,0.9405,HIGH,visible,True,0.9033,0.9412,0.9203,1.0,0.231,True,0.1699,0.7331,True,False,True,False,False,paced
horsejump-high,0_2,29,0.9158,MEDIUM,visible,True,0.859,0.8942,0.916,1.0,0.2486,True,0.1729,0.7447,True,False,True,False,False,paced
horsejump-high,0_2,30,0.9295,HIGH,visible,True,0.8876,0.94,0.8947,1.0,0.2145,True,0.1548,0.7689,True,False,True,False,False,evicted
horsejump-high,0_2,31,0.9366,HIGH,visible,True,0.8934,0.929,0.9272,1.0,0.192,True,0.1639,0.7436,True,False,True,False,False,paced
horsejump-high,0_2,32,0.9284,HIGH,visible,True,0.8667,0.9346,0.9172,1.0,0.2082,True,0.1673,0.7555,True,False,True,False,False,paced
horsejump-high,0_2,33,0.9136,MEDIUM,visible,True,0.8869,0.8583,0.915,1.0,0.1878,True,0.1609,0.7648,True,False,True,False,False,paced
horsejump-high,0_2,34,0.9369,HIGH,visible,True,0.912,0.9312,0.9072,1.0,0.2054,True,0.1644,0.7544,True,False,True,False,False,paced
horsejump-high,0_2,35,0.9282,HIGH,visible,True,0.9178,0.8989,0.8999,1.0,0.191,True,0.1622,0.7488,True,False,True,False,False,evicted
horsejump-high,0_2,36,0.9318,HIGH,visible,True,0.8967,0.9103,0.9237,1.0,0.2098,True,0.1656,0.761,True,False,True,False,False,paced
horsejump-high,0_2,37,0.9462,HIGH,visible,True,0.9206,0.9566,0.9102,1.0,0.1927,True,0.1711,0.7326,True,False,True,False,False,paced
horsejump-high,0_2,38,0.9491,HIGH,visible,True,0.9322,0.9807,0.9058,0.98,0.1801,True,0.1617,0.7519,True,False,True,False,False,paced
horsejump-high,0_2,39,0.9343,HIGH,visible,True,0.9168,0.9218,0.9103,0.9904,0.1696,True,0.1646,0.743,True,False,True,False,False,paced
horsejump-high,0_2,40,0.9462,HIGH,visible,True,0.9137,0.9662,0.9143,0.9929,0.1669,True,0.1658,0.7319,True,False,True,False,False,evicted
horsejump-high,0_2,41,0.958,HIGH,visible,True,0.9217,0.9745,0.9379,1.0,0.2101,True,0.1689,0.7254,True,False,True,False,False,paced
horsejump-high,0_2,42,0.9507,HIGH,visible,True,0.911,0.9781,0.9166,1.0,0.2049,True,0.1728,0.6977,True,False,True,False,False,paced
horsejump-high,0_2,43,0.9477,HIGH,visible,True,0.9209,0.9538,0.9184,1.0,0.2047,True,0.1719,0.702,True,False,True,False,False,paced
horsejump-high,0_2,44,0.9511,HIGH,visible,True,0.9252,0.9785,0.9037,1.0,0.1932,True,0.1784,0.6804,True,False,True,False,False,paced
horsejump-high,0_2,45,0.9648,HIGH,visible,True,0.9375,0.9973,0.9269,1.0,0.197,True,0.1769,0.6872,True,False,True,False,False,evicted
horsejump-high,0_2,46,0.9591,HIGH,visible,True,0.9302,0.9715,0.9362,1.0,0.2194,True,0.1762,0.6824,True,False,True,False,False,paced
horsejump-high,0_2,47,0.9603,HIGH,visible,True,0.9463,0.9724,0.9241,1.0,0.219,True,0.1778,0.6828,True,False,True,False,False,paced
horsejump-high,0_2,48,0.9581,HIGH,visible,True,0.9471,0.9757,0.9117,1.0,0.2075,True,0.1829,0.6906,True,False,True,False,False,paced
india,0_1,1,0.9822,HIGH,visible,True,0.9898,0.9945,0.9683,0.9763,0.3443,True,0.9077,0.0,True,False,False,False,False,paced
india,0_1,2,0.9659,HIGH,visible,True,0.988,0.9891,0.9613,0.9265,0.3386,True,0.9008,0.0,True,False,False,False,False,paced
india,0_1,3,0.9644,HIGH,visible,True,0.9889,0.991,0.9499,0.9291,0.3291,True,0.8952,0.0,True,False,False,False,False,paced
india,0_1,4,0.9809,HIGH,visible,True,0.9919,0.993,0.9399,1.0,0.3196,True,0.8924,0.0,True,False,False,False,False,paced
india,0_1,5,0.9763,HIGH,visible,True,0.9897,0.9821,0.9345,1.0,0.3249,True,0.8941,0.0,True,False,False,False,False,added
india,0_1,6,0.9818,HIGH,visible,True,0.9867,0.9911,0.9503,1.0,0.3568,True,0.8899,0.0,True,False,False,False,False,paced
india,0_1,7,0.9777,HIGH,visible,True,0.9894,0.9713,0.9508,1.0,0.3616,True,0.8997,0.0,True,False,False,False,False,paced
india,0_1,8,0.9847,HIGH,visible,True,0.9894,0.9853,0.9643,1.0,0.355,True,0.9062,0.0,True,False,False,False,False,paced
india,0_1,9,0.9827,HIGH,visible,True,0.9907,0.9817,0.9591,1.0,0.3728,True,0.9198,0.0,True,False,False,False,False,paced
india,0_1,10,0.9819,HIGH,visible,True,0.9892,0.9839,0.9551,1.0,0.3602,True,0.9324,0.0,True,False,False,False,False,added
india,0_1,11,0.973,HIGH,visible,True,0.9879,0.9642,0.9408,1.0,0.3708,True,0.9362,0.0,True,False,False,False,False,paced
india,0_1,12,0.952,HIGH,visible,True,0.988,0.9438,0.8901,0.9897,0.3688,True,0.9391,0.0,True,False,False,False,False,paced
india,0_1,13,0.8829,MEDIUM,visible,True,0.9863,0.9312,0.8273,0.7997,0.3773,True,0.9369,0.0,True,False,False,False,False,paced
india,0_1,14,0.9532,HIGH,visible,True,0.9867,0.9612,0.8705,1.0,0.3923,True,0.9348,0.0,True,False,False,False,False,paced
india,0_1,15,0.9538,HIGH,visible,True,0.9871,0.9371,0.8948,1.0,0.36,True,0.9373,0.0,True,False,False,False,False,added
india,0_1,16,0.9525,HIGH,visible,True,0.9835,0.9564,0.875,1.0,0.4393,True,0.9354,0.0,True,False,False,False,False,paced
india,0_1,17,0.9665,HIGH,visible,True,0.9879,0.9901,0.8923,1.0,0.4125,True,0.9363,0.0,True,False,False,False,False,paced
india,0_1,18,0.9593,HIGH,visible,True,0.981,0.9639,0.8955,1.0,0.3915,True,0.9336,0.0,True,False,False,False,False,paced
india,0_1,19,0.9545,HIGH,visible,True,0.9794,0.9631,0.8799,1.0,0.3752,True,0.9295,0.0,True,False,False,False,False,paced
india,0_1,20,0.9618,HIGH,visible,True,0.9825,0.984,0.885,1.0,0.388,True,0.9275,0.0,True,False,False,False,False,evicted
india,0_1,21,0.9682,HIGH,visible,True,0.981,0.9721,0.9216,1.0,0.4028,True,0.9123,0.0,True,False,False,False,False,paced
india,0_1,22,0.9615,HIGH,visible,True,0.9772,0.9728,0.8991,1.0,0.4212,True,0.923,0.0,True,False,False,False,False,paced
india,0_1,23,0.9704,HIGH,visible,True,0.983,0.9892,0.9121,1.0,0.4286,True,0.9241,0.0,True,False,False,False,False,paced
india,0_1,24,0.9732,HIGH,visible,True,0.9895,0.9663,0.9382,1.0,0.4108,True,0.9211,0.0,True,False,False,False,False,paced
india,0_1,25,0.9645,HIGH,visible,True,0.9887,0.9745,0.8982,1.0,0.4058,True,0.9189,0.0,True,False,False,False,False,evicted
india,0_1,26,0.9685,HIGH,visible,True,0.9858,0.9856,0.9055,1.0,0.3732,True,0.9056,0.0,True,False,False,False,False,paced
india,0_1,27,0.9805,HIGH,visible,True,0.9807,0.9924,0.9497,1.0,0.395,True,0.9064,0.0,True,False,False,False,False,paced
india,0_1,28,0.9759,HIGH,visible,True,0.9813,0.9924,0.9315,1.0,0.3248,True,0.8994,0.0006,True,False,False,False,False,paced
india,0_1,29,0.9692,HIGH,visible,True,0.9829,0.9899,0.9068,1.0,0.2992,True,0.8939,0.0,True,False,False,False,False,paced
india,0_1,30,0.9587,HIGH,visible,True,0.9832,0.9682,0.8872,1.0,0.2626,True,0.9062,0.0,True,False,False,False,False,evicted
india,0_1,31,0.9428,HIGH,visible,True,0.9837,0.9377,0.8566,1.0,0.2734,True,0.908,0.0,True,False,False,False,False,paced
india,0_1,32,0.937,HIGH,visible,True,0.9864,0.9345,0.8361,1.0,0.3522,True,0.9065,0.0001,True,False,False,False,False,paced
india,0_1,33,0.8917,MEDIUM,visible,True,0.9121,0.8668,0.7998,1.0,0.3006,True,0.8457,0.0,True,False,False,False,False,paced
india,0_1,34,0.8751,MEDIUM,visible,True,0.895,0.7976,0.8216,1.0,0.3176,True,0.822,0.0,True,False,False,False,False,paced
india,0_1,35,0.8381,MEDIUM,visible,True,0.9036,0.8581,0.6788,0.9373,0.3198,True,0.84,0.0,True,False,False,False,False,evicted
india,0_1,36,0.8246,MEDIUM,visible,True,0.9617,0.7003,0.7402,0.9274,0.3923,True,0.888,0.0002,True,False,False,False,False,paced
india,0_1,37,0.8809,MEDIUM,visible,True,0.9369,0.885,0.7841,0.9261,0.408,True,0.9169,0.0,True,False,False,False,False,paced
india,0_1,38,0.6813,LOW,visible,True,0.8208,0.6894,0.4992,0.7629,0.2737,True,0.7713,0.0,True,False,False,False,False,truncated
india,0_1,39,0.5334,LOW,visible,True,0.7011,0.5992,0.2496,0.7718,0.1235,True,0.6573,0.0,True,False,False,False,False,low_similarity
india,0_1,40,0.193,LOW,visible,True,0.7432,0.0112,0.1628,0.5737,-0.0384,True,0.6297,0.0,True,False,False,False,False,low_similarity
india,0_1,41,0.2444,LOW,visible,True,0.7027,0.0122,0.3402,0.746,0.1753,True,0.6645,0.0,True,False,False,False,False,low_similarity
india,0_1,42,0.734,LOW,visible,True,0.7944,0.4351,0.8483,0.9901,0.3546,True,0.8284,0.0,True,False,False,False,False,evicted
india,0_1,43,0.8668,MEDIUM,visible,True,0.8839,0.7318,0.8742,0.9985,0.4276,True,0.8825,0.0,True,False,False,False,False,paced
india,0_1,44,0.9219,HIGH,visible,True,0.9904,0.838,0.8704,1.0,0.4227,True,0.8824,0.0,True,False,False,False,False,paced
india,0_1,45,0.9287,HIGH,visible,True,0.986,0.8736,0.8635,1.0,0.4267,True,0.884,0.0,True,False,False,False,False,paced
india,0_1,46,0.9204,HIGH,visible,True,0.983,0.8903,0.8199,1.0,0.4228,True,0.8738,0.0,True,False,False,False,False,paced
india,0_1,47,0.9456,HIGH,visible,True,0.9844,0.9254,0.8776,1.0,0.4145,True,0.87,0.0,True,False,False,False,False,evicted
india,0_1,48,0.9536,HIGH,visible,True,0.9859,0.9518,0.8813,1.0,0.4446,True,0.8718,0.0,True,False,False,False,False,paced
india,0_1,49,0.9494,HIGH,visible,True,0.9842,0.961,0.8591,1.0,0.4256,True,0.8777,0.0,True,False,False,False,False,paced
india,0_1,50,0.947,HIGH,visible,True,0.9653,0.9493,0.8778,1.0,0.451,True,0.8787,0.0,True,False,False,False,False,paced
india,0_1,51,0.949,HIGH,visible,True,0.9644,0.9941,0.8461,1.0,0.4285,True,0.8849,0.0,True,False,False,False,False,paced
india,0_1,52,0.9337,HIGH,visible,True,0.9588,0.9624,0.8255,0.9978,0.4556,True,0.9072,0.0,True,False,False,False,False,evicted
india,0_1,53,0.9295,HIGH,visible,True,0.9423,0.9753,0.8123,1.0,0.4434,True,0.9208,0.0,True,False,False,False,False,paced
india,0_1,54,0.9047,MEDIUM,visible,True,0.9278,0.9683,0.7456,1.0,0.3908,True,0.895,0.0,True,False,False,False,False,paced
india,0_1,55,0.8662,MEDIUM,visible,True,0.8992,0.9196,0.6856,0.993,0.2766,True,0.9042,0.0,True,False,False,False,False,truncated
india,0_1,56,0.8131,MEDIUM,visible,True,0.9039,0.9419,0.5982,0.8582,0.2383,True,0.8896,0.0,True,False,False,False,False,paced
india,0_1,57,0.787,LOW,visible,True,0.9002,0.9484,0.5195,0.8648,0.1841,True,0.902,0.0,True,False,False,False,False,evicted
india,0_1,58,0.8405,MEDIUM,visible,True,0.8758,0.9876,0.6604,0.8737,0.3331,True,0.8705,0.0,True,False,False,False,False,paced
india,0_1,59,0.7646,LOW,visible,True,0.8637,0.7754,0.5903,0.8646,0.3317,True,0.8668,0.0,True,False,False,False,False,paced
india,0_1,60,0.6682,LOW,visible,True,0.8296,0.9308,0.3578,0.7213,0.2152,True,0.8465,0.0,True,False,False,False,False,low_similarity
india,0_1,61,0.5923,LOW,visible,True,0.8011,0.7819,0.2804,0.7008,0.2032,True,0.5748,0.0,True,False,False,False,False,low_similarity
india,0_1,62,0.0,LOW,absent,False,,,,,,False,1.0,0.0,True,False,False,False,False,not_visible
india,0_1,63,0.0,LOW,absent,False,,,,,,False,1.0,0.0,True,False,False,False,False,not_visible
india,0_1,64,0.0,LOW,absent,False,,,,,,False,1.0,0.0,True,False,False,False,False,not_visible
india,0_1,65,0.0,LOW,absent,False,,,,,,False,1.0,0.0,True,False,False,False,False,not_visible
india,0_1,66,0.0,LOW,absent,False,,,,,,False,1.0,0.0,True,False,False,False,False,not_visible
india,0_1,67,0.0,LOW,absent,False,,,,,,False,1.0,0.0,True,False,False,False,False,not_visible
india,0_1,68,0.0,LOW,absent,False,,,,,,False,1.0,0.0,True,False,False,False,False,not_visible
india,0_1,69,0.0,LOW,absent,False,,,,,,False,1.0,0.0,True,False,False,False,False,not_visible
india,0_1,70,0.0,LOW,absent,False,,,,,,False,1.0,0.0,True,False,False,False,False,not_visible
india,0_1,71,0.0,LOW,absent,False,,,,,,False,1.0,0.0,True,False,False,False,False,not_visible
india,0_1,72,0.0,LOW,absent,False,,,,,,False,1.0,0.0,True,False,False,False,False,not_visible
india,0_1,73,0.0,LOW,absent,False,,,,,,False,1.0,0.0,True,False,False,False,False,not_visible
india,0_1,74,0.0,LOW,absent,False,,,,,,False,1.0,0.0,True,False,False,False,False,not_visible
india,0_1,75,0.0,LOW,absent,False,,,,,,False,1.0,0.0,True,False,False,False,False,not_visible
india,0_1,76,0.0,LOW,absent,False,,,,,,False,1.0,0.0,True,False,False,False,False,not_visible
india,0_1,77,0.0,LOW,absent,False,,,,,,False,1.0,0.0,True,False,False,False,False,not_visible
india,0_1,78,0.0,LOW,absent,False,,,,,,False,1.0,0.0,True,False,False,False,False,not_visible
india,0_1,79,0.0,LOW,absent,False,,,,,,False,1.0,0.0,True,False,False,False,False,not_visible
india,0_2,1,0.9259,HIGH,visible,True,0.9819,0.9567,0.8097,0.9663,0.3171,True,0.0,0.856,False,True,True,True,False,paced
india,0_2,2,0.9521,HIGH,visible,True,0.982,0.9905,0.8448,1.0,0.3315,True,0.0,0.8462,False,True,True,True,False,paced
india,0_2,3,0.9422,HIGH,visible,True,0.9829,0.9686,0.8279,1.0,0.3339,True,0.0,0.8381,False,True,True,True,False,paced
india,0_2,4,0.9457,HIGH,visible,True,0.9837,0.9712,0.8371,1.0,0.3524,True,0.0,0.8437,False,True,True,True,False,paced
india,0_2,5,0.9505,HIGH,visible,True,0.9811,0.9871,0.8427,1.0,0.3156,True,0.0,0.8432,False,True,True,True,False,added
india,0_2,6,0.9603,HIGH,visible,True,0.976,0.9851,0.8993,0.9834,0.4137,True,0.0,0.8445,False,True,True,True,False,paced
india,0_2,7,0.9624,HIGH,visible,True,0.9799,0.9818,0.905,0.9854,0.4337,True,0.0,0.8366,False,True,True,True,False,paced
india,0_2,8,0.9473,HIGH,visible,True,0.9722,0.955,0.8675,1.0,0.4332,True,0.0,0.8297,False,True,True,True,False,paced
india,0_2,9,0.9441,HIGH,visible,True,0.9839,0.9759,0.8291,0.9981,0.4013,True,0.0,0.8194,False,True,True,True,False,paced
india,0_2,10,0.9499,HIGH,visible,True,0.9731,0.9893,0.8457,1.0,0.4201,True,0.0,0.8275,False,True,True,True,False,added
india,0_2,11,0.947,HIGH,visible,True,0.9813,0.9407,0.9175,0.9495,0.5013,True,0.0,0.83,False,True,True,True,False,paced
india,0_2,12,0.9359,HIGH,visible,True,0.9794,0.9372,0.8954,0.9335,0.5186,True,0.0,0.8318,False,True,True,True,False,paced
india,0_2,13,0.9247,HIGH,visible,True,0.9818,0.9449,0.8676,0.9083,0.5278,True,0.0,0.8326,False,True,True,True,False,paced
india,0_2,14,0.9443,HIGH,visible,True,0.9834,0.9843,0.8591,0.9563,0.5152,True,0.0,0.8372,False,True,True,True,False,paced
india,0_2,15,0.9193,MEDIUM,visible,True,0.9817,0.9053,0.8397,0.9569,0.5169,True,0.0001,0.8405,False,True,True,True,False,added
india,0_2,16,0.9405,HIGH,visible,True,0.981,0.9327,0.8766,0.9754,0.4755,True,0.0001,0.8357,False,True,True,True,False,paced
india,0_2,17,0.9378,HIGH,visible,True,0.982,0.9959,0.8511,0.9292,0.4632,True,0.0001,0.8269,False,True,True,True,False,paced
india,0_2,18,0.9388,HIGH,visible,True,0.9792,0.9623,0.8867,0.9296,0.483,True,0.0002,0.8254,False,True,True,True,False,paced
india,0_2,19,0.9241,HIGH,visible,True,0.977,0.9528,0.8359,0.9373,0.4346,True,0.0003,0.8298,False,True,True,True,False,paced
india,0_2,20,0.9424,HIGH,visible,True,0.9798,0.9804,0.859,0.956,0.4578,True,0.0003,0.8199,False,True,True,True,False,evicted
india,0_2,21,0.9446,HIGH,visible,True,0.9756,0.9713,0.8851,0.9491,0.5168,True,0.0006,0.8228,False,True,True,True,False,paced
india,0_2,22,0.9406,HIGH,visible,True,0.9746,0.9485,0.8936,0.9475,0.5104,True,0.0003,0.8251,False,True,True,True,False,paced
india,0_2,23,0.9552,HIGH,visible,True,0.9722,0.9749,0.9058,0.9697,0.4891,True,0.0005,0.8276,False,True,True,True,False,paced
india,0_2,24,0.9427,HIGH,visible,True,0.978,0.9536,0.8997,0.9411,0.5213,True,0.0004,0.8297,False,True,True,True,False,paced
india,0_2,25,0.9385,HIGH,visible,True,0.9742,0.9627,0.8666,0.9544,0.5226,True,0.0002,0.8348,False,True,True,True,False,evicted
india,0_2,26,0.9493,HIGH,visible,True,0.971,0.9857,0.8719,0.9731,0.5087,True,0.0002,0.8437,False,True,True,True,False,paced
india,0_2,27,0.9567,HIGH,visible,True,0.9736,0.9947,0.8917,0.9702,0.5799,True,0.0001,0.8479,False,True,True,True,False,paced
india,0_2,28,0.9115,MEDIUM,visible,True,0.9367,0.9449,0.8254,0.9449,0.4985,True,0.0003,0.8758,False,True,True,True,False,paced
india,0_2,29,0.8108,MEDIUM,visible,True,0.8549,0.7404,0.7439,0.9178,0.4011,True,0.0002,0.8378,False,True,True,True,False,paced
india,0_2,30,0.9017,MEDIUM,visible,True,0.9343,0.9058,0.7811,1.0,0.4283,True,0.0,0.9039,False,True,True,True,False,evicted
india,0_2,31,0.9093,MEDIUM,visible,True,0.9644,0.8642,0.8201,1.0,0.4695,True,0.0,0.9041,False,True,True,True,False,paced
india,0_2,32,0.854,MEDIUM,visible,True,0.8956,0.874,0.734,0.9259,0.3761,True,0.0,0.8101,False,True,True,True,False,paced
india,0_2,33,0.726,LOW,visible,True,0.8181,0.8012,0.4715,0.8991,0.1238,True,0.0,0.6926,False,True,True,True,False,truncated
india,0_2,34,0.4649,LOW,visible,True,0.6891,0.9682,0.1061,0.6599,0.0347,True,0.0,0.3964,False,True,True,False,False,truncated
india,0_2,35,0.0,LOW,absent,False,,,,,,True,0.0,0.0,False,True,True,False,True,not_visible
india,0_2,36,0.5348,LOW,reappeared,True,0.9688,,0.2331,0.6773,0.0028,True,0.0,0.5964,False,True,True,True,False,low_similarity
india,0_2,37,0.5408,LOW,visible,True,0.7472,0.167,0.7301,0.9393,0.3697,True,0.0,0.7751,False,True,True,True,False,evicted
india,0_2,38,0.8106,MEDIUM,visible,True,0.8346,0.6071,0.8522,1.0,0.3925,True,0.0,0.9428,False,True,True,True,False,paced
india,0_2,39,0.8909,MEDIUM,visible,True,0.9322,0.8144,0.8299,1.0,0.4923,True,0.0,0.9679,False,True,True,True,False,paced
india,0_2,40,0.8766,MEDIUM,visible,True,0.9337,0.826,0.7805,0.981,0.4284,True,0.0,0.9539,False,True,True,True,False,paced
india,0_2,41,0.8809,MEDIUM,visible,True,0.8945,0.8848,0.7607,1.0,0.3735,True,0.0,0.8951,False,True,True,True,False,paced
india,0_2,42,0.8051,LOW,visible,True,0.8573,0.7825,0.6264,1.0,0.2343,True,0.0,0.8637,False,True,True,True,False,evicted
india,0_2,43,0.7384,LOW,visible,True,0.8365,0.7576,0.5307,0.8838,0.2284,True,0.0,0.8018,False,True,True,True,False,paced
india,0_2,44,0.6628,LOW,visible,True,0.7984,0.7723,0.4087,0.7658,0.1446,True,0.0,0.7325,False,True,True,True,False,low_similarity
india,0_2,45,0.0,LOW,absent,False,,,,,,True,0.0,0.0,False,True,True,False,True,not_visible
india,0_2,46,0.0,LOW,absent,False,,,,,,True,0.0,0.0,False,True,True,False,True,not_visible
india,0_2,47,0.0,LOW,absent,False,,,,,,True,0.0,0.0,False,True,True,False,True,not_visible
india,0_2,48,0.0,LOW,absent,False,,,,,,True,0.0,0.0,False,True,True,False,True,not_visible
india,0_2,49,0.0,LOW,absent,False,,,,,,True,0.0,0.0,False,True,True,False,True,not_visible
india,0_2,50,0.0,LOW,absent,False,,,,,,True,0.0,0.0,False,True,True,False,True,not_visible
india,0_2,51,0.0,LOW,absent,False,,,,,,True,0.0,0.0,False,True,True,False,True,not_visible
india,0_2,52,0.0,LOW,absent,False,,,,,,False,1.0,0.0,False,False,False,False,False,not_visible
india,0_2,53,0.0,LOW,absent,False,,,,,,False,1.0,0.0,False,False,False,False,False,not_visible
india,0_2,54,0.0,LOW,absent,False,,,,,,False,1.0,0.0,False,False,False,False,False,not_visible
india,0_2,55,0.0,LOW,absent,False,,,,,,False,1.0,0.0,False,False,False,False,False,not_visible
india,0_2,56,0.0,LOW,absent,False,,,,,,False,1.0,0.0,False,False,False,False,False,not_visible
india,0_2,57,0.4504,LOW,reappeared,True,0.9026,,0.2023,0.5004,0.1043,False,0.0,0.7361,False,False,False,False,False,low_similarity
india,0_2,58,0.3481,LOW,visible,True,0.9077,0.104,0.2897,0.5367,0.1655,False,0.0,0.6858,False,False,False,False,False,low_similarity
india,0_2,59,0.4147,LOW,visible,True,0.8683,0.3319,0.2101,0.4885,0.1477,False,0.0,0.4743,False,False,False,False,False,low_similarity
india,0_2,60,0.2328,LOW,visible,True,0.6592,0.0084,0.3112,0.7154,0.0617,False,0.0,0.6274,False,False,False,False,False,low_similarity
india,0_2,61,0.5545,LOW,visible,True,0.7691,0.5718,0.322,0.6676,0.1511,False,0.0,0.6838,False,False,False,False,False,low_similarity
india,0_2,62,0.6366,LOW,visible,True,0.8384,0.7849,0.3362,0.7425,0.1447,False,0.0,0.7275,False,False,False,False,False,low_similarity
india,0_2,63,0.819,MEDIUM,visible,True,0.8772,0.8572,0.6301,0.9497,0.3234,False,0.0,0.7799,False,False,False,False,False,evicted
india,0_2,64,0.8521,MEDIUM,visible,True,0.9151,0.8121,0.7653,0.9271,0.4484,False,0.0,0.8106,False,False,False,False,False,paced
india,0_2,65,0.8882,MEDIUM,visible,True,0.9146,0.9277,0.7621,0.9624,0.4402,False,0.0,0.8411,False,False,False,False,False,paced
india,0_2,66,0.8948,MEDIUM,visible,True,0.9479,0.9087,0.7751,0.9603,0.438,True,0.0,0.8625,False,True,True,True,False,paced
india,0_2,67,0.9101,MEDIUM,visible,True,0.9553,0.9653,0.7855,0.9472,0.4248,True,0.0,0.8793,False,True,True,True,False,paced
india,0_2,68,0.9222,HIGH,visible,True,0.9703,0.97,0.7683,1.0,0.4384,True,0.0,0.8879,False,True,True,True,False,evicted
india,0_2,69,0.9258,HIGH,visible,True,0.9636,0.9551,0.7981,1.0,0.4582,True,0.0,0.9219,False,True,True,True,False,paced
india,0_2,70,0.9319,HIGH,visible,True,0.9784,0.952,0.8096,1.0,0.4631,True,0.0,0.9381,False,True,True,True,False,paced
india,0_2,71,0.9175,MEDIUM,visible,True,0.9772,0.9489,0.7974,0.9584,0.4649,True,0.0,0.94,False,True,True,True,False,paced
india,0_2,72,0.9225,HIGH,visible,True,0.9775,0.947,0.8054,0.9712,0.4659,True,0.0,0.9384,False,True,True,True,False,paced
india,0_2,73,0.9314,HIGH,visible,True,0.975,0.9544,0.8244,0.9811,0.4554,True,0.0,0.931,False,True,True,True,False,evicted
india,0_2,74,0.944,HIGH,visible,True,0.9795,0.955,0.8827,0.9619,0.5299,True,0.0,0.9238,False,True,True,True,False,paced
india,0_2,75,0.9614,HIGH,visible,True,0.9837,0.9681,0.8971,1.0,0.5347,True,0.0,0.9171,False,True,True,True,False,paced
india,0_2,76,0.9583,HIGH,visible,True,0.9838,0.9618,0.8913,1.0,0.5242,True,0.0004,0.906,False,True,True,True,False,paced
india,0_2,77,0.9661,HIGH,visible,True,0.9859,0.9954,0.8937,0.9931,0.5244,True,0.0005,0.9109,False,True,True,True,False,paced
india,0_2,78,0.9581,HIGH,visible,True,0.9805,0.97,0.8863,0.9996,0.5344,True,0.0017,0.9146,False,True,True,True,False,merged
india,0_2,79,0.9589,HIGH,visible,True,0.9813,0.9766,0.8848,0.9969,0.5262,True,0.0026,0.9182,False,True,True,True,False,paced
india,0_3,1,0.9224,HIGH,visible,True,0.9816,0.9555,0.83,0.9298,0.243,True,0.8561,0.0,True,False,False,False,False,paced
india,0_3,2,0.9294,HIGH,visible,True,0.9819,0.9906,0.8601,0.8919,0.2714,True,0.8465,0.0,True,False,False,False,False,paced
india,0_3,3,0.9352,HIGH,visible,True,0.9828,0.9681,0.8346,0.9633,0.2466,True,0.8383,0.0,True,False,False,False,False,paced
india,0_3,4,0.9318,HIGH,visible,True,0.9837,0.9712,0.8556,0.9222,0.268,True,0.8441,0.0,True,False,False,False,False,paced
india,0_3,5,0.9287,HIGH,visible,True,0.9809,0.9868,0.8507,0.9036,0.2241,True,0.8437,0.0,True,False,False,False,False,added
india,0_3,6,0.9541,HIGH,visible,True,0.9758,0.9848,0.893,0.9658,0.2779,True,0.8448,0.0,True,False,False,False,False,paced
india,0_3,7,0.9573,HIGH,visible,True,0.9804,0.9804,0.9031,0.9675,0.2502,True,0.8385,0.0,True,False,False,False,False,paced
india,0_3,8,0.9455,HIGH,visible,True,0.973,0.9575,0.8726,0.983,0.3051,True,0.83,0.0,True,False,False,False,False,paced
india,0_3,9,0.9221,HIGH,visible,True,0.9836,0.9759,0.8322,0.905,0.3075,True,0.8195,0.0,True,False,False,False,False,paced
india,0_3,10,0.93,HIGH,visible,True,0.9734,0.99,0.8543,0.9087,0.3026,True,0.828,0.0,True,False,False,False,False,added
india,0_3,11,0.9287,HIGH,visible,True,0.9814,0.9408,0.9137,0.8817,0.3632,True,0.8297,0.0,True,False,False,False,False,paced
india,0_3,12,0.908,MEDIUM,visible,True,0.9797,0.9375,0.8977,0.8243,0.3153,True,0.8321,0.0,True,False,False,False,False,paced
india,0_3,13,0.9002,MEDIUM,visible,True,0.9819,0.945,0.8672,0.816,0.3253,True,0.8321,0.0,True,False,False,False,False,paced
india,0_3,14,0.9335,HIGH,visible,True,0.9837,0.9843,0.8632,0.9087,0.274,True,0.8374,0.0,True,False,False,False,False,paced
india,0_3,15,0.918,MEDIUM,visible,True,0.9816,0.9057,0.8418,0.949,0.2795,True,0.8406,0.0001,True,False,False,False,False,added
india,0_3,16,0.9295,HIGH,visible,True,0.9811,0.9324,0.8666,0.9417,0.2798,True,0.8356,0.0001,True,False,False,False,False,paced
india,0_3,17,0.9399,HIGH,visible,True,0.9821,0.9961,0.8595,0.9283,0.2271,True,0.8271,0.0001,True,False,False,False,False,paced
india,0_3,18,0.9383,HIGH,visible,True,0.9792,0.9624,0.8971,0.9167,0.2657,True,0.8255,0.0002,True,False,False,False,False,paced
india,0_3,19,0.9301,HIGH,visible,True,0.9769,0.9529,0.834,0.9641,0.1632,True,0.8296,0.0003,True,False,False,False,False,paced
india,0_3,20,0.9519,HIGH,visible,True,0.9799,0.9803,0.8565,0.998,0.1835,True,0.8201,0.0003,True,False,False,False,False,evicted
india,0_3,21,0.9546,HIGH,visible,True,0.9756,0.9714,0.8862,0.9889,0.2194,True,0.8232,0.0006,True,False,False,False,False,paced
india,0_3,22,0.9447,HIGH,visible,True,0.9748,0.9478,0.8954,0.9626,0.2102,True,0.8251,0.0003,True,False,False,False,False,paced
india,0_3,23,0.9461,HIGH,visible,True,0.9725,0.9757,0.9041,0.9338,0.2317,True,0.8275,0.0004,True,False,False,False,False,paced
india,0_3,24,0.9433,HIGH,visible,True,0.9783,0.9532,0.9048,0.9384,0.2354,True,0.8296,0.0003,True,False,False,False,False,paced
india,0_3,25,0.9435,HIGH,visible,True,0.9744,0.9621,0.8691,0.9727,0.2541,True,0.8356,0.0001,True,False,False,False,False,evicted
india,0_3,26,0.9596,HIGH,visible,True,0.9731,0.987,0.8888,0.9931,0.3086,True,0.8394,0.0001,True,False,False,False,False,paced
india,0_3,27,0.9679,HIGH,visible,True,0.9722,0.9933,0.9127,0.996,0.3431,True,0.8483,0.0001,True,False,False,False,False,paced
india,0_3,28,0.9036,MEDIUM,visible,True,0.9365,0.944,0.8279,0.9108,0.2328,True,0.876,0.0003,True,False,False,False,False,paced
india,0_3,29,0.7907,LOW,visible,True,0.8557,0.7408,0.7411,0.832,0.1208,True,0.8383,0.0002,True,False,False,False,False,paced
india,0_3,30,0.9007,MEDIUM,visible,True,0.9344,0.9063,0.7902,0.9834,0.184,True,0.904,0.0,True,False,False,False,False,evicted
india,0_3,31,0.8985,MEDIUM,visible,True,0.9644,0.8644,0.8267,0.9458,0.2186,True,0.9043,0.0,True,False,False,False,False,paced
india,0_3,32,0.8208,MEDIUM,visible,True,0.897,0.8735,0.7221,0.802,0.1944,True,0.8163,0.0,True,False,False,False,False,paced
india,0_3,33,0.6875,LOW,visible,True,0.8173,0.8029,0.4756,0.7157,0.1363,True,0.6933,0.0,True,False,False,False,False,truncated
india,0_3,34,0.478,LOW,visible,True,0.6895,0.9737,0.1089,0.7139,0.0339,True,0.3981,0.0,True,False,True,False,False,truncated
india,0_3,35,0.0,LOW,absent,False,,,,,,False,1.0,0.0,True,False,False,False,False,not_visible
india,0_3,36,0.534,LOW,reappeared,True,0.9641,,0.2454,0.6438,0.0493,True,0.5646,0.0,True,False,False,False,False,low_similarity
india,0_3,37,0.4702,LOW,visible,True,0.7375,0.106,0.7305,0.8554,0.191,True,0.7678,0.0,True,False,False,False,False,evicted
india,0_3,38,0.8026,LOW,visible,True,0.8314,0.5999,0.847,0.9822,0.2208,True,0.9431,0.0,True,False,False,False,False,paced
india,0_3,39,0.8897,MEDIUM,visible,True,0.932,0.8058,0.8344,1.0,0.1609,True,0.9678,0.0,True,False,False,False,False,paced
india,0_3,40,0.8798,MEDIUM,visible,True,0.9335,0.8194,0.7834,1.0,0.1656,True,0.9534,0.0,True,False,False,False,False,paced
india,0_3,41,0.8702,MEDIUM,visible,True,0.8945,0.882,0.762,0.9539,0.1437,True,0.895,0.0,True,False,False,False,False,paced
india,0_3,42,0.7814,LOW,visible,True,0.8573,0.7797,0.6276,0.8889,0.2201,True,0.8634,0.0,True,False,False,False,False,evicted
india,0_3,43,0.7194,LOW,visible,True,0.8365,0.7548,0.5617,0.7552,0.2729,True,0.8016,0.0,True,False,False,False,False,paced
india,0_3,44,0.6471,LOW,visible,True,0.7983,0.7693,0.4239,0.6738,0.1888,True,0.7319,0.0,True,False,False,False,False,low_similarity
india,0_3,45,0.0,LOW,absent,False,,,,,,True,0.0,0.0,True,True,True,False,True,not_visible
india,0_3,46,0.0,LOW,absent,False,,,,,,False,1.0,0.0,True,False,False,False,False,not_visible
india,0_3,47,0.0,LOW,absent,False,,,,,,False,1.0,0.0,True,False,False,False,False,not_visible
india,0_3,48,0.0,LOW,absent,False,,,,,,False,1.0,0.0,True,False,False,False,False,not_visible
india,0_3,49,0.0,LOW,absent,False,,,,,,False,1.0,0.0,True,False,False,False,False,not_visible
india,0_3,50,0.0,LOW,absent,False,,,,,,False,1.0,0.0,True,False,False,False,False,not_visible
india,0_3,51,0.0,LOW,absent,False,,,,,,False,1.0,0.0,True,False,False,False,False,not_visible
india,0_3,52,0.0,LOW,absent,False,,,,,,False,1.0,0.0,True,False,False,False,False,not_visible
india,0_3,53,0.0,LOW,absent,False,,,,,,False,1.0,0.0,True,False,False,False,False,not_visible
india,0_3,54,0.0,LOW,absent,False,,,,,,False,1.0,0.0,True,False,False,False,False,not_visible
india,0_3,55,0.0,LOW,absent,False,,,,,,True,0.0,0.0,True,True,True,False,True,not_visible
india,0_3,56,0.0,LOW,absent,False,,,,,,True,0.0,0.0,True,True,True,False,True,not_visible
india,0_3,57,0.4579,LOW,reappeared,True,0.9021,,0.2077,0.5127,0.145,True,0.7348,0.0,True,False,False,False,False,low_similarity
india,0_3,58,0.3473,LOW,visible,True,0.9106,0.1047,0.2929,0.5214,0.1832,True,0.6823,0.0,True,False,False,False,False,low_similarity
india,0_3,59,0.4188,LOW,visible,True,0.8704,0.3302,0.2158,0.4961,0.1672,True,0.4739,0.0,True,False,True,False,False,low_similarity
india,0_3,60,0.2325,LOW,visible,True,0.6594,0.0084,0.3189,0.695,0.1331,True,0.6272,0.0,True,False,False,False,False,low_similarity
india,0_3,61,0.5599,LOW,visible,True,0.7671,0.5711,0.3306,0.6784,0.1935,True,0.6817,0.0,True,False,False,False,False,low_similarity
india,0_3,62,0.6237,LOW,visible,True,0.8382,0.7843,0.3371,0.6827,0.1748,True,0.7263,0.0,True,False,False,False,False,low_similarity
india,0_3,63,0.7939,LOW,visible,True,0.8773,0.8563,0.6339,0.8344,0.3303,True,0.7783,0.0,True,False,False,False,False,evicted
india,0_3,64,0.8391,MEDIUM,visible,True,0.9148,0.8113,0.7746,0.8625,0.3652,True,0.8097,0.0,True,False,False,False,False,paced
india,0_3,65,0.8754,MEDIUM,visible,True,0.9145,0.9278,0.7677,0.9015,0.2745,True,0.84,0.0,True,False,False,False,False,paced
india,0_3,66,0.8842,MEDIUM,visible,True,0.9478,0.9073,0.7816,0.9091,0.2836,True,0.8615,0.0,True,False,False,False,False,paced
india,0_3,67,0.9152,MEDIUM,visible,True,0.9552,0.9649,0.7911,0.9621,0.2225,True,0.8787,0.0,True,False,False,False,False,paced
india,0_3,68,0.9112,MEDIUM,visible,True,0.9702,0.9701,0.7759,0.9439,0.2025,True,0.8871,0.0,True,False,False,False,False,evicted
india,0_3,69,0.9219,HIGH,visible,True,0.9635,0.9556,0.8038,0.976,0.2606,True,0.9218,0.0,True,False,False,False,False,paced
india,0_3,70,0.9295,HIGH,visible,True,0.9785,0.9521,0.8162,0.9818,0.2497,True,0.9377,0.0,True,False,False,False,False,paced
india,0_3,71,0.9178,MEDIUM,visible,True,0.9772,0.949,0.7992,0.9576,0.2248,True,0.9398,0.0,True,False,False,False,False,paced
india,0_3,72,0.9181,MEDIUM,visible,True,0.9774,0.9471,0.8089,0.9489,0.2224,True,0.9382,0.0,True,False,False,False,False,paced
india,0_3,73,0.9286,HIGH,visible,True,0.975,0.9541,0.8301,0.9628,0.2124,True,0.931,0.0,True,False,False,False,False,evicted
india,0_3,74,0.945,HIGH,visible,True,0.9795,0.9553,0.8929,0.9545,0.2755,True,0.9239,0.0,True,False,False,False,False,paced
india,0_3,75,0.9608,HIGH,visible,True,0.9837,0.9677,0.9016,0.9927,0.2713,True,0.9168,0.0,True,False,False,False,False,paced
india,0_3,76,0.9536,HIGH,visible,True,0.9838,0.9619,0.8967,0.9743,0.2834,True,0.9057,0.0004,True,False,False,False,False,paced
india,0_3,77,0.9642,HIGH,visible,True,0.9857,0.9955,0.8971,0.9819,0.2722,True,0.9111,0.0005,True,False,False,False,False,paced
india,0_3,78,0.951,HIGH,visible,True,0.9805,0.9701,0.8867,0.97,0.284,True,0.9145,0.0017,True,False,False,False,False,merged
india,0_3,79,0.9512,HIGH,visible,True,0.9814,0.9774,0.8875,0.9617,0.2639,True,0.9179,0.0026,True,False,False,False,False,paced
judo,0_2,1,0.9674,HIGH,visible,True,0.968,0.9708,0.9748,0.9561,0.5776,True,0.0255,0.9152,False,True,True,True,False,paced
judo,0_2,2,0.968,HIGH,visible,True,0.9681,0.982,0.9583,0.9637,0.5682,True,0.0251,0.9215,False,True,True,True,False,paced
judo,0_2,3,0.962,HIGH,visible,True,0.966,0.9838,0.9293,0.9697,0.5669,True,0.0266,0.9215,False,True,True,True,False,paced
judo,0_2,4,0.9656,HIGH,visible,True,0.9551,0.9835,0.9254,1.0,0.5756,True,0.0375,0.9068,False,True,True,True,False,paced
judo,0_2,5,0.9633,HIGH,visible,True,0.9643,0.9791,0.9249,0.9859,0.5821,True,0.0409,0.9022,False,True,True,True,False,added
judo,0_2,6,0.9758,HIGH,visible,True,0.9625,0.974,0.9672,1.0,0.6161,True,0.0441,0.8976,False,True,True,True,False,paced
judo,0_2,7,0.9699,HIGH,visible,True,0.9518,0.9828,0.9459,1.0,0.5977,True,0.0485,0.894,False,True,True,True,False,paced
judo,0_2,8,0.9664,HIGH,visible,True,0.9548,0.9677,0.9546,0.9889,0.618,True,0.0502,0.8823,False,True,True,True,False,paced
judo,0_2,9,0.9756,HIGH,visible,True,0.9498,0.9977,0.9558,1.0,0.5984,True,0.0571,0.8627,False,True,True,True,False,paced
judo,0_2,10,0.9498,HIGH,visible,True,0.9543,0.9834,0.8855,0.9792,0.5199,True,0.0642,0.8527,False,True,True,True,False,added
judo,0_2,11,0.9256,HIGH,visible,True,0.9146,0.9075,0.9403,0.9403,0.5515,True,0.0594,0.8105,False,True,True,True,False,paced
judo,0_2,12,0.9154,MEDIUM,visible,True,0.9016,0.897,0.9215,0.9423,0.5702,True,0.0917,0.7954,False,True,True,True,False,paced
judo,0_2,13,0.86,MEDIUM,visible,True,0.8261,0.7335,0.9026,1.0,0.5328,True,0.0004,0.8458,False,True,True,True,False,paced
judo,0_2,14,0.9448,HIGH,visible,True,0.9475,0.9271,0.9068,1.0,0.5564,True,0.0003,0.8522,False,True,True,True,False,paced
judo,0_2,15,0.9404,HIGH,visible,True,0.9509,0.9312,0.8832,1.0,0.5474,True,0.0027,0.8056,False,True,True,True,False,added
judo,0_2,16,0.9593,HIGH,visible,True,0.9572,0.9717,0.9106,1.0,0.5681,True,0.0044,0.7739,False,True,True,True,False,paced
judo,0_2,17,0.9421,HIGH,visible,True,0.9541,0.9786,0.8437,1.0,0.5453,True,0.0015,0.7938,False,True,True,True,False,paced
judo,0_2,18,0.9333,HIGH,visible,True,0.9488,0.9516,0.8404,1.0,0.4652,True,0.0101,0.8162,False,True,True,True,False,paced
judo,0_2,19,0.82,MEDIUM,visible,True,0.8548,0.7674,0.6973,0.9884,0.3361,True,0.0585,0.7585,False,True,True,True,False,paced
judo,0_2,20,0.8015,LOW,visible,True,0.8657,0.8697,0.5972,0.9176,0.3592,True,0.0745,0.7493,False,True,True,True,False,evicted
judo,0_2,21,0.7754,LOW,visible,True,0.7979,0.6384,0.7516,0.9443,0.4689,True,0.0052,0.8355,False,True,True,True,False,paced
judo,0_2,22,0.8736,MEDIUM,visible,True,0.9521,0.9174,0.7113,0.9377,0.5045,True,0.0058,0.8262,False,True,True,True,False,paced
judo,0_2,23,0.8326,MEDIUM,visible,True,0.8858,0.8244,0.7066,0.9315,0.4409,True,0.01,0.9016,False,True,True,True,False,paced
judo,0_2,24,0.8951,MEDIUM,visible,True,0.8704,0.8829,0.8402,0.9943,0.5899,True,0.0013,0.8279,False,True,True,True,False,paced
judo,0_2,25,0.8659,MEDIUM,visible,True,0.8796,0.8058,0.8297,0.9562,0.5379,True,0.0053,0.9028,False,True,True,True,False,evicted
judo,0_2,26,0.9402,HIGH,visible,True,0.9489,0.9789,0.8537,0.9854,0.5033,True,0.0062,0.9283,False,True,True,True,False,paced
judo,0_2,27,0.9485,HIGH,visible,True,0.9525,0.995,0.8539,1.0,0.4841,True,0.0069,0.9354,False,True,True,True,False,paced
judo,0_2,28,0.9441,HIGH,visible,True,0.9659,0.9517,0.8644,1.0,0.4175,True,0.0079,0.9363,False,True,True,True,False,paced
judo,0_2,29,0.9539,HIGH,visible,True,0.9732,0.966,0.8806,1.0,0.4196,True,0.0071,0.9337,False,True,True,True,False,paced
judo,0_2,30,0.9544,HIGH,visible,True,0.9683,0.9705,0.883,1.0,0.4517,True,0.0081,0.9231,False,True,True,True,False,evicted
judo,0_2,31,0.953,HIGH,visible,True,0.9467,0.9657,0.9022,1.0,0.4573,True,0.0123,0.9178,False,True,True,True,False,paced
judo,0_2,32,0.9585,HIGH,visible,True,0.9452,0.9751,0.916,1.0,0.4212,True,0.0084,0.9239,False,True,True,True,False,paced
judo,0_1,1,0.97,HIGH,visible,True,0.968,0.9708,0.9744,0.9667,0.4942,True,0.9152,0.0255,True,False,False,False,False,paced
judo,0_1,2,0.9673,HIGH,visible,True,0.9681,0.982,0.9578,0.9615,0.478,True,0.9216,0.0251,True,False,False,False,False,paced
judo,0_1,3,0.9593,HIGH,visible,True,0.9661,0.9838,0.9289,0.9592,0.4671,True,0.9215,0.0266,True,False,False,False,False,paced
judo,0_1,4,0.9613,HIGH,visible,True,0.9551,0.9835,0.9248,0.9832,0.4465,True,0.9068,0.0375,True,False,False,False,False,paced
judo,0_1,5,0.9574,HIGH,visible,True,0.9643,0.9794,0.9244,0.9621,0.4718,True,0.9021,0.041,True,False,False,False,False,added
judo,0_1,6,0.9729,HIGH,visible,True,0.9625,0.9736,0.9668,0.9888,0.5382,True,0.8976,0.0441,True,False,False,False,False,paced
judo,0_1,7,0.9673,HIGH,visible,True,0.9518,0.983,0.9457,0.9893,0.509,True,0.8938,0.0486,True,False,False,False,False,paced
judo,0_1,8,0.9632,HIGH,visible,True,0.9548,0.9673,0.9544,0.9763,0.5417,True,0.8823,0.0502,True,False,False,False,False,paced
judo,0_1,9,0.9755,HIGH,visible,True,0.9499,0.9978,0.9554,1.0,0.5101,True,0.8627,0.0571,True,False,False,False,False,paced
judo,0_1,10,0.9432,HIGH,visible,True,0.9544,0.9834,0.8849,0.9532,0.4954,True,0.8527,0.0642,True,False,False,False,False,added
judo,0_1,11,0.916,MEDIUM,visible,True,0.9147,0.9078,0.9399,0.902,0.5114,True,0.8106,0.0594,True,False,False,False,False,paced
judo,0_1,12,0.9064,MEDIUM,visible,True,0.9017,0.8973,0.922,0.9049,0.5292,True,0.7955,0.0917,True,False,False,False,False,paced
judo,0_1,13,0.8546,MEDIUM,visible,True,0.8261,0.7335,0.903,0.9745,0.4155,True,0.8458,0.0004,True,False,False,False,False,paced
judo,0_1,14,0.944,HIGH,visible,True,0.9475,0.9271,0.9081,0.9952,0.4346,True,0.8522,0.0003,True,False,False,False,False,paced
judo,0_1,15,0.9403,HIGH,visible,True,0.9509,0.9309,0.8831,1.0,0.4371,True,0.8056,0.0027,True,False,False,False,False,added
judo,0_1,16,0.948,HIGH,visible,True,0.9572,0.9721,0.9103,0.9534,0.4674,True,0.7739,0.0044,True,False,False,False,False,paced
judo,0_1,17,0.9419,HIGH,visible,True,0.9541,0.9784,0.8434,1.0,0.4708,True,0.7938,0.0015,True,False,False,False,False,paced
judo,0_1,18,0.9333,HIGH,visible,True,0.9488,0.9515,0.8405,1.0,0.4655,True,0.8164,0.0101,True,False,False,False,False,paced
judo,0_1,19,0.8159,MEDIUM,visible,True,0.8547,0.7674,0.6959,0.9709,0.3342,True,0.7584,0.0585,True,False,False,False,False,paced
judo,0_1,20,0.7978,LOW,visible,True,0.8657,0.87,0.5971,0.901,0.3591,True,0.7493,0.0745,True,False,False,False,False,evicted
judo,0_1,21,0.7787,LOW,visible,True,0.7979,0.6385,0.7513,0.9608,0.4685,True,0.8355,0.0052,True,False,False,False,False,paced
judo,0_1,22,0.8768,MEDIUM,visible,True,0.9521,0.9173,0.7112,0.9517,0.5038,True,0.8262,0.0058,True,False,False,False,False,paced
judo,0_1,23,0.8365,MEDIUM,visible,True,0.8858,0.8244,0.7063,0.9493,0.4407,True,0.9016,0.01,True,False,False,False,False,paced
judo,0_1,24,0.8752,MEDIUM,visible,True,0.8704,0.883,0.8398,0.909,0.517,True,0.8279,0.0013,True,False,False,False,False,paced
judo,0_1,25,0.8473,MEDIUM,visible,True,0.8796,0.8058,0.83,0.876,0.4601,True,0.9028,0.0053,True,False,False,False,False,evicted
judo,0_1,26,0.9167,MEDIUM,visible,True,0.9489,0.9789,0.8533,0.8909,0.5028,True,0.9283,0.0062,True,False,False,False,False,paced
judo,0_1,27,0.9394,HIGH,visible,True,0.9524,0.9949,0.8531,0.9635,0.4836,True,0.9355,0.0069,True,False,False,False,False,paced
judo,0_1,28,0.936,HIGH,visible,True,0.966,0.9518,0.8638,0.9667,0.4169,True,0.9363,0.0079,True,False,False,False,False,paced
judo,0_1,29,0.952,HIGH,visible,True,0.9732,0.9659,0.88,0.9928,0.4189,True,0.9337,0.0071,True,False,False,False,False,paced
judo,0_1,30,0.9543,HIGH,visible,True,0.9684,0.9705,0.8826,1.0,0.4516,True,0.9231,0.0081,True,False,False,False,False,evicted
judo,0_1,31,0.9529,HIGH,visible,True,0.9467,0.9655,0.902,1.0,0.4572,True,0.9179,0.0123,True,False,False,False,False,paced
judo,0_1,32,0.9585,HIGH,visible,True,0.9452,0.9754,0.9155,1.0,0.4203,True,0.9239,0.0084,True,False,False,False,False,paced
kite-surf,0_1,1,0.7812,LOW,visible,True,0.6727,0.6078,0.911,1.0,0.5401,True,0.3261,0.1512,True,False,True,False,False,truncated
kite-surf,0_1,2,0.7046,LOW,visible,True,0.6914,0.4065,0.8767,1.0,0.6003,True,0.255,0.457,True,False,True,False,False,paced
kite-surf,0_1,3,0.9017,MEDIUM,visible,True,0.8872,0.8807,0.8624,0.9812,0.5827,True,0.2471,0.4666,True,False,True,False,False,paced
kite-surf,0_1,4,0.9125,MEDIUM,visible,True,0.8851,0.885,0.8851,1.0,0.5597,True,0.2423,0.4761,True,False,True,False,False,paced
kite-surf,0_1,5,0.9233,HIGH,visible,True,0.9151,0.9412,0.8716,0.9679,0.5848,True,0.2525,0.4918,True,False,True,False,False,added
kite-surf,0_1,6,0.9279,HIGH,visible,True,0.8961,0.8901,0.9296,1.0,0.5588,True,0.2476,0.4678,True,False,True,False,False,paced
kite-surf,0_1,7,0.9,MEDIUM,visible,True,0.8911,0.9101,0.82,0.9867,0.461,True,0.2561,0.4729,True,False,True,False,False,paced
kite-surf,0_1,8,0.8902,MEDIUM,visible,True,0.8359,0.9274,0.81,1.0,0.4023,True,0.2412,0.4725,True,False,True,False,False,paced
kite-surf,0_1,9,0.9066,MEDIUM,visible,True,0.8952,0.9538,0.7911,1.0,0.3877,True,0.2371,0.4742,True,False,True,False,False,paced
kite-surf,0_1,10,0.8693,MEDIUM,visible,True,0.8427,0.8985,0.7542,1.0,0.3711,True,0.2441,0.483,True,False,True,False,False,added
kite-surf,0_1,11,0.897,MEDIUM,visible,True,0.8432,0.9023,0.9118,0.9332,0.5085,True,0.2455,0.4605,True,False,True,False,False,paced
kite-surf,0_1,12,0.8881,MEDIUM,visible,True,0.8343,0.9221,0.8818,0.9169,0.4705,True,0.2554,0.4504,True,False,True,False,False,paced
kite-surf,0_1,13,0.8818,MEDIUM,visible,True,0.8235,0.9112,0.8851,0.9106,0.5811,True,0.2569,0.4578,True,False,True,False,False,paced
kite-surf,0_1,14,0.8965,MEDIUM,visible,True,0.9094,0.9345,0.8386,0.9064,0.5208,True,0.2572,0.4438,True,False,True,False,False,paced
kite-surf,0_1,15,0.8775,MEDIUM,visible,True,0.817,0.9095,0.8606,0.9272,0.4754,True,0.2627,0.4392,True,False,True,False,False,added
kite-surf,0_1,16,0.9234,HIGH,visible,True,0.9062,0.9719,0.8919,0.9257,0.5504,True,0.2603,0.4388,True,False,True,False,False,paced
kite-surf,0_1,17,0.9316,HIGH,visible,True,0.9104,0.9878,0.9088,0.9216,0.5656,True,0.2553,0.4261,True,False,True,False,False,paced
kite-surf,0_1,18,0.9173,MEDIUM,visible,True,0.8885,0.9504,0.9027,0.9286,0.5759,True,0.2598,0.4183,True,False,True,False,False,paced
kite-surf,0_1,19,0.9103,MEDIUM,visible,True,0.8717,0.9788,0.8835,0.9108,0.6336,True,0.2572,0.4185,True,False,True,False,False,paced
kite-surf,0_1,20,0.8939,MEDIUM,visible,True,0.8706,0.9593,0.8371,0.9133,0.5784,True,0.2649,0.4258,True,False,True,False,False,evicted
kite-surf,0_1,21,0.9111,MEDIUM,visible,True,0.8857,0.9208,0.892,0.9474,0.6111,True,0.2625,0.4145,True,False,True,False,False,paced
kite-surf,0_1,22,0.8362,MEDIUM,visible,True,0.7909,0.7896,0.8907,0.8792,0.6005,True,0.2507,0.4357,True,False,True,False,False,paced
kite-surf,0_1,23,0.8881,MEDIUM,visible,True,0.8988,0.8755,0.8703,0.9084,0.5801,True,0.2455,0.4446,True,False,True,False,False,paced
kite-surf,0_1,24,0.8835,MEDIUM,visible,True,0.7818,0.9389,0.9106,0.9115,0.6274,True,0.2353,0.4534,True,False,True,False,False,paced
kite-surf,0_1,25,0.8921,MEDIUM,visible,True,0.853,0.9198,0.9054,0.8915,0.5917,True,0.2287,0.4701,True,False,True,False,False,evicted
kite-surf,0_1,26,0.905,MEDIUM,visible,True,0.8887,0.8764,0.865,0.9957,0.5754,True,0.2309,0.4779,True,False,True,False,False,paced
kite-surf,0_1,27,0.8902,MEDIUM,visible,True,0.9123,0.8031,0.8572,1.0,0.5397,True,0.2316,0.4688,True,False,True,False,False,paced
kite-surf,0_1,28,0.8829,MEDIUM,visible,True,0.9012,0.8219,0.9039,0.9076,0.6588,True,0.2345,0.4694,True,False,True,False,False,paced
kite-surf,0_1,29,0.8741,MEDIUM,visible,True,0.8634,0.8087,0.907,0.9216,0.6622,True,0.2394,0.4569,True,False,True,False,False,paced
kite-surf,0_1,30,0.8781,MEDIUM,visible,True,0.855,0.8395,0.907,0.9131,0.6388,True,0.2519,0.4444,True,False,True,False,False,merged
kite-surf,0_1,31,0.9044,MEDIUM,visible,True,0.8815,0.9373,0.8928,0.9068,0.6451,True,0.2441,0.4433,True,False,True,False,False,paced
kite-surf,0_1,32,0.9179,MEDIUM,visible,True,0.9151,0.8915,0.8704,1.0,0.5999,True,0.2453,0.4511,True,False,True,False,False,paced
kite-surf,0_1,33,0.9223,HIGH,visible,True,0.8964,0.9302,0.8679,1.0,0.6281,True,0.2466,0.4507,True,False,True,False,False,paced
kite-surf,0_1,34,0.9047,MEDIUM,visible,True,0.8846,0.8844,0.879,0.9742,0.633,True,0.2504,0.4473,True,False,True,False,False,paced
kite-surf,0_1,35,0.8961,MEDIUM,visible,True,0.8379,0.9395,0.819,1.0,0.588,True,0.2553,0.4411,True,False,True,False,False,evicted
kite-surf,0_1,36,0.8932,MEDIUM,visible,True,0.8231,0.8827,0.8759,1.0,0.6697,True,0.2627,0.4162,True,False,True,False,False,paced
kite-surf,0_1,37,0.8947,MEDIUM,visible,True,0.8413,0.8694,0.876,1.0,0.6043,True,0.2709,0.4225,True,False,True,False,False,paced
kite-surf,0_1,38,0.8594,MEDIUM,visible,True,0.8327,0.91,0.7198,1.0,0.3978,True,0.2597,0.438,True,False,True,False,False,paced
kite-surf,0_1,39,0.8499,MEDIUM,visible,True,0.8136,0.9012,0.7117,1.0,0.3577,True,0.2513,0.4414,True,False,True,False,False,paced
kite-surf,0_1,40,0.8207,MEDIUM,visible,True,0.7926,0.8552,0.6693,1.0,0.2438,True,0.2443,0.4758,True,False,True,False,False,evicted
kite-surf,0_1,41,0.8835,MEDIUM,visible,True,0.8867,0.9333,0.741,0.9933,0.3753,True,0.233,0.4999,True,False,True,False,False,paced
kite-surf,0_1,42,0.9051,MEDIUM,visible,True,0.8945,0.9682,0.775,1.0,0.4387,True,0.2379,0.4902,True,False,True,False,False,paced
kite-surf,0_1,43,0.8495,MEDIUM,visible,True,0.8713,0.9326,0.6409,1.0,0.3362,True,0.2303,0.5046,True,False,True,False,False,paced
kite-surf,0_1,44,0.8626,MEDIUM,visible,True,0.8911,0.9339,0.6652,1.0,0.294,True,0.2241,0.5196,True,False,True,False,False,paced
kite-surf,0_1,45,0.8522,MEDIUM,visible,True,0.9269,0.9268,0.66,0.9301,0.2311,True,0.227,0.5158,True,False,True,False,False,evicted
kite-surf,0_1,46,0.8799,MEDIUM,visible,True,0.9127,0.9721,0.6757,1.0,0.1637,True,0.224,0.5309,True,False,True,False,False,paced
kite-surf,0_1,47,0.873,MEDIUM,visible,True,0.8763,0.9723,0.6816,1.0,0.238,True,0.2166,0.5506,True,False,True,False,False,paced
kite-surf,0_1,48,0.8747,MEDIUM,visible,True,0.9,0.983,0.6618,1.0,0.2606,True,0.2129,0.5638,True,False,True,False,False,paced
kite-surf,0_2,1,0.7091,LOW,visible,True,0.8097,0.5196,0.6392,0.9404,0.156,True,0.2685,0.0,True,False,True,False,False,paced
kite-surf,0_2,2,0.7716,LOW,visible,True,0.8249,0.6681,0.6737,0.9546,0.2052,True,0.1959,0.0,True,False,True,False,False,paced
kite-surf,0_2,3,0.6999,LOW,visible,True,0.87,0.507,0.5607,0.9702,0.0903,True,0.2981,0.0,True,False,True,False,False,paced
kite-surf,0_2,4,0.6607,LOW,visible,True,0.8954,0.4331,0.5432,0.9044,0.0421,True,0.2885,0.0,True,False,True,False,False,paced
kite-surf,0_2,5,0.7124,LOW,visible,True,0.9124,0.5186,0.5689,0.9568,0.231,True,0.4159,0.0,True,False,True,False,False,added
kite-surf,0_2,6,0.6704,LOW,visible,True,0.862,0.3358,0.7581,0.9206,0.2948,True,0.5486,0.0,True,False,False,False,False,paced
kite-surf,0_2,7,0.7622,LOW,visible,True,0.8952,0.4908,0.8028,0.9568,0.4055,True,0.6346,0.0,True,False,False,False,False,paced
kite-surf,0_2,8,0.7135,LOW,visible,True,0.8679,0.4436,0.7442,0.9042,0.309,True,0.593,0.0024,True,False,False,False,False,paced
kite-surf,0_2,9,0.7934,LOW,visible,True,0.9375,0.6718,0.6905,0.9111,0.2317,True,0.6693,0.0066,True,False,False,False,False,paced
kite-surf,0_2,10,0.8321,MEDIUM,visible,True,0.9231,0.8336,0.6529,0.9541,0.1821,True,0.6016,0.0111,True,False,False,False,False,added
kite-surf,0_2,11,0.8214,MEDIUM,visible,True,0.892,0.7254,0.7763,0.9064,0.3347,True,0.6254,0.0033,True,False,False,False,False,paced
kite-surf,0_2,12,0.8121,MEDIUM,visible,True,0.8836,0.6397,0.7945,0.9686,0.2882,True,0.6127,0.0,True,False,False,False,False,paced
kite-surf,0_2,13,0.0,LOW,absent,False,,,,,,True,0.4163,0.0,True,False,True,False,True,not_visible
kite-surf,0_2,14,0.0,LOW,absent,False,,,,,,True,0.0,0.0,True,True,True,False,True,not_visible
kite-surf,0_2,15,0.0,LOW,absent,False,,,,,,True,0.0,0.0,True,True,True,False,True,not_visible
kite-surf,0_2,16,0.0,LOW,absent,False,,,,,,False,1.0,0.0,True,False,False,False,False,not_visible
kite-surf,0_2,17,0.0,LOW,absent,False,,,,,,False,1.0,0.0,True,False,False,False,False,not_visible
kite-surf,0_2,18,0.0,LOW,absent,False,,,,,,False,1.0,0.0,True,False,False,False,False,not_visible
kite-surf,0_2,19,0.0,LOW,absent,False,,,,,,False,1.0,0.0,True,False,False,False,False,not_visible
kite-surf,0_2,20,0.0,LOW,absent,False,,,,,,False,1.0,0.0,True,False,False,False,False,not_visible
kite-surf,0_2,21,0.7789,LOW,reappeared,True,0.8441,,0.6505,0.8607,0.3488,True,0.5611,0.0,True,False,False,False,False,added
kite-surf,0_2,22,0.6604,LOW,visible,True,0.852,0.3412,0.7443,0.8793,0.3704,True,0.5231,0.0,True,False,False,False,False,paced
kite-surf,0_2,23,0.8156,MEDIUM,visible,True,0.9258,0.6831,0.72,0.972,0.368,True,0.6122,0.0,True,False,False,False,False,paced
kite-surf,0_2,24,0.7933,LOW,visible,True,0.9504,0.6132,0.7069,0.9614,0.3295,True,0.604,0.0,True,False,False,False,False,paced
kite-surf,0_2,25,0.7898,LOW,visible,True,0.9443,0.6243,0.689,0.9579,0.2515,True,0.6803,0.0,True,False,False,False,False,paced
kite-surf,0_2,26,0.6924,LOW,visible,True,0.9277,0.3536,0.7436,0.9421,0.3457,True,0.5562,0.0,True,False,False,False,False,evicted
kite-surf,0_2,27,0.5963,LOW,visible,True,0.871,0.2014,0.7631,0.9449,0.3772,True,0.4561,0.0,True,False,True,False,False,paced
kite-surf,0_2,28,0.0,LOW,absent,False,,,,,,True,0.2889,0.0,True,False,True,False,True,not_visible
kite-surf,0_2,29,0.0,LOW,absent,False,,,,,,True,0.0,0.0,True,True,True,False,True,not_visible
kite-surf,0_2,30,0.0,LOW,absent,False,,,,,,True,0.0,0.0,True,True,True,False,True,not_visible
kite-surf,0_2,31,0.0,LOW,absent,False,,,,,,False,1.0,0.0,True,False,False,False,False,not_visible
kite-surf,0_2,32,0.0,LOW,absent,False,,,,,,False,1.0,0.0,True,False,False,False,False,not_visible
kite-surf,0_2,33,0.0,LOW,absent,False,,,,,,False,1.0,0.0,True,False,False,False,False,not_visible
kite-surf,0_2,34,0.0,LOW,absent,False,,,,,,False,1.0,0.0,True,False,False,False,False,not_visible
kite-surf,0_2,35,0.0,LOW,absent,False,,,,,,False,1.0,0.0,True,False,False,False,False,not_visible
kite-surf,0_2,36,0.0,LOW,absent,False,,,,,,False,1.0,0.0,True,False,False,False,False,not_visible
kite-surf,0_2,37,0.0,LOW,absent,False,,,,,,True,0.0,0.0,True,True,True,False,True,not_visible
kite-surf,0_2,38,0.0,LOW,absent,False,,,,,,True,0.0,0.0,True,True,True,False,True,not_visible
kite-surf,0_2,39,0.0,LOW,absent,False,,,,,,True,0.0,0.0,True,True,True,False,True,not_visible
kite-surf,0_2,40,0.0,LOW,absent,False,,,,,,True,0.0,0.0,True,True,True,False,True,not_visible
kite-surf,0_2,41,0.0,LOW,absent,False,,,,,,True,0.0,0.0,True,True,True,False,True,not_visible
kite-surf,0_2,42,0.0,LOW,absent,False,,,,,,True,0.0,0.0,True,True,True,False,True,not_visible
kite-surf,0_2,43,0.0,LOW,absent,False,,,,,,False,1.0,0.0,True,False,False,False,False,not_visible
kite-surf,0_2,44,0.0,LOW,absent,False,,,,,,True,0.0,0.0,True,True,True,False,True,not_visible
kite-surf,0_2,45,0.0,LOW,absent,False,,,,,,True,0.0,0.0,True,True,True,False,True,not_visible
kite-surf,0_2,46,0.0,LOW,absent,False,,,,,,True,0.0,0.0,True,True,True,False,True,not_visible
kite-surf,0_2,47,0.8085,LOW,reappeared,True,0.9223,,0.622,0.9214,0.3068,True,0.5464,0.0012,True,False,False,False,False,evicted
kite-surf,0_2,48,0.0,LOW,absent,False,,,,,,True,0.6009,0.0,True,False,False,False,True,not_visible
kite-surf,0_3,1,0.9533,HIGH,visible,True,0.9289,0.9719,0.915,1.0,0.471,True,0.6603,0.1195,True,False,False,False,False,paced
kite-surf,0_3,2,0.9484,HIGH,visible,True,0.9264,0.9619,0.9078,1.0,0.4591,True,0.6825,0.127,True,False,False,False,False,paced
kite-surf,0_3,3,0.9031,MEDIUM,visible,True,0.9324,0.8396,0.8792,0.9665,0.4099,True,0.674,0.1194,True,False,False,False,False,paced
kite-surf,0_3,4,0.9427,HIGH,visible,True,0.9548,0.8998,0.9193,1.0,0.4594,True,0.6829,0.1234,True,False,False,False,False,paced
kite-surf,0_3,5,0.9558,HIGH,visible,True,0.954,0.9602,0.9112,1.0,0.3799,True,0.7168,0.1286,True,False,False,False,False,added
kite-surf,0_3,6,0.968,HIGH,visible,True,0.9578,0.9613,0.9537,1.0,0.4536,True,0.71,0.1351,True,False,False,False,False,paced
kite-surf,0_3,7,0.9607,HIGH,visible,True,0.9497,0.9399,0.9545,1.0,0.4519,True,0.7248,0.1311,True,False,False,False,False,paced
kite-surf,0_3,8,0.9019,MEDIUM,visible,True,0.9132,0.9065,0.9321,0.8574,0.4803,True,0.7116,0.1298,True,False,False,False,False,paced
kite-surf,0_3,9,0.9172,MEDIUM,visible,True,0.9457,0.9284,0.9272,0.8696,0.4774,True,0.714,0.1337,True,False,False,False,False,paced
kite-surf,0_3,10,0.929,HIGH,visible,True,0.9364,0.8687,0.9157,1.0,0.4236,True,0.7289,0.1294,True,False,False,False,False,added
kite-surf,0_3,11,0.9433,HIGH,visible,True,0.9465,0.8967,0.9328,1.0,0.4101,True,0.726,0.1326,True,False,False,False,False,paced
kite-surf,0_3,12,0.948,HIGH,visible,True,0.9449,0.9188,0.9301,1.0,0.3789,True,0.7354,0.1258,True,False,False,False,False,paced
kite-surf,0_3,13,0.9531,HIGH,visible,True,0.9402,0.9299,0.9438,1.0,0.4061,True,0.7511,0.1243,True,False,False,False,False,paced
kite-surf,0_3,14,0.9604,HIGH,visible,True,0.9383,0.9571,0.9475,1.0,0.4744,True,0.6954,0.1346,True,False,False,False,False,paced
kite-surf,0_3,15,0.9446,HIGH,visible,True,0.9415,0.9202,0.919,1.0,0.4571,True,0.7084,0.1297,True,False,False,False,False,added
kite-surf,0_3,16,0.9546,HIGH,visible,True,0.9622,0.9761,0.9289,0.9518,0.4527,True,0.7123,0.1322,True,False,False,False,False,paced
kite-surf,0_3,17,0.9537,HIGH,visible,True,0.961,0.987,0.8723,1.0,0.4206,True,0.6976,0.1194,True,False,False,False,False,paced
kite-surf,0_3,18,0.9376,HIGH,visible,True,0.943,0.9381,0.8839,0.9886,0.4364,True,0.705,0.1257,True,False,False,False,False,paced
kite-surf,0_3,19,0.9314,HIGH,visible,True,0.9397,0.9471,0.8875,0.9529,0.4041,True,0.7173,0.1307,True,False,False,False,False,paced
kite-surf,0_3,20,0.9413,HIGH,visible,True,0.9472,0.9327,0.8886,1.0,0.3792,True,0.7182,0.1397,True,False,False,False,False,evicted
kite-surf,0_3,21,0.9315,HIGH,visible,True,0.9389,0.8989,0.9153,0.9749,0.4364,True,0.7144,0.1367,True,False,False,False,False,paced
kite-surf,0_3,22,0.9398,HIGH,visible,True,0.9356,0.9013,0.925,1.0,0.4113,True,0.7065,0.1316,True,False,False,False,False,paced
kite-surf,0_3,23,0.9582,HIGH,visible,True,0.9609,0.9389,0.9472,0.9865,0.4304,True,0.7213,0.1285,True,False,False,False,False,paced
kite-surf,0_3,24,0.9138,MEDIUM,visible,True,0.89,0.8471,0.9463,0.9776,0.4422,True,0.7178,0.1235,True,False,False,False,False,paced
kite-surf,0_3,25,0.9473,HIGH,visible,True,0.9502,0.905,0.9363,1.0,0.4312,True,0.7454,0.1231,True,False,False,False,False,evicted
kite-surf,0_3,26,0.9426,HIGH,visible,True,0.9548,0.9161,0.9338,0.9665,0.4108,True,0.758,0.1228,True,False,False,False,False,paced
kite-surf,0_3,27,0.906,MEDIUM,visible,True,0.9656,0.8049,0.8976,0.9659,0.4118,True,0.7441,0.1221,True,False,False,False,False,paced
kite-surf,0_3,28,0.9122,MEDIUM,visible,True,0.9394,0.8247,0.8936,1.0,0.4071,True,0.7493,0.1239,True,False,False,False,False,paced
kite-surf,0_3,29,0.9202,HIGH,visible,True,0.9417,0.8409,0.9056,1.0,0.4547,True,0.7572,0.1228,True,False,False,False,False,paced
kite-surf,0_3,30,0.9253,HIGH,visible,True,0.943,0.8583,0.9059,1.0,0.4488,True,0.7464,0.128,True,False,False,False,False,evicted
kite-surf,0_3,31,0.9249,HIGH,visible,True,0.9652,0.8585,0.883,1.0,0.4743,True,0.7343,0.1316,True,False,False,False,False,paced
kite-surf,0_3,32,0.9365,HIGH,visible,True,0.9691,0.8642,0.9183,1.0,0.4428,True,0.742,0.1303,True,False,False,False,False,paced
kite-surf,0_3,33,0.933,HIGH,visible,True,0.9609,0.8925,0.8838,1.0,0.4825,True,0.7308,0.1278,True,False,False,False,False,paced
kite-surf,0_3,34,0.9403,HIGH,visible,True,0.9675,0.9246,0.874,1.0,0.4446,True,0.732,0.1294,True,False,False,False,False,paced
kite-surf,0_3,35,0.9339,HIGH,visible,True,0.9348,0.9469,0.8595,1.0,0.4542,True,0.7309,0.131,True,False,False,False,False,evicted
kite-surf,0_3,36,0.9452,HIGH,visible,True,0.9452,0.9801,0.8761,0.9834,0.4706,True,0.7256,0.1447,True,False,False,False,False,paced
kite-surf,0_3,37,0.9335,HIGH,visible,True,0.9452,0.9129,0.8802,1.0,0.5066,True,0.6919,0.1466,True,False,False,False,False,paced
kite-surf,0_3,38,0.8736,MEDIUM,visible,True,0.9062,0.8028,0.8557,0.9355,0.4424,True,0.7099,0.1358,True,False,False,False,False,paced
kite-surf,0_3,39,0.9218,HIGH,visible,True,0.9192,0.8823,0.8901,1.0,0.5214,True,0.6893,0.1335,True,False,False,False,False,paced
kite-surf,0_3,40,0.9407,HIGH,visible,True,0.9519,0.9723,0.8459,1.0,0.4812,True,0.6904,0.1327,True,False,False,False,False,evicted
kite-surf,0_3,41,0.9405,HIGH,visible,True,0.9376,0.9514,0.8771,1.0,0.4614,True,0.7177,0.1302,True,False,False,False,False,paced
kite-surf,0_3,42,0.9287,HIGH,visible,True,0.9638,0.9079,0.8501,1.0,0.4492,True,0.712,0.129,True,False,False,False,False,paced
kite-surf,0_3,43,0.9435,HIGH,visible,True,0.9687,0.9094,0.8997,1.0,0.5002,True,0.7228,0.1293,True,False,False,False,False,paced
kite-surf,0_3,44,0.9382,HIGH,visible,True,0.9611,0.9127,0.8832,1.0,0.4661,True,0.7295,0.1332,True,False,False,False,False,paced
kite-surf,0_3,45,0.9453,HIGH,visible,True,0.97,0.9542,0.8913,0.9681,0.4638,True,0.7234,0.1349,True,False,False,False,False,evicted
kite-surf,0_3,46,0.9513,HIGH,visible,True,0.9629,0.9337,0.9108,1.0,0.5225,True,0.7325,0.1304,True,False,False,False,False,paced
kite-surf,0_3,47,0.9689,HIGH,visible,True,0.9551,0.9906,0.9315,1.0,0.5257,True,0.7442,0.1328,True,False,False,False,False,paced
kite-surf,0_3,48,0.9512,HIGH,visible,True,0.9455,0.9566,0.9052,1.0,0.5226,True,0.737,0.1327,True,False,False,False,False,paced
lab-coat,0_1,1,0.8905,MEDIUM,visible,True,0.9597,0.7742,0.8465,1.0,0.2531,True,0.0682,0.0536,False,True,True,False,False,paced
lab-coat,0_1,2,0.8765,MEDIUM,visible,True,0.9624,0.7309,0.8508,0.986,0.2586,True,0.0742,0.073,False,True,True,False,False,paced
lab-coat,0_1,3,0.878,MEDIUM,visible,True,0.9489,0.7253,0.8634,1.0,0.2732,True,0.0995,0.0683,False,True,True,False,False,paced
lab-coat,0_1,4,0.0,LOW,absent,False,,,,,,True,0.1139,0.0625,False,False,True,False,True,not_visible
lab-coat,0_1,5,0.932,HIGH,reappeared,True,0.9882,,0.8192,1.0,0.2397,True,0.1027,0.0759,False,False,True,False,False,added
lab-coat,0_1,6,0.9136,MEDIUM,visible,True,0.9583,0.7683,0.9461,1.0,0.3406,True,0.0894,0.0817,False,True,True,False,False,paced
lab-coat,0_1,7,0.9381,HIGH,visible,True,0.9657,0.8765,0.9209,0.9933,0.3155,True,0.0924,0.0868,False,True,True,False,False,paced
lab-coat,0_1,8,0.9096,MEDIUM,visible,True,0.9731,0.76,0.9353,0.9894,0.3297,True,0.0791,0.097,False,True,True,False,False,paced
lab-coat,0_1,9,0.9496,HIGH,visible,True,0.9663,0.8958,0.9394,1.0,0.3169,True,0.0975,0.1404,False,True,True,False,False,paced
lab-coat,0_1,10,0.8947,MEDIUM,visible,True,0.93,0.7447,0.9254,1.0,0.3415,True,0.0693,0.1681,False,True,True,False,False,added
lab-coat,0_1,11,0.8821,MEDIUM,visible,True,0.957,0.6962,0.9088,1.0,0.3316,True,0.0601,0.0452,False,True,True,False,False,paced
lab-coat,0_1,12,0.8289,MEDIUM,visible,True,0.947,0.5535,0.9009,1.0,0.3094,True,0.0175,0.0724,False,True,True,False,False,paced
lab-coat,0_1,13,0.7282,LOW,visible,True,0.952,0.5816,0.5079,1.0,0.1903,True,0.0309,0.0455,False,True,True,False,False,paced
lab-coat,0_1,14,0.8208,MEDIUM,visible,True,0.9031,0.5935,0.8467,1.0,0.2659,True,0.14,0.0535,False,False,True,False,False,paced
lab-coat,0_1,15,0.8185,MEDIUM,visible,True,0.8474,0.751,0.7052,1.0,0.2176,True,0.1354,0.0627,False,False,True,False,False,added
lab-coat,0_1,16,0.8921,MEDIUM,visible,True,0.8677,0.9241,0.7898,1.0,0.3131,True,0.1878,0.1041,False,False,True,False,False,paced
lab-coat,0_1,17,0.8891,MEDIUM,visible,True,0.9107,0.7958,0.8624,1.0,0.304,True,0.1076,0.0698,False,False,True,False,False,paced
lab-coat,0_1,18,0.7792,LOW,visible,True,0.858,0.5428,0.7916,1.0,0.3008,True,0.1797,0.0237,False,False,True,False,False,paced
lab-coat,0_1,19,0.9082,MEDIUM,visible,True,0.9205,0.9336,0.7916,1.0,0.3132,True,0.1368,0.0262,False,False,True,False,False,paced
lab-coat,0_1,20,0.8651,MEDIUM,visible,True,0.9228,0.744,0.8157,1.0,0.3613,True,0.134,0.025,False,False,True,False,False,evicted
lab-coat,0_1,21,0.8634,MEDIUM,visible,True,0.9303,0.7071,0.8449,1.0,0.3869,True,0.1323,0.0268,False,False,True,False,False,paced
lab-coat,0_1,22,0.8908,MEDIUM,visible,True,0.9189,0.8558,0.8008,1.0,0.3491,True,0.1549,0.0246,False,False,True,False,False,paced
lab-coat,0_1,23,0.8866,MEDIUM,visible,True,0.8748,0.8779,0.8045,1.0,0.3679,True,0.0922,0.0269,False,True,True,False,False,paced
lab-coat,0_1,24,0.8514,MEDIUM,visible,True,0.924,0.7072,0.8042,1.0,0.3617,True,0.1098,0.0289,False,False,True,False,False,paced
lab-coat,0_1,25,0.851,MEDIUM,visible,True,0.9285,0.7254,0.7787,1.0,0.3715,True,0.1188,0.0315,False,False,True,False,False,evicted
lab-coat,0_1,26,0.8758,MEDIUM,visible,True,0.8952,0.8029,0.8186,1.0,0.4021,True,0.0882,0.0348,False,True,True,False,False,paced
lab-coat,0_1,27,0.8689,MEDIUM,visible,True,0.9233,0.7693,0.8026,1.0,0.3932,True,0.0908,0.0438,False,True,True,False,False,paced
lab-coat,0_1,28,0.8117,MEDIUM,visible,True,0.9108,0.5956,0.8004,1.0,0.3944,True,0.0542,0.0426,False,True,True,False,False,paced
lab-coat,0_1,29,0.9107,MEDIUM,visible,True,0.9189,0.8998,0.8321,1.0,0.4242,True,0.0655,0.0483,False,True,True,False,False,paced
lab-coat,0_1,30,0.89,MEDIUM,visible,True,0.9023,0.8514,0.8166,1.0,0.4149,True,0.0318,0.0566,False,True,True,False,False,evicted
lab-coat,0_1,31,0.7997,LOW,visible,True,0.9076,0.5701,0.7906,1.0,0.3819,True,0.0327,0.0628,False,True,True,False,False,paced
lab-coat,0_1,32,0.7484,LOW,visible,True,0.8612,0.5152,0.7073,1.0,0.3017,True,0.056,0.0704,False,True,True,False,False,paced
lab-coat,0_1,33,0.8138,MEDIUM,visible,True,0.9247,0.6728,0.7049,1.0,0.3177,True,0.0013,0.0774,False,True,True,False,False,paced
lab-coat,0_1,34,0.8879,MEDIUM,visible,True,0.9154,0.9142,0.7427,1.0,0.345,True,0.0096,0.0914,False,True,True,False,False,paced
lab-coat,0_1,35,0.82,MEDIUM,visible,True,0.9227,0.7002,0.6997,1.0,0.2797,True,0.0067,0.1013,False,True,True,False,False,evicted
lab-coat,0_1,36,0.8524,MEDIUM,visible,True,0.9394,0.7108,0.7908,1.0,0.3818,True,0.0051,0.1041,False,True,True,False,False,paced
lab-coat,0_1,37,0.8233,MEDIUM,visible,True,0.956,0.6039,0.7958,1.0,0.3807,True,0.0073,0.1029,False,True,True,False,False,paced
lab-coat,0_1,38,0.8321,MEDIUM,visible,True,0.9636,0.6434,0.7733,1.0,0.3561,True,0.0051,0.0976,False,True,True,False,False,paced
lab-coat,0_1,39,0.8377,MEDIUM,visible,True,0.955,0.6878,0.7496,1.0,0.3432,True,0.0055,0.0958,False,True,True,False,False,paced
lab-coat,0_1,40,0.8861,MEDIUM,visible,True,0.9712,0.7872,0.8064,1.0,0.3891,True,0.0057,0.0928,False,True,True,False,False,merged
lab-coat,0_1,41,0.8776,MEDIUM,visible,True,0.9525,0.7698,0.8089,1.0,0.393,True,0.0047,0.0859,False,True,True,False,False,paced
lab-coat,0_1,42,0.8963,MEDIUM,visible,True,0.9662,0.8439,0.7914,1.0,0.3797,True,0.0067,0.0828,False,True,True,False,False,paced
lab-coat,0_1,43,0.9065,MEDIUM,visible,True,0.9613,0.8472,0.8291,1.0,0.4259,True,0.0057,0.0788,False,True,True,False,False,paced
lab-coat,0_1,44,0.9327,HIGH,visible,True,0.97,0.9401,0.8298,1.0,0.4194,True,0.0036,0.0757,False,True,True,False,False,paced
lab-coat,0_1,45,0.9314,HIGH,visible,True,0.9654,0.9298,0.8383,1.0,0.4407,True,0.0064,0.0736,False,True,True,False,False,evicted
lab-coat,0_2,1,0.0,LOW,absent,False,,,,,,True,0.1154,0.2286,False,False,True,False,True,not_visible
lab-coat,0_2,2,0.0,LOW,absent,False,,,,,,True,0.0125,0.2833,False,True,True,False,True,not_visible
lab-coat,0_2,3,0.0,LOW,absent,False,,,,,,True,0.0581,0.274,False,True,True,False,True,not_visible
lab-coat,0_2,4,0.0,LOW,absent,False,,,,,,True,0.0674,0.32,False,True,True,False,True,not_visible
lab-coat,0_2,5,0.0,LOW,absent,False,,,,,,True,0.0654,0.325,False,True,True,False,True,not_visible
lab-coat,0_2,6,0.0,LOW,absent,False,,,,,,True,0.0273,0.3377,False,True,True,False,True,not_visible
lab-coat,0_2,7,0.0,LOW,absent,False,,,,,,True,0.0085,0.3038,False,True,True,False,True,not_visible
lab-coat,0_2,8,0.0,LOW,absent,False,,,,,,True,0.0085,0.2933,False,True,True,False,True,not_visible
lab-coat,0_2,9,0.0,LOW,absent,False,,,,,,True,0.0231,0.3684,False,True,True,False,True,not_visible
lab-coat,0_2,10,0.0,LOW,absent,False,,,,,,True,0.064,0.2737,False,True,True,False,True,not_visible
lab-coat,0_2,11,0.0,LOW,absent,False,,,,,,True,0.0357,0.2211,False,True,True,False,True,not_visible
lab-coat,0_2,12,0.0,LOW,absent,False,,,,,,True,0.0382,0.0031,False,True,True,False,True,not_visible
lab-coat,0_2,13,0.0,LOW,absent,False,,,,,,True,0.8012,0.0008,False,False,False,False,True,not_visible
lab-coat,0_2,14,0.0,LOW,absent,False,,,,,,True,0.7152,0.0001,False,False,False,False,True,not_visible
lab-coat,0_2,15,0.851,MEDIUM,reappeared,True,0.9427,,0.6537,1.0,0.3374,True,0.0,0.6447,False,True,True,True,False,added
lab-coat,0_2,16,0.8949,MEDIUM,visible,True,0.8799,0.8915,0.8177,1.0,0.4205,True,0.0,0.6421,False,True,True,True,False,paced
lab-coat,0_2,17,0.0,LOW,absent,False,,,,,,True,0.0,0.5302,False,True,True,True,True,not_visible
lab-coat,0_2,18,0.9252,HIGH,reappeared,True,0.9482,,0.8353,1.0,0.5399,True,0.0,0.7388,False,True,True,True,False,paced
lab-coat,0_2,19,0.0,LOW,absent,False,,,,,,True,0.0,0.5254,False,True,True,True,True,not_visible
lab-coat,0_2,20,0.8717,MEDIUM,reappeared,True,0.9598,,0.7057,0.9777,0.4803,True,0.0,0.7711,False,True,True,True,False,added
lab-coat,0_2,21,0.7578,LOW,visible,True,0.8414,0.5256,0.7456,1.0,0.4162,True,0.0,0.6192,False,True,True,True,False,paced
lab-coat,0_2,22,0.7989,LOW,visible,True,0.8634,0.6144,0.7679,1.0,0.5104,True,0.0,0.7222,False,True,True,True,False,paced
lab-coat,0_2,23,0.8404,MEDIUM,visible,True,0.8853,0.7081,0.7958,1.0,0.5551,True,0.0,0.7912,False,True,True,True,False,paced
lab-coat,0_2,24,0.7609,LOW,visible,True,0.8733,0.533,0.72,1.0,0.5209,True,0.0,0.7616,False,True,True,True,False,paced
lab-coat,0_2,25,0.7898,LOW,visible,True,0.9058,0.5981,0.718,1.0,0.4773,True,0.0,0.731,False,True,True,True,False,added
lab-coat,0_2,26,0.8945,MEDIUM,visible,True,0.9013,0.9225,0.77,1.0,0.544,True,0.0,0.788,False,True,True,True,False,paced
lab-coat,0_2,27,0.8351,MEDIUM,visible,True,0.9102,0.6909,0.7735,1.0,0.5754,True,0.0014,0.748,False,True,True,True,False,paced
lab-coat,0_2,28,0.7342,LOW,visible,True,0.9301,0.4074,0.7669,1.0,0.5491,True,0.0,0.7956,False,True,True,True,False,paced
lab-coat,0_2,29,0.867,MEDIUM,visible,True,0.9124,0.8302,0.7459,1.0,0.5026,True,0.0,0.7995,False,True,True,True,False,paced
lab-coat,0_2,30,0.8374,MEDIUM,visible,True,0.9004,0.7664,0.7127,1.0,0.5371,True,0.0,0.7816,False,True,True,True,False,evicted
lab-coat,0_2,31,0.7229,LOW,visible,True,0.8738,0.4232,0.7383,1.0,0.5452,True,0.0,0.8491,False,True,True,True,False,paced
lab-coat,0_2,32,0.0,LOW,absent,False,,,,,,True,0.0187,0.3493,False,True,True,False,True,not_visible
lab-coat,0_2,33,0.8823,MEDIUM,reappeared,True,0.9902,,0.6937,1.0,0.4312,True,0.0,0.914,False,True,True,True,False,paced
lab-coat,0_2,34,0.5414,LOW,visible,True,0.8322,0.1395,0.758,0.9764,0.5269,True,0.0,0.8549,False,True,True,True,False,paced
lab-coat,0_2,35,0.6019,LOW,visible,True,0.9515,0.2209,0.6699,0.9322,0.459,True,0.0,0.863,False,True,True,True,False,evicted
lab-coat,0_2,36,0.6358,LOW,visible,True,0.9718,0.2396,0.754,0.9312,0.542,True,0.0,0.8936,False,True,True,True,False,paced
lab-coat,0_2,37,0.6121,LOW,visible,True,0.9295,0.2017,0.7601,0.9847,0.5595,True,0.0,0.8457,False,True,True,True,False,paced
lab-coat,0_2,38,0.7063,LOW,visible,True,0.9353,0.3959,0.7233,0.9293,0.5255,True,0.0,0.8188,False,True,True,True,False,paced
lab-coat,0_2,39,0.6438,LOW,visible,True,0.9525,0.2495,0.757,0.9549,0.547,True,0.0,0.8612,False,True,True,True,False,paced
lab-coat,0_2,40,0.8024,LOW,visible,True,0.9522,0.6188,0.7574,0.9287,0.5303,True,0.0,0.8586,False,True,True,True,False,evicted
lab-coat,0_2,41,0.7839,LOW,visible,True,0.9531,0.5238,0.7912,0.9558,0.615,True,0.0,0.8521,False,True,True,True,False,paced
lab-coat,0_2,42,0.8521,MEDIUM,visible,True,0.9626,0.6771,0.8087,1.0,0.598,True,0.0,0.8584,False,True,True,True,False,paced
lab-coat,0_2,43,0.8592,MEDIUM,visible,True,0.9579,0.7089,0.833,0.9635,0.5868,True,0.0,0.8825,False,True,True,True,False,paced
lab-coat,0_2,44,0.901,MEDIUM,visible,True,0.9632,0.8452,0.8347,0.97,0.6158,True,0.0,0.8761,False,True,True,True,False,paced
lab-coat,0_2,45,0.8973,MEDIUM,visible,True,0.9651,0.9142,0.8211,0.8947,0.6136,True,0.0,0.8737,False,True,True,True,False,evicted
lab-coat,0_3,1,0.9676,HIGH,visible,True,0.9435,0.9695,0.9582,1.0,0.3427,True,0.5076,0.439,True,False,False,False,False,paced
lab-coat,0_3,2,0.9451,HIGH,visible,True,0.9534,0.9187,0.9669,0.942,0.3379,True,0.532,0.3945,True,False,False,False,False,paced
lab-coat,0_3,3,0.9596,HIGH,visible,True,0.9642,0.947,0.9394,0.9883,0.3728,True,0.5317,0.3992,True,False,False,False,False,paced
lab-coat,0_3,4,0.958,HIGH,visible,True,0.9612,0.952,0.9633,0.9555,0.3757,True,0.5322,0.3922,True,False,False,False,False,paced
lab-coat,0_3,5,0.9677,HIGH,visible,True,0.9561,0.971,0.9507,0.9937,0.3826,True,0.5293,0.4001,True,False,False,False,False,added
lab-coat,0_3,6,0.9794,HIGH,visible,True,0.962,0.9944,0.9745,0.9871,0.397,True,0.5337,0.394,True,False,False,False,False,paced
lab-coat,0_3,7,0.98,HIGH,visible,True,0.9574,0.9951,0.9682,1.0,0.3989,True,0.527,0.4058,True,False,False,False,False,paced
lab-coat,0_3,8,0.9792,HIGH,visible,True,0.9667,0.9855,0.965,1.0,0.3949,True,0.53,0.4027,True,False,False,False,False,paced
lab-coat,0_3,9,0.9562,HIGH,visible,True,0.9605,0.9871,0.9563,0.9219,0.38,True,0.5365,0.3943,True,False,False,False,False,paced
lab-coat,0_3,10,0.9627,HIGH,visible,True,0.9595,0.9995,0.9491,0.9437,0.3597,True,0.5428,0.3872,True,False,False,False,False,added
lab-coat,0_3,11,0.9671,HIGH,visible,True,0.9611,0.9639,0.9623,0.9812,0.3734,True,0.537,0.3958,True,False,False,False,False,paced
lab-coat,0_3,12,0.9613,HIGH,visible,True,0.9597,0.9535,0.9581,0.974,0.3979,True,0.5364,0.3977,True,False,False,False,False,paced
lab-coat,0_3,13,0.9652,HIGH,visible,True,0.9461,0.9493,0.9665,1.0,0.3656,True,0.5386,0.398,True,False,False,False,False,paced
lab-coat,0_3,14,0.9764,HIGH,visible,True,0.9653,0.9808,0.9601,1.0,0.3823,True,0.5412,0.3945,True,False,False,False,False,paced
lab-coat,0_3,15,0.9666,HIGH,visible,True,0.9514,0.9609,0.955,1.0,0.3572,True,0.5398,0.398,True,False,False,False,False,added
lab-coat,0_3,16,0.9731,HIGH,visible,True,0.9495,0.9894,0.9543,1.0,0.3908,True,0.5448,0.3907,True,False,False,False,False,paced
lab-coat,0_3,17,0.9763,HIGH,visible,True,0.956,0.9876,0.9622,1.0,0.3908,True,0.5422,0.3924,True,False,False,False,False,paced
lab-coat,0_3,18,0.9695,HIGH,visible,True,0.9476,0.9678,0.9633,1.0,0.3647,True,0.5396,0.3979,True,False,False,False,False,paced
lab-coat,0_3,19,0.9709,HIGH,visible,True,0.9468,0.9773,0.9603,1.0,0.3757,True,0.5402,0.3963,True,False,False,False,False,paced
lab-coat,0_3,20,0.9711,HIGH,visible,True,0.9456,0.9897,0.9504,1.0,0.3691,True,0.5449,0.3903,True,False,False,False,False,merged
lab-coat,0_3,21,0.947,HIGH,visible,True,0.9527,0.9348,0.9033,1.0,0.3417,True,0.5388,0.3926,True,False,False,False,False,paced
lab-coat,0_3,22,0.9652,HIGH,visible,True,0.9548,0.9877,0.9203,1.0,0.3318,True,0.5313,0.4031,True,False,False,False,False,paced
lab-coat,0_3,23,0.9556,HIGH,visible,True,0.9464,0.9711,0.9075,1.0,0.3301,True,0.5271,0.4079,True,False,False,False,False,paced
lab-coat,0_3,24,0.9457,HIGH,visible,True,0.9472,0.9627,0.8772,1.0,0.3051,True,0.5285,0.4132,True,False,False,False,False,paced
lab-coat,0_3,25,0.9445,HIGH,visible,True,0.9502,0.9826,0.8524,1.0,0.2859,True,0.5228,0.4186,True,False,False,False,False,evicted
lab-coat,0_3,26,0.9366,HIGH,visible,True,0.9438,0.9734,0.8378,1.0,0.2581,True,0.5196,0.4255,True,False,False,False,False,paced
lab-coat,0_3,27,0.9328,HIGH,visible,True,0.9473,0.9634,0.8296,1.0,0.2519,True,0.525,0.4288,True,False,False,False,False,paced
lab-coat,0_3,28,0.9321,HIGH,visible,True,0.9508,0.9726,0.8163,1.0,0.1123,True,0.5188,0.4479,True,False,False,False,False,paced
lab-coat,0_3,29,0.9391,HIGH,visible,True,0.9558,0.9903,0.8218,1.0,0.127,True,0.5145,0.4538,True,False,False,False,False,paced
lab-coat,0_3,30,0.9151,MEDIUM,visible,True,0.9496,0.9549,0.7735,1.0,0.0596,True,0.5111,0.4588,True,False,False,False,False,evicted
lab-coat,0_3,31,0.9405,HIGH,visible,True,0.9521,0.9955,0.8255,1.0,0.0982,True,0.5022,0.4697,True,False,False,False,False,paced
lab-coat,0_3,32,0.9276,HIGH,visible,True,0.9496,0.9753,0.7995,1.0,0.0421,True,0.4968,0.4774,True,False,True,False,False,paced
lab-coat,0_3,33,0.9009,MEDIUM,visible,True,0.9557,0.9898,0.6964,1.0,-0.033,True,0.4969,0.4819,True,False,True,False,False,paced
lab-coat,0_3,34,0.9056,MEDIUM,visible,True,0.9644,0.9941,0.7015,1.0,-0.047,True,0.492,0.4832,True,False,True,False,False,paced
lab-coat,0_3,35,0.9007,MEDIUM,visible,True,0.9698,0.9702,0.6995,1.0,-0.0878,True,0.4989,0.4792,True,False,True,False,False,evicted
lab-coat,0_3,36,0.9318,HIGH,visible,True,0.9802,0.9906,0.7765,1.0,0.0048,True,0.4968,0.4841,True,False,True,False,False,paced
lab-coat,0_3,37,0.9259,HIGH,visible,True,0.9846,0.9891,0.7548,1.0,0.0303,True,0.4965,0.4842,True,False,True,False,False,paced
lab-coat,0_3,38,0.9248,HIGH,visible,True,0.9818,0.9949,0.7489,1.0,0.0325,True,0.4935,0.4886,True,False,True,False,False,paced
lab-coat,0_3,39,0.9194,MEDIUM,visible,True,0.979,0.993,0.7351,1.0,0.0372,True,0.4919,0.4906,True,False,True,False,False,paced
lab-coat,0_3,40,0.9232,HIGH,visible,True,0.9776,0.9894,0.751,1.0,0.06,True,0.4913,0.4919,True,False,True,False,False,evicted
lab-coat,0_3,41,0.95,HIGH,visible,True,0.9769,0.9957,0.8376,1.0,0.1147,True,0.4918,0.489,True,False,True,False,False,paced
lab-coat,0_3,42,0.9469,HIGH,visible,True,0.9771,0.9884,0.8326,1.0,0.111,True,0.4902,0.4899,True,False,True,False,False,paced
lab-coat,0_3,43,0.9446,HIGH,visible,True,0.9758,0.9858,0.8277,1.0,0.1202,True,0.4856,0.4959,True,False,True,False,False,paced
lab-coat,0_3,44,0.9471,HIGH,visible,True,0.9774,0.9773,0.8421,1.0,0.1041,True,0.4842,0.4993,True,False,True,False,False,paced
lab-coat,0_3,45,0.9456,HIGH,visible,True,0.9718,0.99,0.8311,1.0,0.1155,True,0.4861,0.4927,True,False,True,False,False,evicted
lab-coat,0_4,1,0.8987,MEDIUM,visible,True,0.9429,0.7793,0.9254,0.9592,0.7718,True,0.0641,0.0,False,True,True,False,False,paced
lab-coat,0_4,2,0.9201,HIGH,visible,True,0.951,0.8143,0.9256,1.0,0.7852,True,0.0633,0.0,False,True,True,False,False,paced
lab-coat,0_4,3,0.9023,MEDIUM,visible,True,0.9488,0.758,0.9218,1.0,0.7768,True,0.0616,0.0,False,True,True,False,False,paced
lab-coat,0_4,4,0.9106,MEDIUM,visible,True,0.956,0.8596,0.927,0.9027,0.7761,True,0.0624,0.0,False,True,True,False,False,paced
lab-coat,0_4,5,0.9233,HIGH,visible,True,0.9475,0.8951,0.8859,0.9674,0.7526,True,0.0612,0.0,False,True,True,False,False,added
lab-coat,0_4,6,0.9235,HIGH,visible,True,0.9569,0.8992,0.9075,0.9313,0.7673,True,0.0611,0.0,False,True,True,False,False,paced
lab-coat,0_4,7,0.9376,HIGH,visible,True,0.9586,0.9218,0.9719,0.9,0.8366,True,0.0583,0.0,False,True,True,False,False,paced
lab-coat,0_4,8,0.9113,MEDIUM,visible,True,0.9368,0.8594,0.9168,0.9344,0.7786,True,0.0597,0.0,False,True,True,False,False,paced
lab-coat,0_4,9,0.9371,HIGH,visible,True,0.9448,0.894,0.9425,0.9689,0.7836,True,0.0571,0.0,False,True,True,False,False,paced
lab-coat,0_4,10,0.9413,HIGH,visible,True,0.9622,0.925,0.9456,0.9329,0.7745,True,0.0564,0.0,False,True,True,False,False,merged
lab-coat,0_4,11,0.9096,MEDIUM,visible,True,0.9577,0.7976,0.9366,0.957,0.788,True,0.055,0.0,False,True,True,False,False,paced
lab-coat,0_4,12,0.9037,MEDIUM,visible,True,0.9451,0.7784,0.9279,0.9771,0.7327,True,0.0549,0.0,False,True,True,False,False,paced
lab-coat,0_4,13,0.9004,MEDIUM,visible,True,0.9282,0.7433,0.9525,1.0,0.7588,True,0.0537,0.0,False,True,True,False,False,paced
lab-coat,0_4,14,0.9023,MEDIUM,visible,True,0.9355,0.7995,0.8987,0.9862,0.7113,True,0.0522,0.0,False,True,True,False,False,paced
lab-coat,0_4,15,0.8628,MEDIUM,visible,True,0.927,0.6748,0.8858,1.0,0.6883,True,0.0526,0.0,False,True,True,False,False,added
lab-coat,0_4,16,0.9139,MEDIUM,visible,True,0.9342,0.8316,0.8979,1.0,0.7591,True,0.0542,0.0,False,True,True,False,False,paced
lab-coat,0_4,17,0.9387,HIGH,visible,True,0.9356,0.9107,0.9111,1.0,0.7527,True,0.0582,0.0,False,True,True,False,False,paced
lab-coat,0_4,18,0.9226,HIGH,visible,True,0.9442,0.8441,0.9189,0.9893,0.6802,True,0.0583,0.0,False,True,True,False,False,paced
lab-coat,0_4,19,0.9124,MEDIUM,visible,True,0.9366,0.9105,0.8521,0.9537,0.7042,True,0.0559,0.0,False,True,True,False,False,paced
lab-coat,0_4,20,0.9268,HIGH,visible,True,0.9349,0.8845,0.8921,1.0,0.7044,True,0.0574,0.0,False,True,True,False,False,added
lab-coat,0_4,21,0.8912,MEDIUM,visible,True,0.9463,0.7708,0.8646,1.0,0.7385,True,0.0586,0.0,False,True,True,False,False,paced
lab-coat,0_4,22,0.8883,MEDIUM,visible,True,0.9276,0.8374,0.8764,0.9147,0.6768,True,0.0572,0.0,False,True,True,False,False,paced
lab-coat,0_4,23,0.9085,MEDIUM,visible,True,0.934,0.9112,0.8278,0.9668,0.6663,True,0.0585,0.0,False,True,True,False,False,paced
lab-coat,0_4,24,0.8907,MEDIUM,visible,True,0.9348,0.8173,0.8239,1.0,0.6857,True,0.0612,0.0,False,True,True,False,False,paced
lab-coat,0_4,25,0.8644,MEDIUM,visible,True,0.9444,0.755,0.8512,0.9199,0.6686,True,0.061,0.0,False,True,True,False,False,evicted
lab-coat,0_4,26,0.8808,MEDIUM,visible,True,0.9217,0.794,0.862,0.9539,0.7043,True,0.0641,0.0,False,True,True,False,False,paced
lab-coat,0_4,27,0.8746,MEDIUM,visible,True,0.9136,0.8106,0.8457,0.9342,0.7041,True,0.0656,0.0,False,True,True,False,False,paced
lab-coat,0_4,28,0.881,MEDIUM,visible,True,0.9224,0.757,0.8629,1.0,0.7125,True,0.0699,0.0,False,True,True,False,False,paced
lab-coat,0_4,29,0.8464,MEDIUM,visible,True,0.9163,0.7098,0.7891,1.0,0.6746,True,0.0669,0.0,False,True,True,False,False,paced
lab-coat,0_4,30,0.8815,MEDIUM,visible,True,0.8586,0.8305,0.8469,1.0,0.7016,True,0.0791,0.0,False,True,True,False,False,evicted
lab-coat,0_4,31,0.9033,MEDIUM,visible,True,0.8469,0.9153,0.859,1.0,0.7119,True,0.0839,0.0,False,True,True,False,False,paced
lab-coat,0_4,32,0.8066,LOW,visible,True,0.8575,0.7799,0.693,0.9134,0.6478,True,0.0782,0.0,False,True,True,False,False,paced
lab-coat,0_4,33,0.8118,MEDIUM,visible,True,0.8831,0.8633,0.6423,0.887,0.6206,True,0.0761,0.0,False,True,True,False,False,paced
lab-coat,0_4,34,0.8624,MEDIUM,visible,True,0.9113,0.9137,0.727,0.9139,0.6817,True,0.0767,0.0,False,True,True,False,False,paced
lab-coat,0_4,35,0.8138,MEDIUM,visible,True,0.9345,0.767,0.7044,0.8689,0.6826,True,0.0779,0.0,False,True,True,False,False,evicted
lab-coat,0_4,36,0.8527,MEDIUM,visible,True,0.9431,0.7844,0.7697,0.9284,0.7544,True,0.0812,0.0,False,True,True,False,False,paced
lab-coat,0_4,37,0.8411,MEDIUM,visible,True,0.9535,0.7981,0.7717,0.8522,0.7561,True,0.0841,0.0,False,True,True,False,False,paced
lab-coat,0_4,38,0.8405,MEDIUM,visible,True,0.9455,0.7881,0.7548,0.8874,0.7459,True,0.0834,0.0,False,True,True,False,False,paced
lab-coat,0_4,39,0.8733,MEDIUM,visible,True,0.9596,0.9345,0.7393,0.8773,0.7317,True,0.0883,0.0,False,True,True,False,False,paced
lab-coat,0_4,40,0.8757,MEDIUM,visible,True,0.9612,0.9504,0.7586,0.8484,0.745,True,0.0876,0.0,False,True,True,False,False,evicted
lab-coat,0_4,41,0.8898,MEDIUM,visible,True,0.9609,0.8448,0.855,0.9033,0.8363,True,0.0856,0.0,False,True,True,False,False,paced
lab-coat,0_4,42,0.8936,MEDIUM,visible,True,0.9573,0.9719,0.8454,0.8108,0.835,True,0.0951,0.0,False,True,True,False,False,paced
lab-coat,0_4,43,0.8848,MEDIUM,visible,True,0.9663,0.9707,0.8271,0.79,0.8146,True,0.0952,0.0,False,True,True,False,False,paced
lab-coat,0_4,44,0.8771,MEDIUM,visible,True,0.9707,0.9273,0.8364,0.786,0.8317,True,0.0975,0.0,False,True,True,False,False,paced
lab-coat,0_4,45,0.8904,MEDIUM,visible,True,0.9535,0.9385,0.8388,0.8374,0.8265,True,0.092,0.0,False,True,True,False,False,evicted
lab-coat,0_5,1,0.8131,MEDIUM,visible,True,0.9422,0.8943,0.5534,0.9373,0.3327,True,0.0,0.8184,False,True,True,True,False,paced
lab-coat,0_5,2,0.8216,MEDIUM,visible,True,0.9591,0.9197,0.5429,0.9514,0.3303,True,0.0,0.7885,False,True,True,True,False,paced
lab-coat,0_5,3,0.8996,MEDIUM,visible,True,0.9555,0.929,0.7786,0.9475,0.4255,True,0.0,0.7932,False,True,True,True,False,paced
lab-coat,0_5,4,0.8631,MEDIUM,visible,True,0.9558,0.9359,0.6532,0.95,0.3923,True,0.0,0.8028,False,True,True,True,False,paced
lab-coat,0_5,5,0.8196,MEDIUM,visible,True,0.9605,0.9499,0.5287,0.9355,0.312,True,0.0,0.7891,False,True,True,True,False,added
lab-coat,0_5,6,0.9273,HIGH,visible,True,0.9613,0.9909,0.8079,0.961,0.6115,True,0.0,0.7891,False,True,True,True,False,paced
lab-coat,0_5,7,0.928,HIGH,visible,True,0.959,0.9756,0.8257,0.9602,0.6404,True,0.0,0.7908,False,True,True,True,False,paced
lab-coat,0_5,8,0.955,HIGH,visible,True,0.9638,0.9731,0.887,1.0,0.6199,True,0.0,0.7839,False,True,True,True,False,paced
lab-coat,0_5,9,0.9395,HIGH,visible,True,0.9539,0.9723,0.8497,0.9883,0.6296,True,0.0,0.7872,False,True,True,True,False,paced
lab-coat,0_5,10,0.9252,HIGH,visible,True,0.9611,0.9982,0.8123,0.9403,0.5953,True,0.0,0.7826,False,True,True,True,False,added
lab-coat,0_5,11,0.9162,MEDIUM,visible,True,0.9652,0.9469,0.7927,0.9724,0.6388,True,0.0,0.7813,False,True,True,True,False,paced
lab-coat,0_5,12,0.9226,HIGH,visible,True,0.9607,0.9361,0.8226,0.9793,0.6283,True,0.0,0.7845,False,True,True,True,False,paced
lab-coat,0_5,13,0.9121,MEDIUM,visible,True,0.9421,0.9172,0.8398,0.9539,0.6088,True,0.0,0.7879,False,True,True,True,False,paced
lab-coat,0_5,14,0.9146,MEDIUM,visible,True,0.9678,0.9592,0.8034,0.9382,0.5904,True,0.0,0.787,False,True,True,True,False,paced
lab-coat,0_5,15,0.924,HIGH,visible,True,0.9535,0.9332,0.829,0.9881,0.6031,True,0.0,0.7825,False,True,True,True,False,added
lab-coat,0_5,16,0.9289,HIGH,visible,True,0.9462,0.9851,0.7989,1.0,0.5846,True,0.0,0.7867,False,True,True,True,False,paced
lab-coat,0_5,17,0.9359,HIGH,visible,True,0.9589,0.9713,0.8409,0.9795,0.6135,True,0.0,0.7854,False,True,True,True,False,paced
lab-coat,0_5,18,0.9186,MEDIUM,visible,True,0.9478,0.9348,0.8291,0.9693,0.5928,True,0.0,0.7838,False,True,True,True,False,paced
lab-coat,0_5,19,0.9175,MEDIUM,visible,True,0.9478,0.9615,0.8072,0.9636,0.6325,True,0.0,0.7841,False,True,True,True,False,paced
lab-coat,0_5,20,0.9263,HIGH,visible,True,0.9452,0.9939,0.8294,0.9449,0.586,True,0.0,0.7836,False,True,True,True,False,evicted
lab-coat,0_5,21,0.8885,MEDIUM,visible,True,0.9394,0.9102,0.8183,0.8907,0.6313,True,0.0,0.7667,False,True,True,True,False,paced
lab-coat,0_5,22,0.9175,MEDIUM,visible,True,0.9434,0.9554,0.8192,0.9598,0.559,True,0.0,0.7664,False,True,True,True,False,paced
lab-coat,0_5,23,0.908,MEDIUM,visible,True,0.9434,0.934,0.7716,1.0,0.4417,True,0.0,0.7613,False,True,True,True,False,paced
lab-coat,0_5,24,0.8936,MEDIUM,visible,True,0.9401,0.9324,0.7446,0.9768,0.4944,True,0.0,0.7498,False,True,True,True,False,paced
lab-coat,0_5,25,0.893,MEDIUM,visible,True,0.9361,0.9622,0.7059,1.0,0.4857,True,0.0,0.7345,False,True,True,True,False,evicted
lab-coat,0_5,26,0.9099,MEDIUM,visible,True,0.925,0.9468,0.7828,1.0,0.5122,True,0.0,0.7234,False,True,True,True,False,paced
lab-coat,0_5,27,0.8852,MEDIUM,visible,True,0.9074,0.8697,0.7782,1.0,0.4639,True,0.0,0.7009,False,True,True,True,False,paced
lab-coat,0_5,28,0.8665,MEDIUM,visible,True,0.8984,0.8811,0.7121,1.0,0.4149,True,0.0,0.6599,False,True,True,True,False,paced
lab-coat,0_5,29,0.8546,MEDIUM,visible,True,0.9131,0.9653,0.6255,0.9673,0.3686,True,0.0,0.6411,False,True,True,True,False,paced
lab-coat,0_5,30,0.7845,LOW,visible,True,0.883,0.8597,0.499,1.0,0.2417,True,0.0,0.6241,False,True,True,True,False,low_similarity
lab-coat,0_5,31,0.7744,LOW,visible,True,0.8737,0.8917,0.4845,0.9527,0.2934,True,0.0,0.5839,False,True,True,True,False,low_similarity
lab-coat,0_5,32,0.8208,MEDIUM,visible,True,0.909,0.9625,0.5189,1.0,0.3492,True,0.0,0.5652,False,True,True,True,False,evicted
lab-coat,0_5,33,0.8081,LOW,visible,True,0.9297,0.9376,0.4893,1.0,0.2797,True,0.0,0.5875,False,True,True,True,False,low_similarity
lab-coat,0_5,34,0.8115,MEDIUM,visible,True,0.9474,0.9379,0.488,1.0,0.294,True,0.0,0.5977,False,True,True,True,False,low_similarity
lab-coat,0_5,35,0.8025,LOW,visible,True,0.9571,0.9354,0.4674,0.9911,0.2681,True,0.0,0.6098,False,True,True,True,False,low_similarity
lab-coat,0_5,36,0.8068,LOW,visible,True,0.9649,0.9573,0.4609,0.9952,0.2827,True,0.0,0.6173,False,True,True,True,False,low_similarity
lab-coat,0_5,37,0.7907,LOW,visible,True,0.9682,0.9277,0.4355,0.9996,0.2253,True,0.0,0.6379,False,True,True,True,False,low_similarity
lab-coat,0_5,38,0.785,LOW,visible,True,0.9706,0.9527,0.4311,0.9527,0.2304,True,0.0,0.639,False,True,True,True,False,low_similarity
lab-coat,0_5,39,0.7785,LOW,visible,True,0.9689,0.9529,0.4055,0.9811,0.2154,True,0.0,0.6424,False,True,True,True,False,low_similarity
lab-coat,0_5,40,0.7662,LOW,visible,True,0.9681,0.9621,0.3791,0.976,0.2102,True,0.0,0.6389,False,True,True,True,False,low_similarity
lab-coat,0_5,41,0.7565,LOW,visible,True,0.9578,0.9496,0.3754,0.959,0.1912,True,0.0,0.6551,False,True,True,True,False,low_similarity
lab-coat,0_5,42,0.7709,LOW,visible,True,0.9652,0.9843,0.3725,0.9978,0.1752,True,0.0,0.6581,False,True,True,True,False,low_similarity
lab-coat,0_5,43,0.7698,LOW,visible,True,0.9635,0.9767,0.3733,1.0,0.1615,True,0.0,0.6557,False,True,True,True,False,low_similarity
lab-coat,0_5,44,0.7491,LOW,visible,True,0.959,0.963,0.344,0.9909,0.1654,True,0.0,0.6488,False,True,True,True,False,low_similarity
lab-coat,0_5,45,0.7495,LOW,visible,True,0.9614,0.963,0.35,0.9739,0.1427,True,0.0,0.6432,False,True,True,True,False,low_similarity
libby,0_1,1,0.8771,MEDIUM,visible,True,0.8333,0.8064,0.9043,0.9742,0.3565,True,0.9319,0.0,True,False,False,False,False,paced
libby,0_1,2,0.8911,MEDIUM,visible,True,0.8656,0.954,0.81,0.9428,0.3818,True,0.9404,0.0,True,False,False,False,False,paced
libby,0_1,3,0.8903,MEDIUM,visible,True,0.8685,0.9298,0.8058,0.9656,0.3643,True,0.9335,0.0,True,False,False,False,False,paced
libby,0_1,4,0.8867,MEDIUM,visible,True,0.8649,0.9056,0.7891,1.0,0.3103,True,0.936,0.0,True,False,False,False,False,paced
libby,0_1,5,0.8928,MEDIUM,visible,True,0.874,0.9135,0.7957,1.0,0.3149,True,0.9474,0.0,True,False,False,False,False,added
libby,0_1,6,0.9459,HIGH,visible,True,0.9074,0.9724,0.9103,0.9967,0.4004,True,0.9561,0.0,True,False,False,False,False,paced
libby,0_1,7,0.931,HIGH,visible,True,0.9032,0.9222,0.9022,1.0,0.4476,True,0.9572,0.0,True,False,False,False,False,paced
libby,0_1,8,0.9361,HIGH,visible,True,0.9166,0.936,0.8948,1.0,0.4194,True,0.9564,0.0,True,False,False,False,False,paced
libby,0_1,9,0.9418,HIGH,visible,True,0.9103,0.9662,0.8945,1.0,0.4205,True,0.9596,0.0,True,False,False,False,False,paced
libby,0_1,10,0.932,HIGH,visible,True,0.8939,0.9309,0.9066,1.0,0.3939,True,0.9502,0.0,True,False,False,False,False,added
libby,0_1,11,0.9263,HIGH,visible,True,0.8805,0.9273,0.9016,1.0,0.3906,True,0.9207,0.0,True,False,False,False,False,paced
libby,0_1,12,0.9023,MEDIUM,visible,True,0.8448,0.8752,0.8966,1.0,0.3867,True,0.9392,0.0,True,False,False,False,False,paced
libby,0_1,13,0.9238,HIGH,visible,True,0.8592,0.9341,0.9076,1.0,0.3847,True,0.9245,0.0,True,False,False,False,False,paced
libby,0_1,14,0.9098,MEDIUM,visible,True,0.8378,0.9433,0.867,1.0,0.3272,True,0.9187,0.0,True,False,False,False,False,paced
libby,0_1,15,0.9197,MEDIUM,visible,True,0.8547,0.9692,0.8881,0.9723,0.343,True,0.9298,0.0,True,False,False,False,False,added
libby,0_1,16,0.9085,MEDIUM,visible,True,0.8703,0.9529,0.8409,0.9768,0.2992,True,0.9301,0.0,True,False,False,False,False,paced
libby,0_1,17,0.9087,MEDIUM,visible,True,0.851,0.9279,0.8797,0.9817,0.3807,True,0.9154,0.0,True,False,False,False,False,paced
libby,0_1,18,0.9298,HIGH,visible,True,0.8774,0.985,0.8907,0.9711,0.3819,True,0.9286,0.0,True,False,False,False,False,paced
libby,0_1,19,0.898,MEDIUM,visible,True,0.864,0.8684,0.8667,1.0,0.3556,True,0.9371,0.0,True,False,False,False,False,paced
libby,0_1,20,0.8991,MEDIUM,visible,True,0.8617,0.9161,0.8312,0.996,0.3827,True,0.9323,0.0,True,False,False,False,False,evicted
libby,0_1,21,0.9202,HIGH,visible,True,0.872,0.9353,0.8789,1.0,0.374,True,0.9301,0.0,True,False,False,False,False,paced
libby,0_1,22,0.9111,MEDIUM,visible,True,0.869,0.9012,0.8967,0.9813,0.4032,True,0.9309,0.0,True,False,False,False,False,paced
libby,0_1,23,0.9103,MEDIUM,visible,True,0.8492,0.9467,0.8909,0.9589,0.4251,True,0.9048,0.0,True,False,False,False,False,paced
libby,0_1,24,0.9007,MEDIUM,visible,True,0.8288,0.9339,0.874,0.9728,0.3328,True,0.897,0.0,True,False,False,False,False,paced
libby,0_1,25,0.8567,MEDIUM,visible,True,0.8077,0.854,0.8245,0.9472,0.3503,True,0.9014,0.0,True,False,False,False,False,evicted
libby,0_1,26,0.8855,MEDIUM,visible,True,0.8044,0.9734,0.8117,0.9673,0.3322,True,0.9145,0.0,True,False,False,False,False,paced
libby,0_1,27,0.8872,MEDIUM,visible,True,0.8333,0.9217,0.845,0.9548,0.269,True,0.9154,0.0,True,False,False,False,False,paced
libby,0_1,28,0.8812,MEDIUM,visible,True,0.8177,0.9462,0.8133,0.9582,0.2561,True,0.9005,0.0,True,False,False,False,False,paced
libby,0_1,29,0.8688,MEDIUM,visible,True,0.825,0.8591,0.8212,0.9788,0.2784,True,0.9018,0.0,True,False,False,False,False,paced
libby,0_1,30,0.8284,MEDIUM,visible,True,0.8423,0.8342,0.7284,0.9201,0.3257,True,0.867,0.0,True,False,False,False,False,evicted
libby,0_1,31,0.8551,MEDIUM,visible,True,0.8218,0.8744,0.7977,0.9327,0.4382,True,0.9046,0.0,True,False,False,False,False,paced
libby,0_1,32,0.7816,LOW,visible,True,0.7782,0.7417,0.6929,0.9331,0.3425,True,0.866,0.0,True,False,False,False,False,paced
libby,0_1,33,0.8679,MEDIUM,visible,True,0.7981,0.9552,0.7443,1.0,0.3093,True,0.854,0.0,True,False,False,False,False,paced
libby,0_1,34,0.8529,MEDIUM,visible,True,0.7952,0.8712,0.8042,0.9499,0.2408,True,0.9072,0.0,True,False,False,False,False,paced
libby,0_1,35,0.8212,MEDIUM,visible,True,0.7433,0.7979,0.7925,0.9674,0.1778,True,0.8975,0.0,True,False,False,False,False,evicted
libby,0_1,36,0.832,MEDIUM,visible,True,0.7552,0.8663,0.7607,0.963,0.1883,True,0.8523,0.0,True,False,False,False,False,paced
libby,0_1,37,0.856,MEDIUM,visible,True,0.763,0.8797,0.8068,0.9915,0.259,True,0.8827,0.0,True,False,False,False,False,paced
libby,0_1,38,0.7755,LOW,visible,True,0.8504,0.5198,0.8181,1.0,0.239,True,0.8799,0.0,True,False,False,False,False,paced
libby,0_1,39,0.8294,MEDIUM,visible,True,0.8463,0.6794,0.8514,0.9668,0.2824,True,0.8947,0.0,True,False,False,False,False,paced
libby,0_1,40,0.8422,MEDIUM,visible,True,0.8531,0.7662,0.8368,0.92,0.3255,True,0.9183,0.0,True,False,False,False,False,evicted
libby,0_1,41,0.8644,MEDIUM,visible,True,0.8615,0.815,0.823,0.9663,0.3346,True,0.8958,0.0,True,False,False,False,False,paced
libby,0_1,42,0.8159,MEDIUM,visible,True,0.8235,0.7089,0.8015,0.9472,0.3378,True,0.8989,0.0,True,False,False,False,False,paced
libby,0_1,43,0.7492,LOW,visible,True,0.7626,0.6153,0.741,0.9064,0.2542,True,0.8683,0.0,True,False,False,False,False,paced
libby,0_1,44,0.7774,LOW,visible,True,0.7899,0.7695,0.6968,0.8625,0.221,True,0.8846,0.0,True,False,False,False,False,paced
libby,0_1,45,0.8514,MEDIUM,visible,True,0.8326,0.8895,0.813,0.8725,0.2535,True,0.8843,0.0,True,False,False,False,False,evicted
libby,0_1,46,0.8229,MEDIUM,visible,True,0.7692,0.8086,0.7861,0.9378,0.2481,True,0.8641,0.0,True,False,False,False,False,paced
libby,0_1,47,0.8303,MEDIUM,visible,True,0.7889,0.7755,0.8444,0.9201,0.3152,True,0.8731,0.0,True,False,False,False,False,paced
loading,0_1,1,0.9788,HIGH,visible,True,0.9772,0.9701,0.9683,1.0,0.9033,True,0.0,0.9745,False,True,True,True,False,paced
loading,0_1,2,0.9785,HIGH,visible,True,0.98,0.9945,0.9406,1.0,0.8443,True,0.0,0.9746,False,True,True,True,False,paced
loading,0_1,3,0.9712,HIGH,visible,True,0.9766,0.9634,0.9498,0.9955,0.8844,True,0.0,0.9686,False,True,True,True,False,paced
loading,0_1,4,0.9518,HIGH,visible,True,0.9716,0.9093,0.9479,0.9801,0.8798,True,0.0,0.9731,False,True,True,True,False,paced
loading,0_1,5,0.9446,HIGH,visible,True,0.9752,0.9099,0.9283,0.9665,0.881,True,0.0,0.9702,False,True,True,True,False,added
loading,0_1,6,0.9446,HIGH,visible,True,0.9739,0.9415,0.9112,0.9529,0.8341,True,0.0,0.967,False,True,True,True,False,paced
loading,0_1,7,0.964,HIGH,visible,True,0.9741,0.9737,0.9586,0.9498,0.9192,True,0.0,0.9605,False,True,True,True,False,paced
loading,0_1,8,0.9683,HIGH,visible,True,0.9761,0.993,0.9444,0.9603,0.9212,True,0.0,0.9598,False,True,True,True,False,paced
loading,0_1,9,0.9763,HIGH,visible,True,0.9807,0.9944,0.9465,0.9841,0.9163,True,0.0,0.958,False,True,True,True,False,paced
loading,0_1,10,0.9759,HIGH,visible,True,0.9844,0.9882,0.9324,1.0,0.9106,True,0.0,0.9555,False,True,True,True,False,added
loading,0_1,11,0.9732,HIGH,visible,True,0.9777,0.9722,0.9585,0.9846,0.9313,True,0.0,0.9675,False,True,True,True,False,paced
loading,0_1,12,0.9688,HIGH,visible,True,0.9781,0.9744,0.9454,0.9777,0.9157,True,0.0,0.9625,False,True,True,True,False,paced
loading,0_1,13,0.9651,HIGH,visible,True,0.9835,0.9854,0.9248,0.9679,0.8966,True,0.0,0.9653,False,True,True,True,False,paced
loading,0_1,14,0.953,HIGH,visible,True,0.9825,0.9901,0.9039,0.9379,0.8736,True,0.0,0.9628,False,True,True,True,False,paced
loading,0_1,15,0.9583,HIGH,visible,True,0.9813,0.9836,0.9236,0.9459,0.8656,True,0.0,0.9564,False,True,True,True,False,added
loading,0_1,16,0.9489,HIGH,visible,True,0.9808,0.9715,0.9095,0.9356,0.8542,True,0.0,0.9555,False,True,True,True,False,paced
loading,0_1,17,0.9578,HIGH,visible,True,0.9767,0.9796,0.9281,0.9479,0.8903,True,0.0,0.9591,False,True,True,True,False,paced
loading,0_1,18,0.9342,HIGH,visible,True,0.9813,0.9883,0.8594,0.9138,0.7848,True,0.0,0.9612,False,True,True,True,False,paced
loading,0_1,19,0.9279,HIGH,visible,True,0.972,0.989,0.8665,0.89,0.8516,True,0.0,0.9719,False,True,True,True,False,paced
loading,0_1,20,0.9153,MEDIUM,visible,True,0.961,0.9831,0.8133,0.9135,0.7901,True,0.0,0.9646,False,True,True,True,False,evicted
loading,0_1,21,0.9179,MEDIUM,visible,True,0.9604,0.9792,0.8458,0.8924,0.8335,True,0.0,0.9691,False,True,True,True,False,paced
loading,0_1,22,0.9182,MEDIUM,visible,True,0.9538,0.9812,0.8294,0.9158,0.7952,True,0.0,0.9635,False,True,True,True,False,paced
loading,0_1,23,0.8943,MEDIUM,visible,True,0.9445,0.9813,0.7701,0.896,0.7688,True,0.0,0.9623,False,True,True,True,False,paced
loading,0_1,24,0.8681,MEDIUM,visible,True,0.9472,0.9971,0.6841,0.8789,0.6906,True,0.0,0.9548,False,True,True,True,False,paced
loading,0_1,25,0.8616,MEDIUM,visible,True,0.9645,0.9555,0.6511,0.9185,0.6358,True,0.0,0.961,False,True,True,True,False,evicted
loading,0_1,26,0.8731,MEDIUM,visible,True,0.9782,0.9471,0.6722,0.9331,0.6263,True,0.0,0.9619,False,True,True,True,False,paced
loading,0_1,27,0.8856,MEDIUM,visible,True,0.9803,0.9487,0.71,0.9315,0.7037,True,0.0,0.9662,False,True,True,True,False,paced
loading,0_1,28,0.8638,MEDIUM,visible,True,0.9748,0.9488,0.6706,0.8978,0.6509,True,0.0,0.9659,False,True,True,True,False,paced
loading,0_1,29,0.8689,MEDIUM,visible,True,0.9671,0.9483,0.7065,0.8799,0.6826,True,0.0,0.9673,False,True,True,True,False,paced
loading,0_1,30,0.8736,MEDIUM,visible,True,0.9628,0.9512,0.6964,0.9134,0.6276,True,0.0,0.9706,False,True,True,True,False,evicted
loading,0_1,31,0.8862,MEDIUM,visible,True,0.9479,0.9484,0.7678,0.8936,0.6897,True,0.0,0.9551,False,True,True,True,False,paced
loading,0_1,32,0.8406,MEDIUM,visible,True,0.9215,0.9195,0.6214,0.9482,0.5926,True,0.0,0.9346,False,True,True,True,False,paced
loading,0_1,33,0.8362,MEDIUM,visible,True,0.9309,0.9272,0.6064,0.934,0.5518,True,0.0,0.9516,False,True,True,True,False,paced
loading,0_1,34,0.8029,LOW,visible,True,0.948,0.9661,0.5008,0.9059,0.4544,True,0.0,0.9418,False,True,True,True,False,paced
loading,0_1,35,0.8684,MEDIUM,visible,True,0.9533,0.961,0.6571,0.9445,0.5824,True,0.0001,0.9553,False,True,True,True,False,evicted
loading,0_1,36,0.9022,MEDIUM,visible,True,0.9505,0.9359,0.7992,0.9322,0.7249,True,0.0002,0.9459,False,True,True,True,False,paced
loading,0_1,37,0.8901,MEDIUM,visible,True,0.948,0.9212,0.7522,0.9555,0.6508,True,0.0004,0.9506,False,True,True,True,False,paced
loading,0_1,38,0.8583,MEDIUM,visible,True,0.94,0.9167,0.6895,0.9135,0.6253,True,0.001,0.9545,False,True,True,True,False,paced
loading,0_1,39,0.8481,MEDIUM,visible,True,0.9091,0.9039,0.6708,0.9386,0.5781,True,0.0021,0.95,False,True,True,True,False,paced
loading,0_1,40,0.8313,MEDIUM,visible,True,0.8919,0.9213,0.636,0.9139,0.5587,True,0.002,0.9255,False,True,True,True,False,evicted
loading,0_1,41,0.7958,LOW,visible,True,0.848,0.8859,0.616,0.8667,0.5403,True,0.0029,0.9092,False,True,True,True,False,paced
loading,0_1,42,0.7471,LOW,visible,True,0.8527,0.8612,0.487,0.871,0.4334,True,0.0032,0.9136,False,True,True,True,False,low_similarity
loading,0_1,43,0.6202,LOW,visible,True,0.7357,0.6542,0.3836,0.8016,0.3004,True,0.0003,0.9049,False,True,True,True,False,low_similarity
loading,0_1,44,0.567,LOW,visible,True,0.7512,0.5913,0.2866,0.8116,0.2926,True,0.0,0.9092,False,True,True,True,False,low_similarity
loading,0_1,45,0.5987,LOW,visible,True,0.7628,0.5709,0.3435,0.8584,0.3627,True,0.0001,0.9431,False,True,True,True,False,low_similarity
loading,0_1,46,0.6576,LOW,visible,True,0.7774,0.7496,0.3863,0.8306,0.3569,True,0.0003,0.9244,False,True,True,True,False,low_similarity
loading,0_1,47,0.7213,LOW,visible,True,0.7621,0.7737,0.5295,0.8671,0.4778,True,0.0004,0.8876,False,True,True,True,False,evicted
loading,0_1,48,0.7839,LOW,visible,True,0.7855,0.9112,0.6233,0.8464,0.5995,True,0.0003,0.9218,False,True,True,True,False,paced
loading,0_2,1,0.9548,HIGH,visible,True,0.9631,0.971,0.9511,0.9345,0.5521,True,0.1851,0.0003,True,False,True,False,False,paced
loading,0_2,2,0.9445,HIGH,visible,True,0.9662,0.9895,0.9021,0.9225,0.4745,True,0.2025,0.0001,True,False,True,False,False,paced
loading,0_2,3,0.9276,HIGH,visible,True,0.9683,0.9431,0.8385,0.9669,0.4158,True,0.2411,0.0002,True,False,True,False,False,paced
loading,0_2,4,0.9055,MEDIUM,visible,True,0.9626,0.8841,0.7899,1.0,0.3455,True,0.266,0.0007,True,False,True,False,False,paced
loading,0_2,5,0.8911,MEDIUM,visible,True,0.9604,0.8915,0.7363,1.0,0.2787,True,0.299,0.0004,True,False,True,False,False,added
loading,0_2,6,0.9517,HIGH,visible,True,0.9644,0.9361,0.9089,1.0,0.4798,True,0.3091,0.0006,True,False,True,False,False,paced
loading,0_2,7,0.9543,HIGH,visible,True,0.9696,0.9663,0.885,1.0,0.3857,True,0.316,0.0004,True,False,True,False,False,paced
loading,0_2,8,0.9582,HIGH,visible,True,0.9767,0.993,0.8692,1.0,0.3841,True,0.3146,0.0002,True,False,True,False,False,paced
loading,0_2,9,0.9471,HIGH,visible,True,0.9727,0.9745,0.8488,1.0,0.3995,True,0.2961,0.0004,True,False,True,False,False,paced
loading,0_2,10,0.9444,HIGH,visible,True,0.9784,0.9739,0.8348,1.0,0.3958,True,0.2918,0.001,True,False,True,False,False,added
loading,0_2,11,0.9532,HIGH,visible,True,0.9832,0.9664,0.8689,1.0,0.452,True,0.2924,0.0019,True,False,True,False,False,paced
loading,0_2,12,0.9496,HIGH,visible,True,0.9792,0.9687,0.8574,1.0,0.4634,True,0.2955,0.002,True,False,True,False,False,paced
loading,0_2,13,0.9432,HIGH,visible,True,0.9758,0.9623,0.8428,1.0,0.4716,True,0.2971,0.0004,True,False,True,False,False,paced
loading,0_2,14,0.9472,HIGH,visible,True,0.972,0.9773,0.8475,1.0,0.4217,True,0.2955,0.0004,True,False,True,False,False,paced
loading,0_2,15,0.9518,HIGH,visible,True,0.9673,0.9886,0.8598,0.9981,0.4174,True,0.2961,0.0015,True,False,True,False,False,added
loading,0_2,16,0.9124,MEDIUM,visible,True,0.9562,0.9556,0.7583,1.0,0.4034,True,0.2744,0.0018,True,False,True,False,False,paced
loading,0_2,17,0.9112,MEDIUM,visible,True,0.9488,0.9725,0.747,1.0,0.4547,True,0.2672,0.0013,True,False,True,False,False,paced
loading,0_2,18,0.9083,MEDIUM,visible,True,0.9682,0.9263,0.7589,1.0,0.4499,True,0.2767,0.0018,True,False,True,False,False,paced
loading,0_2,19,0.8616,MEDIUM,visible,True,0.937,0.8898,0.6611,1.0,0.4014,True,0.3943,0.0007,True,False,True,False,False,paced
loading,0_2,20,0.9051,MEDIUM,visible,True,0.9388,0.9688,0.7377,1.0,0.4395,True,0.5785,0.003,True,False,False,False,False,evicted
loading,0_2,21,0.9131,MEDIUM,visible,True,0.9456,0.9858,0.7457,1.0,0.3096,True,0.6923,0.0012,True,False,False,False,False,paced
loading,0_2,22,0.9103,MEDIUM,visible,True,0.9551,0.9476,0.7588,1.0,0.3522,True,0.7574,0.0019,True,False,False,False,False,paced
loading,0_2,23,0.8714,MEDIUM,visible,True,0.9503,0.9339,0.6884,0.9437,0.3195,True,0.7954,0.0015,True,False,False,False,False,paced
loading,0_2,24,0.8735,MEDIUM,visible,True,0.9551,0.9218,0.6613,1.0,0.2044,True,0.8051,0.0023,True,False,False,False,False,paced
loading,0_2,25,0.8784,MEDIUM,visible,True,0.9512,0.9203,0.6802,1.0,0.1763,True,0.8456,0.0022,True,False,False,False,False,evicted
loading,0_2,26,0.91,MEDIUM,visible,True,0.9627,0.9587,0.7431,1.0,0.2989,True,0.8576,0.0013,True,False,False,False,False,paced
loading,0_2,27,0.9102,MEDIUM,visible,True,0.9704,0.9684,0.7305,1.0,0.2981,True,0.8588,0.0008,True,False,False,False,False,paced
loading,0_2,28,0.9093,MEDIUM,visible,True,0.975,0.9708,0.7231,0.999,0.2818,True,0.8532,0.0015,True,False,False,False,False,paced
loading,0_2,29,0.9218,HIGH,visible,True,0.9787,0.9683,0.762,1.0,0.3293,True,0.8441,0.0026,True,False,False,False,False,paced
loading,0_2,30,0.9232,HIGH,visible,True,0.9755,0.9645,0.772,1.0,0.3044,True,0.8553,0.0011,True,False,False,False,False,evicted
loading,0_2,31,0.9376,HIGH,visible,True,0.9676,0.9452,0.8449,1.0,0.3782,True,0.872,0.0017,True,False,False,False,False,paced
loading,0_2,32,0.9291,HIGH,visible,True,0.9641,0.9354,0.8263,1.0,0.3299,True,0.889,0.0063,True,False,False,False,False,paced
loading,0_2,33,0.9339,HIGH,visible,True,0.9747,0.9568,0.8156,1.0,0.3193,True,0.9102,0.0023,True,False,False,False,False,paced
loading,0_2,34,0.9357,HIGH,visible,True,0.9756,0.9729,0.8078,1.0,0.3195,True,0.8983,0.0049,True,False,False,False,False,paced
loading,0_2,35,0.9206,HIGH,visible,True,0.9685,0.9492,0.7815,1.0,0.3313,True,0.9025,0.0004,True,False,False,False,False,evicted
loading,0_2,36,0.9347,HIGH,visible,True,0.9582,0.9699,0.8214,1.0,0.3917,True,0.8992,0.0025,True,False,False,False,False,paced
loading,0_2,37,0.8987,MEDIUM,visible,True,0.9504,0.9457,0.7259,1.0,0.4018,True,0.9122,0.0012,True,False,False,False,False,paced
loading,0_2,38,0.8971,MEDIUM,visible,True,0.9501,0.9435,0.7226,1.0,0.3743,True,0.9269,0.0014,True,False,False,False,False,paced
loading,0_2,39,0.8292,MEDIUM,visible,True,0.9348,0.9982,0.5066,1.0,0.3101,True,0.9416,0.0003,True,False,False,False,False,paced
loading,0_2,40,0.4299,LOW,visible,True,0.6972,0.2043,0.2682,0.8941,0.1317,True,0.6116,0.0007,True,False,False,False,False,low_similarity
loading,0_2,41,0.6312,LOW,visible,True,0.8513,0.8863,0.2628,0.8006,0.1417,True,0.5316,0.0001,True,False,False,False,False,low_similarity
loading,0_2,42,0.6086,LOW,visible,True,0.8381,0.9746,0.2179,0.7712,0.1365,True,0.4428,0.0,True,False,True,False,False,low_similarity
loading,0_2,43,0.5974,LOW,visible,True,0.8651,0.9376,0.1927,0.8148,0.122,True,0.399,0.0001,True,False,True,False,False,low_similarity
loading,0_2,44,0.6068,LOW,visible,True,0.8876,0.9335,0.2189,0.7473,0.0715,True,0.3517,0.0,True,False,True,False,False,low_similarity
loading,0_2,45,0.6271,LOW,visible,True,0.8383,0.8586,0.242,0.8876,0.1205,True,0.2877,0.0001,True,False,True,False,False,low_similarity
loading,0_2,46,0.6309,LOW,visible,True,0.9088,0.8982,0.2236,0.8679,0.1092,True,0.2476,0.0007,True,False,True,False,False,low_similarity
loading,0_2,47,0.6516,LOW,visible,True,0.9338,0.8372,0.2515,0.9169,0.1588,True,0.2576,0.0,True,False,True,False,False,low_similarity
loading,0_2,48,0.6997,LOW,visible,True,0.9257,0.8131,0.3562,0.8943,0.2618,True,0.2662,0.0,True,False,True,False,False,low_similarity
loading,0_3,1,0.9788,HIGH,visible,True,0.9772,0.97,0.9684,1.0,0.6506,True,0.9745,0.0,True,False,False,False,False,paced
loading,0_3,2,0.9785,HIGH,visible,True,0.98,0.9946,0.9406,1.0,0.6142,True,0.9746,0.0,True,False,False,False,False,paced
loading,0_3,3,0.9722,HIGH,visible,True,0.9766,0.9634,0.9495,1.0,0.6042,True,0.9686,0.0002,True,False,False,False,False,paced
loading,0_3,4,0.9508,HIGH,visible,True,0.9716,0.9093,0.9477,0.9761,0.6024,True,0.9732,0.0001,True,False,False,False,False,paced
loading,0_3,5,0.9287,HIGH,visible,True,0.9753,0.91,0.9277,0.9034,0.5574,True,0.9702,0.0007,True,False,False,False,False,added
loading,0_3,6,0.9286,HIGH,visible,True,0.9739,0.9415,0.9115,0.8898,0.5616,True,0.967,0.0003,True,False,False,False,False,paced
loading,0_3,7,0.948,HIGH,visible,True,0.9741,0.9737,0.9585,0.8883,0.6269,True,0.9606,0.0001,True,False,False,False,False,paced
loading,0_3,8,0.9561,HIGH,visible,True,0.9761,0.993,0.9442,0.9129,0.6224,True,0.9598,0.0002,True,False,False,False,False,paced
loading,0_3,9,0.9748,HIGH,visible,True,0.9807,0.9944,0.9465,0.978,0.6251,True,0.958,0.0002,True,False,False,False,False,paced
loading,0_3,10,0.9756,HIGH,visible,True,0.9844,0.9882,0.9314,1.0,0.6158,True,0.9555,0.0,True,False,False,False,False,added
loading,0_3,11,0.9665,HIGH,visible,True,0.9777,0.9721,0.9583,0.9578,0.638,True,0.9675,0.0,True,False,False,False,False,paced
loading,0_3,12,0.9684,HIGH,visible,True,0.9781,0.9744,0.9453,0.9764,0.6303,True,0.9625,0.0004,True,False,False,False,False,paced
loading,0_3,13,0.964,HIGH,visible,True,0.9835,0.9853,0.9245,0.9641,0.6027,True,0.9654,0.0001,True,False,False,False,False,paced
loading,0_3,14,0.9488,HIGH,visible,True,0.9825,0.9902,0.9041,0.9216,0.5825,True,0.9628,0.0001,True,False,False,False,False,paced
loading,0_3,15,0.9535,HIGH,visible,True,0.9813,0.9835,0.9238,0.9271,0.6014,True,0.9564,0.0,True,False,False,False,False,added
loading,0_3,16,0.9454,HIGH,visible,True,0.9808,0.9715,0.9095,0.9217,0.5936,True,0.9555,0.0,True,False,False,False,False,paced
loading,0_3,17,0.9494,HIGH,visible,True,0.9767,0.9796,0.9281,0.9147,0.5793,True,0.9591,0.0,True,False,False,False,False,paced
loading,0_3,18,0.934,HIGH,visible,True,0.9813,0.9883,0.8574,0.9152,0.4531,True,0.9612,0.0007,True,False,False,False,False,paced
loading,0_3,19,0.9405,HIGH,visible,True,0.972,0.989,0.8664,0.9394,0.5001,True,0.972,0.0003,True,False,False,False,False,paced
loading,0_3,20,0.9193,MEDIUM,visible,True,0.961,0.9831,0.8134,0.9293,0.4237,True,0.9646,0.0006,True,False,False,False,False,evicted
loading,0_3,21,0.9444,HIGH,visible,True,0.9604,0.9792,0.846,1.0,0.4665,True,0.9691,0.0004,True,False,False,False,False,paced
loading,0_3,22,0.9387,HIGH,visible,True,0.9538,0.9812,0.8296,1.0,0.445,True,0.9635,0.0003,True,False,False,False,False,paced
loading,0_3,23,0.908,MEDIUM,visible,True,0.9445,0.9813,0.7703,0.9519,0.4349,True,0.9623,0.0022,True,False,False,False,False,paced
loading,0_3,24,0.8736,MEDIUM,visible,True,0.9472,0.9971,0.6842,0.9014,0.4191,True,0.9548,0.0042,True,False,False,False,False,paced
loading,0_3,25,0.8591,MEDIUM,visible,True,0.9645,0.9555,0.6512,0.9078,0.4229,True,0.961,0.0,True,False,False,False,False,evicted
loading,0_3,26,0.87,MEDIUM,visible,True,0.9782,0.9471,0.6723,0.9197,0.4165,True,0.9619,0.0002,True,False,False,False,False,paced
loading,0_3,27,0.8811,MEDIUM,visible,True,0.9803,0.9487,0.7101,0.9124,0.4343,True,0.9662,0.0,True,False,False,False,False,paced
loading,0_3,28,0.8616,MEDIUM,visible,True,0.9748,0.9488,0.6706,0.8885,0.416,True,0.9659,0.0012,True,False,False,False,False,paced
loading,0_3,29,0.8649,MEDIUM,visible,True,0.9671,0.9483,0.7065,0.8637,0.4554,True,0.9673,0.0002,True,False,False,False,False,paced
loading,0_3,30,0.8762,MEDIUM,visible,True,0.9628,0.9511,0.6964,0.9245,0.3312,True,0.9706,0.0011,True,False,False,False,False,evicted
loading,0_3,31,0.8899,MEDIUM,visible,True,0.9479,0.9485,0.7677,0.9086,0.3643,True,0.9551,0.0,True,False,False,False,False,paced
loading,0_3,32,0.8417,MEDIUM,visible,True,0.9215,0.9195,0.6213,0.9537,0.4079,True,0.9346,0.0,True,False,False,False,False,paced
loading,0_3,33,0.8258,MEDIUM,visible,True,0.9309,0.9272,0.6063,0.8888,0.3509,True,0.9516,0.0001,True,False,False,False,False,paced
loading,0_3,34,0.7985,LOW,visible,True,0.948,0.9661,0.5008,0.8862,0.2543,True,0.9418,0.0001,True,False,False,False,False,paced
loading,0_3,35,0.8499,MEDIUM,visible,True,0.9533,0.961,0.6569,0.8671,0.3702,True,0.9553,0.0003,True,False,False,False,False,evicted
loading,0_3,36,0.8918,MEDIUM,visible,True,0.9505,0.9358,0.7992,0.8897,0.5082,True,0.9458,0.0009,True,False,False,False,False,paced
loading,0_3,37,0.8798,MEDIUM,visible,True,0.948,0.9213,0.7523,0.9116,0.4706,True,0.9506,0.0005,True,False,False,False,False,paced
loading,0_3,38,0.8493,MEDIUM,visible,True,0.94,0.9167,0.6896,0.8755,0.372,True,0.9545,0.001,True,False,False,False,False,paced
loading,0_3,39,0.8528,MEDIUM,visible,True,0.9092,0.9039,0.6709,0.9591,0.3083,True,0.9501,0.002,True,False,False,False,False,paced
loading,0_3,40,0.8294,MEDIUM,visible,True,0.8918,0.9214,0.636,0.9056,0.2411,True,0.9255,0.002,True,False,False,False,False,evicted
loading,0_3,41,0.805,LOW,visible,True,0.8481,0.8857,0.6136,0.9112,0.2594,True,0.9092,0.0029,True,False,False,False,False,paced
loading,0_3,42,0.7547,LOW,visible,True,0.8527,0.8618,0.4871,0.9065,0.1863,True,0.9138,0.0031,True,False,False,False,False,low_similarity
loading,0_3,43,0.6375,LOW,visible,True,0.7357,0.6541,0.3837,0.8944,0.1677,True,0.9049,0.0003,True,False,False,False,False,low_similarity
loading,0_3,44,0.5674,LOW,visible,True,0.7512,0.5913,0.2867,0.8141,0.1992,True,0.9092,0.0,True,False,False,False,False,low_similarity
loading,0_3,45,0.5926,LOW,visible,True,0.7628,0.5709,0.3434,0.8248,0.2577,True,0.9431,0.0001,True,False,False,False,False,low_similarity
loading,0_3,46,0.6582,LOW,visible,True,0.7774,0.7497,0.3863,0.8336,0.2467,True,0.9245,0.0003,True,False,False,False,False,low_similarity
loading,0_3,47,0.7118,LOW,visible,True,0.7621,0.7735,0.5294,0.8224,0.3615,True,0.8876,0.0004,True,False,False,False,False,evicted
loading,0_3,48,0.7887,LOW,visible,True,0.7855,0.9115,0.6231,0.8674,0.4719,True,0.9218,0.0003,True,False,False,False,False,paced
mbike-trick,0_1,1,0.9461,HIGH,visible,True,0.9249,0.9769,0.8866,1.0,,True,0.8394,0.0194,True,False,False,False,False,paced
mbike-trick,0_1,2,0.9236,HIGH,visible,True,0.9399,0.9687,0.8575,0.9321,,True,0.8503,0.011,True,False,False,False,False,paced
mbike-trick,0_1,3,0.8965,MEDIUM,visible,True,0.9244,0.9198,0.8169,0.9301,,True,0.8298,0.011,True,False,False,False,False,paced
mbike-trick,0_1,4,0.9147,MEDIUM,visible,True,0.9324,0.9622,0.821,0.9503,,True,0.8298,0.0144,True,False,False,False,False,paced
mbike-trick,0_1,5,0.9165,MEDIUM,visible,True,0.9314,0.9457,0.8009,1.0,,True,0.83,0.0164,True,False,False,False,False,added
mbike-trick,0_1,6,0.9424,HIGH,visible,True,0.9388,0.9268,0.9122,0.9937,,True,0.836,0.0262,True,False,False,False,False,paced
mbike-trick,0_1,7,0.9462,HIGH,visible,True,0.9563,0.9293,0.9136,0.9874,,True,0.8342,0.0264,True,False,False,False,False,paced
mbike-trick,0_1,8,0.9114,MEDIUM,visible,True,0.9392,0.8967,0.887,0.9236,,True,0.8336,0.0189,True,False,False,False,False,paced
mbike-trick,0_1,9,0.9429,HIGH,visible,True,0.953,0.9328,0.8907,0.9985,,True,0.8348,0.0213,True,False,False,False,False,paced
mbike-trick,0_1,10,0.9434,HIGH,visible,True,0.9528,0.9602,0.8664,0.9992,,True,0.836,0.0213,True,False,False,False,False,added
mbike-trick,0_1,11,0.9418,HIGH,visible,True,0.9569,0.9695,0.9079,0.9342,,True,0.8415,0.0155,True,False,False,False,False,paced
mbike-trick,0_1,12,0.9617,HIGH,visible,True,0.9569,0.9909,0.9172,0.9837,,True,0.8301,0.0149,True,False,False,False,False,paced
mbike-trick,0_1,13,0.9244,HIGH,visible,True,0.9289,0.9282,0.8468,1.0,,True,0.826,0.0106,True,False,False,False,False,paced
mbike-trick,0_1,14,0.9139,MEDIUM,visible,True,0.9121,0.8848,0.8644,1.0,,True,0.8367,0.0152,True,False,False,False,False,paced
mbike-trick,0_1,15,0.9289,HIGH,visible,True,0.9504,0.9638,0.8293,0.98,,True,0.8414,0.0131,True,False,False,False,False,added
mbike-trick,0_1,16,0.9489,HIGH,visible,True,0.9324,0.9713,0.8965,0.9988,,True,0.829,0.018,True,False,False,False,False,paced
mbike-trick,0_1,17,0.9226,HIGH,visible,True,0.9298,0.978,0.7967,1.0,,True,0.8464,0.016,True,False,False,False,False,paced
mbike-trick,0_1,18,0.9505,HIGH,visible,True,0.9401,0.9853,0.8813,1.0,,True,0.8534,0.0116,True,False,False,False,False,paced
mbike-trick,0_1,19,0.9432,HIGH,visible,True,0.946,0.9539,0.8771,1.0,,True,0.8598,0.0095,True,False,False,False,False,paced
mbike-trick,0_1,20,0.9344,HIGH,visible,True,0.9364,0.9826,0.8283,1.0,,True,0.8536,0.0163,True,False,False,False,False,evicted
mbike-trick,0_1,21,0.9409,HIGH,visible,True,0.9269,0.9534,0.8871,1.0,,True,0.8426,0.0204,True,False,False,False,False,paced
mbike-trick,0_1,22,0.919,MEDIUM,visible,True,0.8965,0.9227,0.8624,1.0,,True,0.8315,0.0157,True,False,False,False,False,paced
mbike-trick,0_1,23,0.9357,HIGH,visible,True,0.929,0.976,0.8453,1.0,,True,0.8366,0.0214,True,False,False,False,False,paced
mbike-trick,0_1,24,0.934,HIGH,visible,True,0.9289,0.9436,0.8683,1.0,,True,0.8048,0.0237,True,False,False,False,False,paced
mbike-trick,0_1,25,0.9051,MEDIUM,visible,True,0.9106,0.9496,0.7761,1.0,,True,0.8696,0.0225,True,False,False,False,False,evicted
mbike-trick,0_1,26,0.9289,HIGH,visible,True,0.9679,0.9717,0.7953,0.9953,,True,0.8693,0.0221,True,False,False,False,False,paced
mbike-trick,0_1,27,0.9179,MEDIUM,visible,True,0.9723,0.9519,0.801,0.9574,,True,0.8679,0.0262,True,False,False,False,False,paced
mbike-trick,0_1,28,0.9019,MEDIUM,visible,True,0.9715,0.9083,0.7825,0.9581,,True,0.8639,0.0248,True,False,False,False,False,paced
mbike-trick,0_1,29,0.8956,MEDIUM,visible,True,0.9627,0.9069,0.7605,0.9691,,True,0.8673,0.0204,True,False,False,False,False,paced
mbike-trick,0_1,30,0.9111,MEDIUM,visible,True,0.9547,0.9558,0.7553,1.0,,True,0.8531,0.0189,True,False,False,False,False,evicted
mbike-trick,0_1,31,0.9324,HIGH,visible,True,0.9596,0.9543,0.8252,1.0,,True,0.8408,0.0199,True,False,False,False,False,paced
mbike-trick,0_1,32,0.926,HIGH,visible,True,0.974,0.9514,0.815,0.9735,,True,0.8399,0.0195,True,False,False,False,False,paced
mbike-trick,0_1,33,0.9044,MEDIUM,visible,True,0.9252,0.8748,0.8289,0.9973,,True,0.8682,0.0239,True,False,False,False,False,paced
mbike-trick,0_1,34,0.9225,HIGH,visible,True,0.9574,0.9134,0.8302,0.9976,,True,0.8681,0.0223,True,False,False,False,False,paced
mbike-trick,0_1,35,0.9102,MEDIUM,visible,True,0.93,0.9164,0.8055,1.0,,True,0.8773,0.0196,True,False,False,False,False,evicted
mbike-trick,0_1,36,0.9028,MEDIUM,visible,True,0.9313,0.921,0.8158,0.9493,,True,0.8914,0.0196,True,False,False,False,False,paced
mbike-trick,0_1,37,0.8946,MEDIUM,visible,True,0.9308,0.8174,0.8417,1.0,,True,0.8681,0.013,True,False,False,False,False,paced
mbike-trick,0_1,38,0.9302,HIGH,visible,True,0.9503,0.9659,0.8155,1.0,,True,0.8492,0.0201,True,False,False,False,False,paced
mbike-trick,0_1,39,0.9228,HIGH,visible,True,0.9614,0.9381,0.8042,1.0,,True,0.8549,0.0179,True,False,False,False,False,paced
mbike-trick,0_1,40,0.9372,HIGH,visible,True,0.9566,0.9971,0.8088,1.0,,True,0.8607,0.0147,True,False,False,False,False,evicted
mbike-trick,0_1,41,0.9253,HIGH,visible,True,0.9528,0.9612,0.8004,1.0,,True,0.8707,0.0124,True,False,False,False,False,paced
mbike-trick,0_1,42,0.9264,HIGH,visible,True,0.9616,0.9589,0.7987,1.0,,True,0.882,0.0145,True,False,False,False,False,paced
mbike-trick,0_1,43,0.9305,HIGH,visible,True,0.9641,0.9532,0.8157,1.0,,True,0.8723,0.0151,True,False,False,False,False,paced
mbike-trick,0_1,44,0.9267,HIGH,visible,True,0.9686,0.9526,0.7993,1.0,,True,0.8737,0.0167,True,False,False,False,False,paced
mbike-trick,0_1,45,0.9213,HIGH,visible,True,0.9682,0.9468,0.7858,1.0,,True,0.8654,0.0188,True,False,False,False,False,evicted
mbike-trick,0_1,46,0.9344,HIGH,visible,True,0.9569,0.9248,0.8613,1.0,,True,0.8661,0.0199,True,False,False,False,False,paced
mbike-trick,0_1,47,0.9549,HIGH,visible,True,0.9768,0.9934,0.857,1.0,,True,0.86,0.0203,True,False,False,False,False,paced
mbike-trick,0_1,48,0.9159,MEDIUM,visible,True,0.9619,0.8946,0.8177,1.0,,True,0.8661,0.0137,True,False,False,False,False,paced
mbike-trick,0_1,49,0.9334,HIGH,visible,True,0.9691,0.9647,0.8119,1.0,,True,0.86,0.0133,True,False,False,False,False,paced
mbike-trick,0_1,50,0.9012,MEDIUM,visible,True,0.9561,0.9471,0.7284,1.0,,True,0.878,0.014,True,False,False,False,False,evicted
mbike-trick,0_1,51,0.9303,HIGH,visible,True,0.9613,0.9786,0.7962,1.0,,True,0.8802,0.0145,True,False,False,False,False,paced
mbike-trick,0_1,52,0.9316,HIGH,visible,True,0.9638,0.9748,0.8018,1.0,,True,0.8634,0.0211,True,False,False,False,False,paced
mbike-trick,0_1,53,0.9287,HIGH,visible,True,0.9699,0.9601,0.799,1.0,,True,0.8732,0.0186,True,False,False,False,False,paced
mbike-trick,0_1,54,0.9391,HIGH,visible,True,0.9665,0.9865,0.8156,1.0,,True,0.8723,0.02,True,False,False,False,False,paced
mbike-trick,0_1,55,0.9325,HIGH,visible,True,0.9689,0.9801,0.7962,1.0,,True,0.8676,0.02,True,False,False,False,False,evicted
mbike-trick,0_1,56,0.9391,HIGH,visible,True,0.9625,0.971,0.8323,1.0,,True,0.8682,0.0211,True,False,False,False,False,paced
mbike-trick,0_1,57,0.9379,HIGH,visible,True,0.9708,0.9556,0.8341,1.0,,True,0.8778,0.0181,True,False,False,False,False,paced
mbike-trick,0_1,58,0.9375,HIGH,visible,True,0.9695,0.9537,0.8356,1.0,,True,0.8736,0.0173,True,False,False,False,False,paced
mbike-trick,0_1,59,0.9305,HIGH,visible,True,0.9667,0.9509,0.8154,1.0,,True,0.8873,0.0141,True,False,False,False,False,paced
mbike-trick,0_1,60,0.9195,MEDIUM,visible,True,0.9536,0.9081,0.8253,1.0,,True,0.859,0.0231,True,False,False,False,False,evicted
mbike-trick,0_1,61,0.9399,HIGH,visible,True,0.9708,0.965,0.833,1.0,,True,0.8624,0.0223,True,False,False,False,False,paced
mbike-trick,0_1,62,0.9207,HIGH,visible,True,0.9648,0.9054,0.8224,1.0,,True,0.8587,0.0225,True,False,False,False,False,paced
mbike-trick,0_1,63,0.8936,MEDIUM,visible,True,0.9578,0.8581,0.7759,1.0,,True,0.8421,0.0256,True,False,False,False,False,paced
mbike-trick,0_1,64,0.9069,MEDIUM,visible,True,0.967,0.9446,0.7405,1.0,,True,0.8622,0.021,True,False,False,False,False,paced
mbike-trick,0_1,65,0.8919,MEDIUM,visible,True,0.955,0.9404,0.7045,1.0,,True,0.8353,0.0313,True,False,False,False,False,evicted
mbike-trick,0_1,66,0.9022,MEDIUM,visible,True,0.959,0.8754,0.7892,1.0,,True,0.861,0.0214,True,False,False,False,False,paced
mbike-trick,0_1,67,0.8901,MEDIUM,visible,True,0.9497,0.8238,0.8024,1.0,,True,0.8573,0.023,True,False,False,False,False,paced
mbike-trick,0_1,68,0.8936,MEDIUM,visible,True,0.9416,0.8873,0.7632,1.0,,True,0.8499,0.0254,True,False,False,False,False,paced
mbike-trick,0_1,69,0.8948,MEDIUM,visible,True,0.9297,0.9395,0.734,1.0,,True,0.8304,0.0243,True,False,False,False,False,paced
mbike-trick,0_1,70,0.8957,MEDIUM,visible,True,0.9457,0.9288,0.7328,1.0,,True,0.8169,0.0257,True,False,False,False,False,evicted
mbike-trick,0_1,71,0.8504,MEDIUM,visible,True,0.9219,0.731,0.7762,1.0,,True,0.8045,0.0308,True,False,False,False,False,paced
mbike-trick,0_1,72,0.8729,MEDIUM,visible,True,0.9252,0.7979,0.7864,1.0,,True,0.8431,0.0234,True,False,False,False,False,paced
mbike-trick,0_1,73,0.908,MEDIUM,visible,True,0.9296,0.9491,0.7706,1.0,,True,0.8399,0.0214,True,False,False,False,False,paced
mbike-trick,0_1,74,0.9046,MEDIUM,visible,True,0.9097,0.9508,0.7742,1.0,,True,0.8418,0.0154,True,False,False,False,False,paced
mbike-trick,0_1,75,0.7512,LOW,visible,True,0.8246,0.6195,0.6306,0.9884,,True,0.9135,0.0143,True,False,False,False,False,evicted
mbike-trick,0_1,76,0.8555,MEDIUM,visible,True,0.9192,0.7899,0.741,0.9957,,True,0.9324,0.0095,True,False,False,False,False,paced
mbike-trick,0_1,77,0.8534,MEDIUM,visible,True,0.9249,0.86,0.6669,1.0,,True,0.931,0.0089,True,False,False,False,False,paced
mbike-trick,0_2,1,0.9656,HIGH,visible,True,0.9534,0.9669,0.9487,0.9939,,True,0.7773,0.1359,True,False,False,False,False,paced
mbike-trick,0_2,2,0.9426,HIGH,visible,True,0.955,0.9181,0.9005,1.0,,True,0.7995,0.1149,True,False,False,False,False,paced
mbike-trick,0_2,3,0.9483,HIGH,visible,True,0.9731,0.9497,0.8967,0.9758,,True,0.8095,0.1112,True,False,False,False,False,paced
mbike-trick,0_2,4,0.948,HIGH,visible,True,0.9789,0.955,0.8879,0.973,,True,0.8198,0.1033,True,False,False,False,False,paced
mbike-trick,0_2,5,0.9489,HIGH,visible,True,0.9721,0.9489,0.9047,0.9716,,True,0.8249,0.1016,True,False,False,False,False,added
mbike-trick,0_2,6,0.9705,HIGH,visible,True,0.9705,0.9713,0.9504,0.9903,,True,0.8408,0.0836,True,False,False,False,False,paced
mbike-trick,0_2,7,0.9763,HIGH,visible,True,0.9762,0.9673,0.9621,1.0,,True,0.8496,0.0729,True,False,False,False,False,paced
mbike-trick,0_2,8,0.975,HIGH,visible,True,0.9689,0.9616,0.9707,0.9991,,True,0.8451,0.0811,True,False,False,False,False,paced
mbike-trick,0_2,9,0.9729,HIGH,visible,True,0.9636,0.9664,0.9641,0.9981,,True,0.8336,0.086,True,False,False,False,False,paced
mbike-trick,0_2,10,0.9603,HIGH,visible,True,0.9694,0.9528,0.9321,0.9878,,True,0.8396,0.0809,True,False,False,False,False,merged
mbike-trick,0_2,11,0.9682,HIGH,visible,True,0.9686,0.9551,0.9597,0.9896,,True,0.8361,0.083,True,False,False,False,False,paced
mbike-trick,0_2,12,0.9742,HIGH,visible,True,0.971,0.9871,0.9533,0.9858,,True,0.8494,0.0782,True,False,False,False,False,paced
mbike-trick,0_2,13,0.9679,HIGH,visible,True,0.9713,0.9665,0.9499,0.9843,,True,0.8346,0.0857,True,False,False,False,False,paced
mbike-trick,0_2,14,0.9656,HIGH,visible,True,0.9667,0.9687,0.9284,1.0,,True,0.8526,0.0725,True,False,False,False,False,paced
mbike-trick,0_2,15,0.9564,HIGH,visible,True,0.9533,0.9412,0.9435,0.9885,,True,0.8145,0.1075,True,False,False,False,False,added
mbike-trick,0_2,16,0.9686,HIGH,visible,True,0.9633,0.9568,0.955,1.0,,True,0.802,0.113,True,False,False,False,False,paced
mbike-trick,0_2,17,0.9686,HIGH,visible,True,0.9614,0.9712,0.9428,1.0,,True,0.7874,0.1171,True,False,False,False,False,paced
mbike-trick,0_2,18,0.9691,HIGH,visible,True,0.9632,0.9904,0.9305,0.9935,,True,0.7823,0.1228,True,False,False,False,False,paced
mbike-trick,0_2,19,0.9734,HIGH,visible,True,0.9669,0.986,0.9418,1.0,,True,0.772,0.1247,True,False,False,False,False,paced
mbike-trick,0_2,20,0.9639,HIGH,visible,True,0.9584,0.979,0.9198,1.0,,True,0.757,0.1299,True,False,False,False,False,added
mbike-trick,0_2,21,0.9333,HIGH,visible,True,0.9187,0.8889,0.9444,0.9837,,True,0.8278,0.0677,True,False,False,False,False,paced
mbike-trick,0_2,22,0.9651,HIGH,visible,True,0.9559,0.9963,0.9322,0.977,,True,0.8628,0.0516,True,False,False,False,False,paced
mbike-trick,0_2,23,0.9657,HIGH,visible,True,0.9595,0.9708,0.9337,1.0,,True,0.872,0.0388,True,False,False,False,False,paced
mbike-trick,0_2,24,0.9602,HIGH,visible,True,0.9653,0.9605,0.9167,1.0,,True,0.8575,0.0412,True,False,False,False,False,paced
mbike-trick,0_2,25,0.9572,HIGH,visible,True,0.9615,0.9752,0.8952,1.0,,True,0.8518,0.0316,True,False,False,False,False,evicted
mbike-trick,0_2,26,0.9469,HIGH,visible,True,0.9453,0.9552,0.8995,0.9899,,True,0.8166,0.0447,True,False,False,False,False,paced
mbike-trick,0_2,27,0.9453,HIGH,visible,True,0.9697,0.9651,0.8572,0.9951,,True,0.8055,0.0381,True,False,False,False,False,paced
mbike-trick,0_2,28,0.9307,HIGH,visible,True,0.971,0.936,0.834,0.9899,,True,0.7951,0.0367,True,False,False,False,False,paced
mbike-trick,0_2,29,0.9207,HIGH,visible,True,0.9734,0.9522,0.7752,1.0,,True,0.7907,0.0336,True,False,False,False,False,paced
mbike-trick,0_2,30,0.9231,HIGH,visible,True,0.968,0.9519,0.7882,1.0,,True,0.7919,0.0297,True,False,False,False,False,evicted
mbike-trick,0_2,31,0.9376,HIGH,visible,True,0.9301,0.9668,0.8593,1.0,,True,0.817,0.0323,True,False,False,False,False,paced
mbike-trick,0_2,32,0.9375,HIGH,visible,True,0.9713,0.9759,0.8467,0.9626,,True,0.8033,0.0325,True,False,False,False,False,paced
mbike-trick,0_2,33,0.9255,HIGH,visible,True,0.9573,0.9826,0.8428,0.9253,,True,0.8003,0.0319,True,False,False,False,False,paced
mbike-trick,0_2,34,0.9275,HIGH,visible,True,0.9628,0.9728,0.8184,0.9653,,True,0.8092,0.0351,True,False,False,False,False,paced
mbike-trick,0_2,35,0.8889,MEDIUM,visible,True,0.8989,0.8738,0.7947,1.0,,True,0.83,0.028,True,False,False,False,False,evicted
mbike-trick,0_2,36,0.8866,MEDIUM,visible,True,0.9185,0.8797,0.7649,1.0,,True,0.8262,0.0226,True,False,False,False,False,paced
mbike-trick,0_2,37,0.9122,MEDIUM,visible,True,0.9458,0.907,0.8072,1.0,,True,0.8241,0.0195,True,False,False,False,False,paced
mbike-trick,0_2,38,0.9147,MEDIUM,visible,True,0.9475,0.9354,0.7897,1.0,,True,0.8125,0.0121,True,False,False,False,False,paced
mbike-trick,0_2,39,0.9078,MEDIUM,visible,True,0.9364,0.9385,0.7729,1.0,,True,0.8089,0.0272,True,False,False,False,False,paced
mbike-trick,0_2,40,0.9184,MEDIUM,visible,True,0.952,0.9689,0.7714,1.0,,True,0.8179,0.0293,True,False,False,False,False,evicted
mbike-trick,0_2,41,0.9304,HIGH,visible,True,0.9561,0.9271,0.8453,1.0,,True,0.8174,0.0384,True,False,False,False,False,paced
mbike-trick,0_2,42,0.9072,MEDIUM,visible,True,0.9349,0.8951,0.8094,1.0,,True,0.835,0.0196,True,False,False,False,False,paced
mbike-trick,0_2,43,0.9338,HIGH,visible,True,0.9722,0.96,0.8148,1.0,,True,0.8423,0.0205,True,False,False,False,False,paced
mbike-trick,0_2,44,0.9408,HIGH,visible,True,0.964,0.9563,0.85,1.0,,True,0.8309,0.0203,True,False,False,False,False,paced
mbike-trick,0_2,45,0.9378,HIGH,visible,True,0.9614,0.9742,0.8258,1.0,,True,0.8375,0.0211,True,False,False,False,False,merged
mbike-trick,0_2,46,0.9235,HIGH,visible,True,0.957,0.9548,0.796,1.0,,True,0.8324,0.0153,True,False,False,False,False,paced
mbike-trick,0_2,47,0.9302,HIGH,visible,True,0.9646,0.9873,0.7862,1.0,,True,0.8222,0.0154,True,False,False,False,False,paced
mbike-trick,0_2,48,0.9216,HIGH,visible,True,0.9546,0.9965,0.7582,1.0,,True,0.8174,0.0211,True,False,False,False,False,paced
mbike-trick,0_2,49,0.9284,HIGH,visible,True,0.9523,0.989,0.7889,1.0,,True,0.8354,0.0221,True,False,False,False,False,paced
mbike-trick,0_2,50,0.9218,HIGH,visible,True,0.9478,0.9808,0.7766,1.0,,True,0.8532,0.0188,True,False,False,False,False,evicted
mbike-trick,0_2,51,0.9364,HIGH,visible,True,0.9598,0.9727,0.8234,1.0,,True,0.8712,0.0177,True,False,False,False,False,paced
mbike-trick,0_2,52,0.9399,HIGH,visible,True,0.9683,0.9845,0.8187,1.0,,True,0.8681,0.0177,True,False,False,False,False,paced
mbike-trick,0_2,53,0.9425,HIGH,visible,True,0.9652,0.9884,0.8272,1.0,,True,0.8593,0.0175,True,False,False,False,False,paced
mbike-trick,0_2,54,0.9396,HIGH,visible,True,0.969,0.9871,0.815,1.0,,True,0.8577,0.0178,True,False,False,False,False,paced
mbike-trick,0_2,55,0.9449,HIGH,visible,True,0.967,0.9741,0.8463,1.0,,True,0.8677,0.0174,True,False,False,False,False,evicted
mbike-trick,0_2,56,0.9421,HIGH,visible,True,0.9638,0.9608,0.8507,1.0,,True,0.8711,0.0141,True,False,False,False,False,paced
mbike-trick,0_2,57,0.9331,HIGH,visible,True,0.9461,0.9507,0.8427,1.0,,True,0.8864,0.0082,True,False,False,False,False,paced
mbike-trick,0_2,58,0.9412,HIGH,visible,True,0.9629,0.9911,0.8222,1.0,,True,0.8676,0.0143,True,False,False,False,False,paced
mbike-trick,0_2,59,0.9296,HIGH,visible,True,0.9413,0.9669,0.8205,1.0,,True,0.88,0.0093,True,False,False,False,False,paced
mbike-trick,0_2,60,0.931,HIGH,visible,True,0.9593,0.9838,0.7959,1.0,,True,0.8715,0.014,True,False,False,False,False,evicted
mbike-trick,0_2,61,0.9265,HIGH,visible,True,0.9639,0.9567,0.7992,1.0,,True,0.8688,0.014,True,False,False,False,False,paced
mbike-trick,0_2,62,0.9335,HIGH,visible,True,0.9667,0.9663,0.813,1.0,,True,0.8705,0.0139,True,False,False,False,False,paced
mbike-trick,0_2,63,0.9354,HIGH,visible,True,0.9634,0.9879,0.8043,1.0,,True,0.8602,0.0123,True,False,False,False,False,paced
mbike-trick,0_2,64,0.9197,MEDIUM,visible,True,0.9583,0.9609,0.777,1.0,,True,0.8649,0.0145,True,False,False,False,False,paced
mbike-trick,0_2,65,0.9292,HIGH,visible,True,0.9558,0.9637,0.8094,1.0,,True,0.8563,0.0133,True,False,False,False,False,merged
mbike-trick,0_2,66,0.8998,MEDIUM,visible,True,0.9497,0.9391,0.7614,0.9652,,True,0.8718,0.0056,True,False,False,False,False,paced
mbike-trick,0_2,67,0.9219,HIGH,visible,True,0.9469,0.9534,0.8002,1.0,,True,0.8729,0.014,True,False,False,False,False,paced
mbike-trick,0_2,68,0.8982,MEDIUM,visible,True,0.9447,0.9046,0.7936,0.9599,,True,0.8535,0.01,True,False,False,False,False,paced
mbike-trick,0_2,69,0.9181,MEDIUM,visible,True,0.9485,0.9658,0.7786,0.9962,,True,0.8569,0.0094,True,False,False,False,False,paced
mbike-trick,0_2,70,0.9165,MEDIUM,visible,True,0.954,0.9379,0.7923,0.9951,,True,0.8514,0.0132,True,False,False,False,False,merged
mbike-trick,0_2,71,0.8966,MEDIUM,visible,True,0.952,0.8503,0.8009,0.9965,,True,0.8571,0.0087,True,False,False,False,False,paced
mbike-trick,0_2,72,0.8978,MEDIUM,visible,True,0.9428,0.8884,0.7756,1.0,,True,0.8603,0.0135,True,False,False,False,False,paced
mbike-trick,0_2,73,0.8945,MEDIUM,visible,True,0.9224,0.9146,0.7661,0.9905,,True,0.8773,0.0081,True,False,False,False,False,paced
mbike-trick,0_2,74,0.902,MEDIUM,visible,True,0.9217,0.9382,0.7742,0.9889,,True,0.8838,0.0117,True,False,False,False,False,paced
mbike-trick,0_2,75,0.8998,MEDIUM,visible,True,0.9446,0.8763,0.8038,0.9852,,True,0.8921,0.0001,True,False,False,False,False,merged
mbike-trick,0_2,76,0.9003,MEDIUM,visible,True,0.9624,0.8854,0.7829,0.9846,,True,0.9042,0.0,True,False,False,False,False,paced
mbike-trick,0_2,77,0.9118,MEDIUM,visible,True,0.9454,0.967,0.7563,0.9997,,True,0.9054,0.0,True,False,False,False,False,paced
motocross-jump,0_1,1,0.8621,MEDIUM,visible,True,0.8797,0.7859,0.8027,0.9953,0.2001,True,0.4693,0.4841,True,False,True,False,False,paced
motocross-jump,0_1,2,0.8356,MEDIUM,visible,True,0.9183,0.8515,0.6813,0.9151,0.0201,True,0.4208,0.5421,True,False,True,False,False,paced
motocross-jump,0_1,3,0.866,MEDIUM,visible,True,0.9186,0.9825,0.6558,0.9502,0.0456,True,0.3956,0.5681,True,False,True,False,False,paced
motocross-jump,0_1,4,0.8364,MEDIUM,visible,True,0.9245,0.9395,0.6176,0.9122,0.0568,True,0.3788,0.592,True,False,True,False,False,paced
motocross-jump,0_1,5,0.8431,MEDIUM,visible,True,0.9242,0.8867,0.6494,0.9496,0.0717,True,0.3683,0.6055,True,False,True,False,False,added
motocross-jump,0_1,6,0.8925,MEDIUM,visible,True,0.9181,0.8505,0.8645,0.9398,0.279,True,0.3512,0.6166,True,False,True,False,False,paced
motocross-jump,0_1,7,0.8903,MEDIUM,visible,True,0.9169,0.8494,0.8463,0.9532,0.2733,True,0.3288,0.6334,True,False,True,False,False,paced
motocross-jump,0_1,8,0.9029,MEDIUM,visible,True,0.9155,0.9129,0.8523,0.9331,0.3011,True,0.3121,0.6502,True,False,True,False,False,paced
motocross-jump,0_1,9,0.9085,MEDIUM,visible,True,0.9059,0.9338,0.8502,0.9471,0.3135,True,0.2948,0.6608,True,False,True,False,False,paced
motocross-jump,0_1,10,0.9058,MEDIUM,visible,True,0.9072,0.9415,0.8188,0.9625,0.2952,True,0.2848,0.6667,True,False,True,False,False,added
motocross-jump,0_1,11,0.8833,MEDIUM,visible,True,0.9055,0.8963,0.7801,0.9614,0.2572,True,0.2717,0.6661,True,False,True,False,False,paced
motocross-jump,0_1,12,0.8635,MEDIUM,visible,True,0.8925,0.8623,0.7837,0.9218,0.2643,True,0.2446,0.6561,True,False,True,False,False,paced
motocross-jump,0_1,13,0.8707,MEDIUM,visible,True,0.8787,0.8926,0.7612,0.9625,0.242,True,0.1996,0.6777,True,False,True,False,False,paced
motocross-jump,0_1,14,0.8232,MEDIUM,visible,True,0.8656,0.8999,0.6632,0.8892,0.1444,True,0.1497,0.7258,True,False,True,False,False,paced
motocross-jump,0_1,15,0.8153,MEDIUM,visible,True,0.8559,0.9177,0.6022,0.934,0.0588,True,0.1077,0.7382,True,False,True,False,False,added
motocross-jump,0_1,16,0.8037,LOW,visible,True,0.8284,0.8738,0.6311,0.9132,0.066,True,0.0913,0.7782,True,True,True,True,False,paced
motocross-jump,0_1,17,0.7797,LOW,visible,True,0.8513,0.8589,0.5884,0.8592,0.0739,True,0.0751,0.8442,True,True,True,True,False,paced
motocross-jump,0_1,18,0.7672,LOW,visible,True,0.8796,0.9849,0.4619,0.8658,0.0157,True,0.0842,0.8675,True,True,True,True,False,low_similarity
motocross-jump,0_1,19,0.7841,LOW,visible,True,0.8694,0.9388,0.5385,0.8603,0.0041,True,0.0954,0.8681,True,True,True,True,False,paced
motocross-jump,0_1,20,0.7813,LOW,visible,True,0.8616,0.9524,0.5373,0.8452,0.0071,True,0.0979,0.8568,True,True,True,True,False,evicted
motocross-jump,0_1,21,0.7977,LOW,visible,True,0.8591,0.8526,0.6914,0.7994,0.1737,True,0.1111,0.8341,True,False,True,False,False,paced
motocross-jump,0_1,22,0.7985,LOW,visible,True,0.8724,0.8624,0.6981,0.774,0.1505,True,0.1206,0.8167,True,False,True,False,False,paced
motocross-jump,0_1,23,0.7985,LOW,visible,True,0.8695,0.9225,0.6492,0.7805,0.1459,True,0.1699,0.7784,True,False,True,False,False,paced
motocross-jump,0_1,24,0.81,MEDIUM,visible,True,0.868,0.9132,0.6545,0.8297,0.1427,True,0.1973,0.7569,True,False,True,False,False,paced
motocross-jump,0_1,25,0.8378,MEDIUM,visible,True,0.8483,0.9459,0.7079,0.8673,0.17,True,0.259,0.6913,True,False,True,False,False,evicted
motocross-jump,0_1,26,0.8352,MEDIUM,visible,True,0.8599,0.8534,0.7284,0.9105,0.2552,True,0.3071,0.6426,True,False,True,False,False,paced
motocross-jump,0_1,27,0.861,MEDIUM,visible,True,0.8755,0.9492,0.6894,0.9592,0.2265,True,0.3175,0.6324,True,False,True,False,False,paced
motocross-jump,0_1,28,0.8705,MEDIUM,visible,True,0.8784,0.9497,0.7142,0.9636,0.2673,True,0.3289,0.6274,True,False,True,False,False,paced
motocross-jump,0_1,29,0.8618,MEDIUM,visible,True,0.89,0.9198,0.719,0.9374,0.2368,True,0.3378,0.6194,True,False,True,False,False,paced
motocross-jump,0_1,30,0.8818,MEDIUM,visible,True,0.8946,0.9614,0.7294,0.964,0.2109,True,0.3463,0.6116,True,False,True,False,False,evicted
motocross-jump,0_1,31,0.8913,MEDIUM,visible,True,0.9023,0.9322,0.786,0.9546,0.2717,True,0.3558,0.605,True,False,True,False,False,paced
motocross-jump,0_1,32,0.9092,MEDIUM,visible,True,0.9115,0.9887,0.7765,0.9767,0.2604,True,0.3553,0.5994,True,False,True,False,False,paced
motocross-jump,0_1,33,0.8806,MEDIUM,visible,True,0.9175,0.8657,0.7986,0.9479,0.2527,True,0.3587,0.5845,True,False,True,False,False,paced
motocross-jump,0_1,34,0.8762,MEDIUM,visible,True,0.9183,0.8194,0.8054,0.9727,0.22,True,0.3705,0.5648,True,False,True,False,False,paced
motocross-jump,0_1,35,0.9026,MEDIUM,visible,True,0.9192,0.9799,0.7674,0.9602,0.2606,True,0.3689,0.5767,True,False,True,False,False,evicted
motocross-jump,0_1,36,0.8882,MEDIUM,visible,True,0.9316,0.8645,0.8188,0.9437,0.2572,True,0.3748,0.5637,True,False,True,False,False,paced
motocross-jump,0_1,37,0.8954,MEDIUM,visible,True,0.9273,0.9198,0.8007,0.9412,0.2329,True,0.3796,0.5592,True,False,True,False,False,paced
motocross-jump,0_1,38,0.8463,MEDIUM,visible,True,0.9218,0.8636,0.7095,0.9083,0.2085,True,0.3929,0.5424,True,False,True,False,False,paced
motocross-jump,0_2,1,0.8037,LOW,visible,True,0.866,0.7288,0.6612,1.0,,True,0.7149,0.1513,True,False,False,False,False,paced
motocross-jump,0_2,2,0.7621,LOW,visible,True,0.9108,0.8268,0.448,1.0,,True,0.7518,0.138,True,False,False,False,False,low_similarity
motocross-jump,0_2,3,0.779,LOW,visible,True,0.9226,0.9662,0.4131,1.0,,True,0.7659,0.1317,True,False,False,False,False,low_similarity
motocross-jump,0_2,4,0.7602,LOW,visible,True,0.9231,0.929,0.3894,1.0,,True,0.7732,0.1389,True,False,False,False,False,low_similarity
motocross-jump,0_2,5,0.7591,LOW,visible,True,0.9133,0.8793,0.4136,1.0,,True,0.7808,0.142,True,False,False,False,False,low_similarity
motocross-jump,0_2,6,0.7253,LOW,visible,True,0.9084,0.8285,0.3677,1.0,,True,0.772,0.1409,True,False,False,False,False,low_similarity
motocross-jump,0_2,7,0.7151,LOW,visible,True,0.9044,0.8423,0.3433,1.0,,True,0.7766,0.1365,True,False,False,False,False,low_similarity
motocross-jump,0_2,8,0.7123,LOW,visible,True,0.8961,0.8824,0.3256,1.0,,True,0.8094,0.1035,True,False,False,False,False,low_similarity
motocross-jump,0_2,9,0.7037,LOW,visible,True,0.88,0.9303,0.2995,1.0,,True,0.7896,0.1181,True,False,False,False,False,low_similarity
motocross-jump,0_2,10,0.6847,LOW,visible,True,0.8674,0.8354,0.3033,1.0,,True,0.842,0.0451,True,False,False,False,False,low_similarity
motocross-jump,0_2,11,0.7009,LOW,visible,True,0.8636,0.8709,0.3208,1.0,,True,0.8504,0.0228,True,False,False,False,False,low_similarity
motocross-jump,0_2,12,0.6708,LOW,visible,True,0.8527,0.8127,0.2922,1.0,,True,0.8104,0.018,True,False,False,False,False,low_similarity
motocross-jump,0_2,13,0.6518,LOW,visible,True,0.8232,0.7696,0.2848,1.0,,True,0.7177,0.125,True,False,False,False,False,low_similarity
motocross-jump,0_2,14,0.6843,LOW,visible,True,0.8579,0.8757,0.2918,1.0,,True,0.7444,0.1186,True,False,False,False,False,low_similarity
motocross-jump,0_2,15,0.7014,LOW,visible,True,0.8378,0.9007,0.3208,1.0,,True,0.7633,0.0654,True,False,False,False,False,low_similarity
motocross-jump,0_2,16,0.7206,LOW,visible,True,0.7952,0.8775,0.3865,1.0,,True,0.8264,0.0371,True,False,False,False,False,low_similarity
motocross-jump,0_2,17,0.6357,LOW,visible,True,0.7998,0.8747,0.246,0.9492,,True,0.9065,0.0022,True,False,False,False,False,low_similarity
motocross-jump,0_2,18,0.6239,LOW,visible,True,0.8265,0.9647,0.1901,1.0,,True,0.8758,0.0844,True,False,False,False,False,low_similarity
motocross-jump,0_2,19,0.6921,LOW,visible,True,0.8611,0.933,0.2856,1.0,,True,0.8684,0.0944,True,False,False,False,False,low_similarity
motocross-jump,0_2,20,0.6828,LOW,visible,True,0.8515,0.9447,0.2783,0.9708,,True,0.8626,0.0986,True,False,False,False,False,low_similarity
motocross-jump,0_2,21,0.5832,LOW,visible,True,0.7919,0.8373,0.1949,0.8953,,True,0.9289,0.0012,True,False,False,False,False,low_similarity
motocross-jump,0_2,22,0.6161,LOW,visible,True,0.8002,0.8462,0.2615,0.8135,,True,0.9051,0.0145,True,False,False,False,False,low_similarity
motocross-jump,0_2,23,0.5575,LOW,visible,True,0.8239,0.9635,0.1399,0.8695,,True,0.7753,0.1683,True,False,False,False,False,low_similarity
motocross-jump,0_2,24,0.6021,LOW,visible,True,0.8259,0.7974,0.2165,0.9221,,True,0.9048,0.0134,True,False,False,False,False,truncated
motocross-jump,0_2,25,0.6499,LOW,visible,True,0.829,0.9148,0.2353,1.0,,True,0.9048,0.01,True,False,False,False,False,truncated
motocross-jump,0_2,26,0.6275,LOW,visible,True,0.8291,0.8325,0.2246,1.0,,True,0.9116,0.0009,True,False,False,False,False,truncated
motocross-jump,0_2,27,0.606,LOW,visible,True,0.8361,0.953,0.1692,1.0,,True,0.9086,0.0005,True,False,False,False,False,truncated
motocross-jump,0_2,28,0.5925,LOW,visible,True,0.8371,0.8491,0.1734,1.0,,True,0.9285,0.0008,True,False,False,False,False,low_similarity
motocross-jump,0_2,29,0.5979,LOW,visible,True,0.8597,0.8459,0.1757,1.0,,True,0.9213,0.0016,True,False,False,False,False,low_similarity
motocross-jump,0_2,30,0.6346,LOW,visible,True,0.8653,0.9182,0.2041,1.0,,True,0.9202,0.002,True,False,False,False,False,low_similarity
motocross-jump,0_2,31,0.6395,LOW,visible,True,0.876,0.8915,0.2142,1.0,,True,0.9087,0.0025,True,False,False,False,False,low_similarity
motocross-jump,0_2,32,0.6497,LOW,visible,True,0.883,0.9597,0.2102,1.0,,True,0.9059,0.0016,True,False,False,False,False,low_similarity
motocross-jump,0_2,33,0.6798,LOW,visible,True,0.8837,0.8381,0.2884,1.0,,True,0.8963,0.0032,True,False,False,False,False,low_similarity
motocross-jump,0_2,34,0.6365,LOW,visible,True,0.8827,0.7707,0.2413,1.0,,True,0.8762,0.0072,True,False,False,False,False,low_similarity
motocross-jump,0_2,35,0.6826,LOW,visible,True,0.8886,0.9775,0.2499,1.0,,True,0.9091,0.003,True,False,False,False,False,low_similarity
motocross-jump,0_2,36,0.6809,LOW,visible,True,0.9074,0.8126,0.2915,1.0,,True,0.8892,0.0084,True,False,False,False,False,low_similarity
motocross-jump,0_2,37,0.7507,LOW,visible,True,0.9083,0.9191,0.4174,0.9113,,True,0.8861,0.0123,True,False,False,False,False,low_similarity
motocross-jump,0_2,38,0.7595,LOW,visible,True,0.8904,0.8512,0.5172,0.8488,,True,0.877,0.0179,True,False,False,False,False,added
paragliding-launch,0_1,1,0.9283,HIGH,visible,True,0.9241,0.9169,0.9083,0.9647,0.3182,True,0.5427,0.4013,True,False,False,False,False,paced
paragliding-launch,0_1,2,0.9303,HIGH,visible,True,0.9121,0.9071,0.9168,0.9875,0.4386,True,0.4414,0.4531,True,False,True,False,False,paced
paragliding-launch,0_1,3,0.9254,HIGH,visible,True,0.9212,0.9489,0.9093,0.9225,0.4269,True,0.4283,0.4608,True,False,True,False,False,paced
paragliding-launch,0_1,4,0.9189,MEDIUM,visible,True,0.8914,0.9092,0.8899,0.9883,0.3529,True,0.5584,0.4061,True,False,False,False,False,paced
paragliding-launch,0_1,5,0.9538,HIGH,visible,True,0.9425,0.992,0.8854,1.0,0.3745,True,0.5652,0.4037,True,False,False,False,False,added
paragliding-launch,0_1,6,0.9628,HIGH,visible,True,0.9555,0.9749,0.9224,1.0,0.4166,True,0.5713,0.3944,True,False,False,False,False,paced
paragliding-launch,0_1,7,0.9495,HIGH,visible,True,0.9525,0.9351,0.9125,1.0,0.4395,True,0.587,0.3792,True,False,False,False,False,paced
paragliding-launch,0_1,8,0.9392,HIGH,visible,True,0.9521,0.912,0.8962,1.0,0.4208,True,0.5933,0.3759,True,False,False,False,False,paced
paragliding-launch,0_1,9,0.9314,HIGH,visible,True,0.9537,0.8964,0.8803,1.0,0.4278,True,0.6086,0.3616,True,False,False,False,False,paced
paragliding-launch,0_1,10,0.9268,HIGH,visible,True,0.9487,0.9034,0.8639,0.9963,0.3746,True,0.6195,0.3476,True,False,False,False,False,added
paragliding-launch,0_1,11,0.9423,HIGH,visible,True,0.9567,0.9288,0.8894,0.9976,0.4526,True,0.6489,0.3216,True,False,False,False,False,paced
paragliding-launch,0_1,12,0.9421,HIGH,visible,True,0.9558,0.9697,0.8497,1.0,0.4742,True,0.6631,0.3093,True,False,False,False,False,paced
paragliding-launch,0_1,13,0.9424,HIGH,visible,True,0.9596,0.9642,0.8525,1.0,0.4711,True,0.6683,0.2999,True,False,False,False,False,paced
paragliding-launch,0_1,14,0.936,HIGH,visible,True,0.9597,0.9514,0.8408,1.0,0.489,True,0.6685,0.2972,True,False,False,False,False,paced
paragliding-launch,0_1,15,0.9235,HIGH,visible,True,0.9568,0.9053,0.8399,1.0,0.4903,True,0.6901,0.2809,True,False,False,False,False,added
paragliding-launch,0_1,16,0.9323,HIGH,visible,True,0.9525,0.8969,0.8843,1.0,0.4904,True,0.6664,0.2994,True,False,False,False,False,paced
paragliding-launch,0_1,17,0.9272,HIGH,visible,True,0.9335,0.9,0.8796,1.0,0.471,True,0.6413,0.3157,True,False,False,False,False,paced
paragliding-launch,0_1,18,0.934,HIGH,visible,True,0.9301,0.954,0.8575,1.0,0.4908,True,0.6517,0.305,True,False,False,False,False,paced
paragliding-launch,0_1,19,0.94,HIGH,visible,True,0.9446,0.9676,0.8545,0.9994,0.4648,True,0.6542,0.2934,True,False,False,False,False,paced
paragliding-launch,0_1,20,0.9485,HIGH,visible,True,0.9583,0.9931,0.8504,1.0,0.4669,True,0.6471,0.2961,True,False,False,False,False,evicted
paragliding-launch,0_1,21,0.9571,HIGH,visible,True,0.9541,0.9751,0.9018,1.0,0.5011,True,0.6424,0.3144,True,False,False,False,False,paced
paragliding-launch,0_1,22,0.9422,HIGH,visible,True,0.9397,0.9344,0.8973,1.0,0.4809,True,0.6291,0.3282,True,False,False,False,False,paced
paragliding-launch,0_1,23,0.9403,HIGH,visible,True,0.9432,0.9602,0.8632,1.0,0.4366,True,0.6274,0.3344,True,False,False,False,False,paced
paragliding-launch,0_1,24,0.952,HIGH,visible,True,0.9493,0.9584,0.9026,1.0,0.3985,True,0.6379,0.3273,True,False,False,False,False,paced
paragliding-launch,0_1,25,0.9446,HIGH,visible,True,0.9496,0.944,0.8882,1.0,0.4082,True,0.6511,0.3196,True,False,False,False,False,evicted
paragliding-launch,0_1,26,0.9461,HIGH,visible,True,0.9643,0.9337,0.8897,1.0,0.4389,True,0.6597,0.3072,True,False,False,False,False,paced
paragliding-launch,0_1,27,0.9473,HIGH,visible,True,0.9653,0.9471,0.8808,1.0,0.41,True,0.6656,0.304,True,False,False,False,False,paced
paragliding-launch,0_1,28,0.9496,HIGH,visible,True,0.9651,0.9566,0.8807,1.0,0.3554,True,0.6706,0.2957,True,False,False,False,False,paced
paragliding-launch,0_1,29,0.9463,HIGH,visible,True,0.9671,0.9403,0.8816,1.0,0.3355,True,0.6722,0.2888,True,False,False,False,False,paced
paragliding-launch,0_1,30,0.9371,HIGH,visible,True,0.9663,0.9138,0.8734,1.0,0.3343,True,0.6698,0.2888,True,False,False,False,False,evicted
paragliding-launch,0_1,31,0.9426,HIGH,visible,True,0.9717,0.9221,0.8811,1.0,0.347,True,0.675,0.2864,True,False,False,False,False,paced
paragliding-launch,0_1,32,0.942,HIGH,visible,True,0.9671,0.9492,0.8578,1.0,0.3052,True,0.677,0.2873,True,False,False,False,False,paced
paragliding-launch,0_1,33,0.946,HIGH,visible,True,0.9612,0.9517,0.8755,1.0,0.3415,True,0.6839,0.2745,True,False,False,False,False,paced
paragliding-launch,0_1,34,0.928,HIGH,visible,True,0.96,0.9245,0.8357,1.0,0.3458,True,0.6939,0.2708,True,False,False,False,False,paced
paragliding-launch,0_1,35,0.9303,HIGH,visible,True,0.9562,0.9158,0.8807,0.9713,0.3938,True,0.6886,0.2818,True,False,False,False,False,evicted
paragliding-launch,0_1,36,0.9381,HIGH,visible,True,0.9571,0.9254,0.8746,1.0,0.3723,True,0.6737,0.297,True,False,False,False,False,paced
paragliding-launch,0_1,37,0.9459,HIGH,visible,True,0.9572,0.9433,0.8878,0.9985,0.3179,True,0.6662,0.3064,True,False,False,False,False,paced
paragliding-launch,0_1,38,0.923,HIGH,visible,True,0.9535,0.9431,0.8467,0.9533,0.2831,True,0.6464,0.3221,True,False,False,False,False,paced
paragliding-launch,0_1,39,0.9268,HIGH,visible,True,0.957,0.9537,0.833,0.9706,0.2755,True,0.6364,0.3308,True,False,False,False,False,paced
paragliding-launch,0_1,40,0.9162,MEDIUM,visible,True,0.961,0.9497,0.8406,0.9183,0.2849,True,0.6294,0.3379,True,False,False,False,False,evicted
paragliding-launch,0_1,41,0.9427,HIGH,visible,True,0.9615,0.9755,0.8752,0.9621,0.3213,True,0.6289,0.3402,True,False,False,False,False,paced
paragliding-launch,0_1,42,0.9536,HIGH,visible,True,0.9618,0.9876,0.8977,0.9697,0.3499,True,0.6193,0.3441,True,False,False,False,False,paced
paragliding-launch,0_1,43,0.9419,HIGH,visible,True,0.9608,0.9507,0.8622,0.9996,0.3699,True,0.6019,0.3422,True,False,False,False,False,paced
paragliding-launch,0_1,44,0.9188,MEDIUM,visible,True,0.9575,0.9495,0.8375,0.9362,0.3231,True,0.5939,0.3419,True,False,False,False,False,paced
paragliding-launch,0_1,45,0.9269,HIGH,visible,True,0.9578,0.9444,0.8381,0.9739,0.3849,True,0.5732,0.3508,True,False,False,False,False,evicted
paragliding-launch,0_1,46,0.914,MEDIUM,visible,True,0.9567,0.9447,0.8604,0.8975,0.3691,True,0.5626,0.3551,True,False,False,False,False,paced
paragliding-launch,0_1,47,0.9353,HIGH,visible,True,0.9544,0.9683,0.8545,0.9689,0.3822,True,0.5432,0.3545,True,False,False,False,False,paced
paragliding-launch,0_1,48,0.9344,HIGH,visible,True,0.957,0.9685,0.8397,0.9794,0.3844,True,0.5395,0.3661,True,False,False,False,False,paced
paragliding-launch,0_1,49,0.9222,HIGH,visible,True,0.9575,0.9613,0.7858,1.0,0.3489,True,0.5322,0.3706,True,False,False,False,False,paced
paragliding-launch,0_1,50,0.9153,MEDIUM,visible,True,0.9593,0.958,0.7638,1.0,0.3714,True,0.5265,0.3762,True,False,False,False,False,evicted
paragliding-launch,0_1,51,0.9287,HIGH,visible,True,0.9665,0.9694,0.8118,0.9781,0.4269,True,0.5111,0.393,True,False,False,False,False,paced
paragliding-launch,0_1,52,0.9127,MEDIUM,visible,True,0.9666,0.9528,0.8054,0.9355,0.4673,True,0.4963,0.3938,True,False,True,False,False,paced
paragliding-launch,0_1,53,0.9194,MEDIUM,visible,True,0.9707,0.9604,0.8052,0.9518,0.4557,True,0.4862,0.3959,True,False,True,False,False,paced
paragliding-launch,0_1,54,0.9169,MEDIUM,visible,True,0.9691,0.9576,0.7617,1.0,0.4442,True,0.455,0.3879,True,False,True,False,False,paced
paragliding-launch,0_1,55,0.9122,MEDIUM,visible,True,0.9708,0.932,0.7653,1.0,0.4586,True,0.4586,0.4107,True,False,True,False,False,evicted
paragliding-launch,0_1,56,0.9136,MEDIUM,visible,True,0.9722,0.9227,0.7886,0.9849,0.4842,True,0.4613,0.4108,True,False,True,False,False,paced
paragliding-launch,0_1,57,0.9193,MEDIUM,visible,True,0.9722,0.9511,0.7724,1.0,0.5026,True,0.4491,0.4173,True,False,True,False,False,paced
paragliding-launch,0_1,58,0.9093,MEDIUM,visible,True,0.978,0.9759,0.7747,0.9246,0.4676,True,0.4662,0.4247,True,False,True,False,False,paced
paragliding-launch,0_1,59,0.9358,HIGH,visible,True,0.975,0.9809,0.8162,0.9824,0.4628,True,0.4582,0.4315,True,False,True,False,False,paced
paragliding-launch,0_1,60,0.9176,MEDIUM,visible,True,0.9755,0.9726,0.801,0.9329,0.4673,True,0.4627,0.4371,True,False,True,False,False,evicted
paragliding-launch,0_1,61,0.9275,HIGH,visible,True,0.972,0.9663,0.8224,0.9582,0.4828,True,0.4611,0.4476,True,False,True,False,False,paced
paragliding-launch,0_1,62,0.9256,HIGH,visible,True,0.9756,0.9624,0.818,0.9556,0.5092,True,0.4728,0.4398,True,False,True,False,False,paced
paragliding-launch,0_1,63,0.9359,HIGH,visible,True,0.9752,0.9819,0.8234,0.9729,0.5036,True,0.4797,0.43,True,False,True,False,False,paced
paragliding-launch,0_1,64,0.9441,HIGH,visible,True,0.9694,0.9917,0.8423,0.9809,0.4971,True,0.5065,0.4201,True,False,False,False,False,paced
paragliding-launch,0_1,65,0.9422,HIGH,visible,True,0.9719,0.969,0.8368,1.0,0.4802,True,0.5115,0.4087,True,False,False,False,False,evicted
paragliding-launch,0_1,66,0.9422,HIGH,visible,True,0.9744,0.9707,0.8351,0.9978,0.4801,True,0.5246,0.3933,True,False,False,False,False,paced
paragliding-launch,0_1,67,0.9444,HIGH,visible,True,0.9754,0.9699,0.8408,1.0,0.4477,True,0.5419,0.3924,True,False,False,False,False,paced
paragliding-launch,0_1,68,0.9588,HIGH,visible,True,0.974,0.9808,0.8846,1.0,0.5033,True,0.542,0.3891,True,False,False,False,False,paced
paragliding-launch,0_1,69,0.9456,HIGH,visible,True,0.9751,0.9902,0.8975,0.9225,0.4696,True,0.5548,0.3869,True,False,False,False,False,paced
paragliding-launch,0_1,70,0.9602,HIGH,visible,True,0.9716,0.9921,0.8817,1.0,0.457,True,0.5643,0.3873,True,False,False,False,False,evicted
paragliding-launch,0_1,71,0.9649,HIGH,visible,True,0.9694,0.9873,0.9055,1.0,0.4528,True,0.57,0.381,True,False,False,False,False,paced
paragliding-launch,0_1,72,0.9518,HIGH,visible,True,0.9659,0.9789,0.8766,0.9902,0.4029,True,0.5939,0.3654,True,False,False,False,False,paced
paragliding-launch,0_1,73,0.9538,HIGH,visible,True,0.9711,0.9891,0.8619,1.0,0.3194,True,0.6133,0.3528,True,False,False,False,False,paced
paragliding-launch,0_1,74,0.9404,HIGH,visible,True,0.9729,0.9892,0.8613,0.9433,0.4075,True,0.6344,0.3353,True,False,False,False,False,paced
paragliding-launch,0_1,75,0.9364,HIGH,visible,True,0.9729,0.9927,0.803,0.9914,0.4447,True,0.6323,0.333,True,False,False,False,False,evicted
paragliding-launch,0_1,76,0.9101,MEDIUM,visible,True,0.9768,0.9758,0.8324,0.8646,0.4972,True,0.6441,0.3141,True,False,False,False,False,paced
paragliding-launch,0_1,77,0.9389,HIGH,visible,True,0.9803,0.9715,0.8629,0.9459,0.4948,True,0.6525,0.3099,True,False,False,False,False,paced
paragliding-launch,0_1,78,0.9299,HIGH,visible,True,0.9814,0.9562,0.8723,0.9137,0.4874,True,0.6364,0.3131,True,False,False,False,False,paced
paragliding-launch,0_2,1,0.9348,HIGH,visible,True,0.9228,0.9161,0.9033,1.0,0.6885,True,0.4016,0.5417,True,False,True,False,False,paced
paragliding-launch,0_2,2,0.9317,HIGH,visible,True,0.9102,0.905,0.9148,1.0,0.7528,True,0.4588,0.4305,True,False,True,False,False,paced
paragliding-launch,0_2,3,0.9453,HIGH,visible,True,0.9235,0.9478,0.9121,1.0,0.7564,True,0.4665,0.4179,True,False,True,False,False,paced
paragliding-launch,0_2,4,0.918,MEDIUM,visible,True,0.8887,0.9098,0.8785,1.0,0.6696,True,0.4073,0.5563,True,False,True,False,False,paced
paragliding-launch,0_2,5,0.9472,HIGH,visible,True,0.9427,0.9907,0.862,1.0,0.6408,True,0.4038,0.5649,True,False,True,False,False,added
paragliding-launch,0_2,6,0.9598,HIGH,visible,True,0.9556,0.9749,0.911,1.0,0.7227,True,0.3944,0.5712,True,False,True,False,False,paced
paragliding-launch,0_2,7,0.9495,HIGH,visible,True,0.9526,0.9356,0.912,1.0,0.693,True,0.3791,0.5869,True,False,True,False,False,paced
paragliding-launch,0_2,8,0.9372,HIGH,visible,True,0.9522,0.9122,0.8884,1.0,0.6841,True,0.3759,0.5934,True,False,True,False,False,paced
paragliding-launch,0_2,9,0.931,HIGH,visible,True,0.954,0.8961,0.879,1.0,0.6791,True,0.3612,0.6089,True,False,True,False,False,paced
paragliding-launch,0_2,10,0.9287,HIGH,visible,True,0.9488,0.9033,0.8679,1.0,0.673,True,0.3474,0.6201,True,False,True,False,False,added
paragliding-launch,0_2,11,0.9393,HIGH,visible,True,0.957,0.929,0.8756,1.0,0.6979,True,0.3214,0.6491,True,False,True,False,False,paced
paragliding-launch,0_2,12,0.94,HIGH,visible,True,0.956,0.9697,0.8423,1.0,0.6218,True,0.3092,0.6633,True,False,True,False,False,paced
paragliding-launch,0_2,13,0.9432,HIGH,visible,True,0.9597,0.9645,0.8553,1.0,0.6273,True,0.2995,0.6686,True,False,True,False,False,paced
paragliding-launch,0_2,14,0.931,HIGH,visible,True,0.9596,0.9506,0.8234,1.0,0.6402,True,0.2972,0.6687,True,False,True,False,False,paced
paragliding-launch,0_2,15,0.9202,HIGH,visible,True,0.957,0.9061,0.8269,1.0,0.6145,True,0.2804,0.6902,True,False,True,False,False,added
paragliding-launch,0_2,16,0.9303,HIGH,visible,True,0.9527,0.8968,0.8768,1.0,0.6399,True,0.299,0.6668,True,False,True,False,False,paced
paragliding-launch,0_2,17,0.9257,HIGH,visible,True,0.9337,0.8995,0.8743,1.0,0.6548,True,0.3156,0.6416,True,False,True,False,False,paced
paragliding-launch,0_2,18,0.9322,HIGH,visible,True,0.9302,0.9542,0.8507,1.0,0.6481,True,0.3043,0.6522,True,False,True,False,False,paced
paragliding-launch,0_2,19,0.9384,HIGH,visible,True,0.9445,0.9677,0.8483,1.0,0.6188,True,0.2934,0.6544,True,False,True,False,False,paced
paragliding-launch,0_2,20,0.9473,HIGH,visible,True,0.9583,0.9926,0.8465,1.0,0.5615,True,0.2961,0.647,True,False,True,False,False,evicted
paragliding-launch,0_2,21,0.9559,HIGH,visible,True,0.9539,0.9754,0.8973,1.0,0.6329,True,0.3143,0.6425,True,False,True,False,False,paced
paragliding-launch,0_2,22,0.9416,HIGH,visible,True,0.94,0.9343,0.8951,1.0,0.5912,True,0.3284,0.6286,True,False,True,False,False,paced
paragliding-launch,0_2,23,0.946,HIGH,visible,True,0.943,0.9601,0.8845,1.0,0.6136,True,0.3344,0.6273,True,False,True,False,False,paced
paragliding-launch,0_2,24,0.9514,HIGH,visible,True,0.9492,0.9586,0.9003,1.0,0.6546,True,0.327,0.6381,True,False,True,False,False,paced
paragliding-launch,0_2,25,0.9431,HIGH,visible,True,0.9495,0.9439,0.8825,1.0,0.6608,True,0.3196,0.6511,True,False,True,False,False,evicted
paragliding-launch,0_2,26,0.945,HIGH,visible,True,0.9642,0.9335,0.886,1.0,0.6644,True,0.3071,0.6596,True,False,True,False,False,paced
paragliding-launch,0_2,27,0.9462,HIGH,visible,True,0.9651,0.9473,0.8768,1.0,0.6121,True,0.3039,0.6655,True,False,True,False,False,paced
paragliding-launch,0_2,28,0.9485,HIGH,visible,True,0.965,0.9567,0.8766,1.0,0.5944,True,0.2957,0.6705,True,False,True,False,False,paced
paragliding-launch,0_2,29,0.9449,HIGH,visible,True,0.967,0.9398,0.8771,1.0,0.5964,True,0.2885,0.672,True,False,True,False,False,paced
paragliding-launch,0_2,30,0.9373,HIGH,visible,True,0.9664,0.9139,0.8739,1.0,0.6037,True,0.289,0.6692,True,False,True,False,False,evicted
paragliding-launch,0_2,31,0.9429,HIGH,visible,True,0.9717,0.9224,0.882,1.0,0.6634,True,0.2863,0.675,True,False,True,False,False,paced
paragliding-launch,0_2,32,0.9427,HIGH,visible,True,0.967,0.9488,0.8608,1.0,0.6152,True,0.2873,0.6768,True,False,True,False,False,paced
paragliding-launch,0_2,33,0.9454,HIGH,visible,True,0.961,0.9518,0.8734,1.0,0.643,True,0.2745,0.6837,True,False,True,False,False,paced
paragliding-launch,0_2,34,0.9276,HIGH,visible,True,0.9599,0.9246,0.834,1.0,0.5863,True,0.2707,0.6943,True,False,True,False,False,paced
paragliding-launch,0_2,35,0.9352,HIGH,visible,True,0.9563,0.9157,0.8734,1.0,0.6588,True,0.2816,0.6885,True,False,True,False,False,evicted
paragliding-launch,0_2,36,0.9382,HIGH,visible,True,0.9569,0.9253,0.8751,1.0,0.6106,True,0.2969,0.6737,True,False,True,False,False,paced
paragliding-launch,0_2,37,0.9457,HIGH,visible,True,0.9571,0.9437,0.8855,1.0,0.6491,True,0.3064,0.6662,True,False,True,False,False,paced
paragliding-launch,0_2,38,0.9347,HIGH,visible,True,0.9535,0.943,0.8489,1.0,0.5514,True,0.3221,0.6464,True,False,True,False,False,paced
paragliding-launch,0_2,39,0.9327,HIGH,visible,True,0.957,0.9538,0.8289,1.0,0.5557,True,0.331,0.6359,True,False,True,False,False,paced
paragliding-launch,0_2,40,0.9347,HIGH,visible,True,0.961,0.9497,0.8392,0.9964,0.5653,True,0.3377,0.6297,True,False,True,False,False,evicted
paragliding-launch,0_2,41,0.9518,HIGH,visible,True,0.9614,0.9755,0.875,1.0,0.6133,True,0.34,0.6289,True,False,True,False,False,paced
paragliding-launch,0_2,42,0.96,HIGH,visible,True,0.9617,0.9877,0.8943,1.0,0.6021,True,0.3439,0.6194,True,False,True,False,False,paced
paragliding-launch,0_2,43,0.9419,HIGH,visible,True,0.9606,0.9506,0.8617,1.0,0.5607,True,0.342,0.602,True,False,True,False,False,paced
paragliding-launch,0_2,44,0.9263,HIGH,visible,True,0.9575,0.9494,0.835,0.9699,0.5286,True,0.3419,0.5941,True,False,True,False,False,paced
paragliding-launch,0_2,45,0.9324,HIGH,visible,True,0.9577,0.9443,0.8359,1.0,0.561,True,0.3508,0.5734,True,False,True,False,False,evicted
paragliding-launch,0_2,46,0.9384,HIGH,visible,True,0.9567,0.9448,0.858,1.0,0.6019,True,0.3549,0.5627,True,False,True,False,False,paced
paragliding-launch,0_2,47,0.9414,HIGH,visible,True,0.9544,0.9682,0.8501,1.0,0.5564,True,0.3544,0.5433,True,False,True,False,False,paced
paragliding-launch,0_2,48,0.9377,HIGH,visible,True,0.9569,0.9683,0.8342,1.0,0.5423,True,0.3659,0.5394,True,False,True,False,False,paced
paragliding-launch,0_2,49,0.9212,HIGH,visible,True,0.9573,0.9611,0.7827,1.0,0.4852,True,0.3705,0.5324,True,False,True,False,False,paced
paragliding-launch,0_2,50,0.9134,MEDIUM,visible,True,0.9593,0.9581,0.7573,1.0,0.4876,True,0.3753,0.5271,True,False,True,False,False,evicted
paragliding-launch,0_2,51,0.9328,HIGH,visible,True,0.9663,0.97,0.8079,1.0,0.5179,True,0.393,0.5112,True,False,True,False,False,paced
paragliding-launch,0_2,52,0.9272,HIGH,visible,True,0.9667,0.9523,0.8029,1.0,0.5513,True,0.3938,0.4963,True,False,True,False,False,paced
paragliding-launch,0_2,53,0.9311,HIGH,visible,True,0.9706,0.9607,0.806,1.0,0.5346,True,0.396,0.4863,True,False,True,False,False,paced
paragliding-launch,0_2,54,0.9168,MEDIUM,visible,True,0.9689,0.9571,0.7619,1.0,0.479,True,0.388,0.4551,True,False,True,False,False,paced
paragliding-launch,0_2,55,0.9128,MEDIUM,visible,True,0.9709,0.9316,0.7675,1.0,0.4689,True,0.4108,0.4589,True,False,True,False,False,evicted
paragliding-launch,0_2,56,0.9171,MEDIUM,visible,True,0.9723,0.9231,0.7884,1.0,0.5043,True,0.4107,0.4614,True,False,True,False,False,paced
paragliding-launch,0_2,57,0.9133,MEDIUM,visible,True,0.9721,0.9513,0.7523,1.0,0.4284,True,0.4173,0.4493,True,False,True,False,False,paced
paragliding-launch,0_2,58,0.9263,HIGH,visible,True,0.9779,0.9758,0.7716,1.0,0.4187,True,0.4245,0.4663,True,False,True,False,False,paced
paragliding-launch,0_2,59,0.9388,HIGH,visible,True,0.9749,0.9811,0.8122,1.0,0.4972,True,0.4314,0.4585,True,False,True,False,False,paced
paragliding-launch,0_2,60,0.9327,HIGH,visible,True,0.9754,0.9727,0.7978,1.0,0.4439,True,0.4369,0.4627,True,False,True,False,False,evicted
paragliding-launch,0_2,61,0.9363,HIGH,visible,True,0.972,0.9659,0.8187,1.0,0.4963,True,0.4477,0.4611,True,False,True,False,False,paced
paragliding-launch,0_2,62,0.9336,HIGH,visible,True,0.9756,0.9617,0.8096,1.0,0.5266,True,0.4397,0.4733,True,False,True,False,False,paced
paragliding-launch,0_2,63,0.9415,HIGH,visible,True,0.9752,0.9833,0.8193,1.0,0.4974,True,0.4299,0.4792,True,False,True,False,False,paced
paragliding-launch,0_2,64,0.9472,HIGH,visible,True,0.9697,0.991,0.8375,1.0,0.5654,True,0.4201,0.5065,True,False,True,False,False,paced
paragliding-launch,0_2,65,0.9419,HIGH,visible,True,0.9717,0.9689,0.836,1.0,0.618,True,0.4087,0.5114,True,False,True,False,False,evicted
paragliding-launch,0_2,66,0.9428,HIGH,visible,True,0.9744,0.9708,0.8354,1.0,0.5717,True,0.3932,0.5245,True,False,True,False,False,paced
paragliding-launch,0_2,67,0.9434,HIGH,visible,True,0.9752,0.9701,0.8374,1.0,0.5674,True,0.392,0.5423,True,False,True,False,False,paced
paragliding-launch,0_2,68,0.9578,HIGH,visible,True,0.9738,0.9805,0.8816,1.0,0.6126,True,0.3893,0.5426,True,False,True,False,False,paced
paragliding-launch,0_2,69,0.9636,HIGH,visible,True,0.9748,0.9902,0.8933,1.0,0.6126,True,0.3866,0.5551,True,False,True,False,False,paced
paragliding-launch,0_2,70,0.959,HIGH,visible,True,0.9713,0.993,0.8769,1.0,0.6113,True,0.3875,0.565,True,False,True,False,False,evicted
paragliding-launch,0_2,71,0.9654,HIGH,visible,True,0.9696,0.9886,0.9062,1.0,0.6601,True,0.3809,0.5709,True,False,True,False,False,paced
paragliding-launch,0_2,72,0.9533,HIGH,visible,True,0.9654,0.9795,0.8735,1.0,0.6776,True,0.3649,0.5949,True,False,True,False,False,paced
paragliding-launch,0_2,73,0.9524,HIGH,visible,True,0.9712,0.9885,0.857,1.0,0.6486,True,0.3519,0.6138,True,False,True,False,False,paced
paragliding-launch,0_2,74,0.9544,HIGH,visible,True,0.9728,0.9903,0.8613,1.0,0.6595,True,0.3353,0.6345,True,False,True,False,False,paced
paragliding-launch,0_2,75,0.9371,HIGH,visible,True,0.9732,0.992,0.7986,1.0,0.6134,True,0.3333,0.633,True,False,True,False,False,evicted
paragliding-launch,0_2,76,0.9312,HIGH,visible,True,0.9765,0.9756,0.8335,0.9469,0.6431,True,0.314,0.6444,True,False,True,False,False,paced
paragliding-launch,0_2,77,0.9531,HIGH,visible,True,0.9804,0.9717,0.8664,1.0,0.6496,True,0.3101,0.6527,True,False,True,False,False,paced
paragliding-launch,0_2,78,0.9516,HIGH,visible,True,0.9812,0.9559,0.8743,1.0,0.6455,True,0.3135,0.6374,True,False,True,False,False,paced
paragliding-launch,0_3,1,0.9247,HIGH,visible,True,0.9234,0.9169,0.91,0.9491,0.6748,True,0.0006,0.5419,False,True,True,True,False,paced
paragliding-launch,0_3,2,0.932,HIGH,visible,True,0.9113,0.9061,0.9145,0.9991,0.7328,True,0.0008,0.4562,False,True,True,False,False,paced
paragliding-launch,0_3,3,0.9431,HIGH,visible,True,0.9226,0.948,0.9148,0.9888,0.7436,True,0.0009,0.4639,False,True,True,False,False,paced
paragliding-launch,0_3,4,0.914,MEDIUM,visible,True,0.8911,0.9101,0.8851,0.9723,0.6361,True,0.0009,0.5567,False,True,True,True,False,paced
paragliding-launch,0_3,5,0.9447,HIGH,visible,True,0.9429,0.9909,0.8743,0.975,0.6521,True,0.0008,0.5649,False,True,True,True,False,added
paragliding-launch,0_3,6,0.9618,HIGH,visible,True,0.9556,0.975,0.9185,1.0,0.7038,True,0.0017,0.5712,False,True,True,True,False,paced
paragliding-launch,0_3,7,0.9482,HIGH,visible,True,0.9526,0.9353,0.9072,1.0,0.6726,True,0.0018,0.5868,False,True,True,True,False,paced
paragliding-launch,0_3,8,0.9355,HIGH,visible,True,0.9524,0.912,0.8915,0.9892,0.6712,True,0.0016,0.5933,False,True,True,True,False,paced
paragliding-launch,0_3,9,0.93,HIGH,visible,True,0.9539,0.8964,0.875,1.0,0.6601,True,0.0016,0.6086,False,True,True,True,False,paced
paragliding-launch,0_3,10,0.922,HIGH,visible,True,0.949,0.9035,0.8586,0.9816,0.6575,True,0.0019,0.6196,False,True,True,True,False,added
paragliding-launch,0_3,11,0.941,HIGH,visible,True,0.9569,0.9286,0.8822,1.0,0.6958,True,0.0018,0.6489,False,True,True,True,False,paced
paragliding-launch,0_3,12,0.9407,HIGH,visible,True,0.956,0.9697,0.8448,1.0,0.6103,True,0.0024,0.6632,False,True,True,True,False,paced
paragliding-launch,0_3,13,0.9409,HIGH,visible,True,0.9597,0.9641,0.847,1.0,0.5978,True,0.0016,0.6682,False,True,True,True,False,paced
paragliding-launch,0_3,14,0.931,HIGH,visible,True,0.9597,0.9513,0.8352,0.9855,0.637,True,0.0016,0.6686,False,True,True,True,False,paced
paragliding-launch,0_3,15,0.922,HIGH,visible,True,0.9569,0.9056,0.8338,1.0,0.6068,True,0.0016,0.6899,False,True,True,True,False,added
paragliding-launch,0_3,16,0.9308,HIGH,visible,True,0.9526,0.8969,0.8784,1.0,0.6315,True,0.0022,0.6665,False,True,True,True,False,paced
paragliding-launch,0_3,17,0.9263,HIGH,visible,True,0.9336,0.9,0.876,1.0,0.6482,True,0.0024,0.6414,False,True,True,True,False,paced
paragliding-launch,0_3,18,0.9247,HIGH,visible,True,0.9302,0.954,0.8503,0.9692,0.6391,True,0.0013,0.6518,False,True,True,True,False,paced
paragliding-launch,0_3,19,0.932,HIGH,visible,True,0.9446,0.9678,0.8487,0.9724,0.6125,True,0.0011,0.6543,False,True,True,True,False,paced
paragliding-launch,0_3,20,0.9421,HIGH,visible,True,0.9583,0.993,0.8447,0.98,0.5479,True,0.0006,0.6471,False,True,True,True,False,evicted
paragliding-launch,0_3,21,0.948,HIGH,visible,True,0.954,0.9753,0.8969,0.9677,0.6183,True,0.0003,0.6424,False,True,True,True,False,paced
paragliding-launch,0_3,22,0.9323,HIGH,visible,True,0.9399,0.9343,0.8935,0.9628,0.5742,True,0.0007,0.6289,False,True,True,True,False,paced
paragliding-launch,0_3,23,0.9294,HIGH,visible,True,0.9431,0.9601,0.8808,0.9358,0.5941,True,0.0002,0.6275,False,True,True,True,False,paced
paragliding-launch,0_3,24,0.9515,HIGH,visible,True,0.9493,0.9585,0.9009,1.0,0.641,True,0.0002,0.6378,False,True,True,True,False,paced
paragliding-launch,0_3,25,0.9412,HIGH,visible,True,0.9495,0.9441,0.884,0.9903,0.6515,True,0.0001,0.6512,False,True,True,True,False,evicted
paragliding-launch,0_3,26,0.9457,HIGH,visible,True,0.9643,0.9336,0.8885,1.0,0.6548,True,0.0001,0.6596,False,True,True,True,False,paced
paragliding-launch,0_3,27,0.9468,HIGH,visible,True,0.9652,0.9472,0.879,1.0,0.6006,True,0.0003,0.6656,False,True,True,True,False,paced
paragliding-launch,0_3,28,0.9497,HIGH,visible,True,0.965,0.9567,0.8812,1.0,0.5793,True,0.0005,0.6705,False,True,True,True,False,paced
paragliding-launch,0_3,29,0.9463,HIGH,visible,True,0.967,0.9401,0.882,1.0,0.5798,True,0.0003,0.6721,False,True,True,True,False,paced
paragliding-launch,0_3,30,0.9378,HIGH,visible,True,0.9663,0.9139,0.8757,1.0,0.5919,True,0.0006,0.6696,False,True,True,True,False,evicted
paragliding-launch,0_3,31,0.943,HIGH,visible,True,0.9716,0.9223,0.8825,1.0,0.6486,True,0.0009,0.6749,False,True,True,True,False,paced
paragliding-launch,0_3,32,0.9426,HIGH,visible,True,0.967,0.949,0.8603,1.0,0.598,True,0.0015,0.677,False,True,True,True,False,paced
paragliding-launch,0_3,33,0.9459,HIGH,visible,True,0.9611,0.9517,0.8754,1.0,0.6301,True,0.001,0.6838,False,True,True,True,False,paced
paragliding-launch,0_3,34,0.9281,HIGH,visible,True,0.9599,0.9245,0.8362,1.0,0.5744,True,0.0011,0.6941,False,True,True,True,False,paced
paragliding-launch,0_3,35,0.926,HIGH,visible,True,0.9562,0.9157,0.877,0.9577,0.6532,True,0.0009,0.6886,False,True,True,True,False,evicted
paragliding-launch,0_3,36,0.9333,HIGH,visible,True,0.957,0.9254,0.8723,0.982,0.593,True,0.0017,0.6738,False,True,True,True,False,paced
paragliding-launch,0_3,37,0.9384,HIGH,visible,True,0.9572,0.9435,0.8881,0.967,0.6321,True,0.0013,0.6662,False,True,True,True,False,paced
paragliding-launch,0_3,38,0.9232,HIGH,visible,True,0.9535,0.943,0.847,0.9538,0.524,True,0.0006,0.6464,False,True,True,True,False,paced
paragliding-launch,0_3,39,0.9207,HIGH,visible,True,0.9569,0.9537,0.8328,0.9455,0.5201,True,0.0006,0.6364,False,True,True,True,False,paced
paragliding-launch,0_3,40,0.9219,HIGH,visible,True,0.9608,0.9498,0.842,0.9399,0.5439,True,0.0015,0.6296,False,True,True,True,False,evicted
paragliding-launch,0_3,41,0.9397,HIGH,visible,True,0.9614,0.9756,0.8784,0.9463,0.5967,True,0.0014,0.6292,False,True,True,True,False,paced
paragliding-launch,0_3,42,0.9604,HIGH,visible,True,0.9617,0.9879,0.8983,0.9966,0.5839,True,0.0009,0.6194,False,True,True,True,False,paced
paragliding-launch,0_3,43,0.9427,HIGH,visible,True,0.9607,0.9507,0.8655,0.9988,0.5473,True,0.0016,0.602,False,True,True,True,False,paced
paragliding-launch,0_3,44,0.9119,MEDIUM,visible,True,0.9575,0.9496,0.8382,0.9075,0.5091,True,0.0014,0.594,False,True,True,True,False,paced
paragliding-launch,0_3,45,0.9283,HIGH,visible,True,0.9577,0.9442,0.8383,0.9799,0.5426,True,0.0012,0.5734,False,True,True,True,False,evicted
paragliding-launch,0_3,46,0.9306,HIGH,visible,True,0.9567,0.9447,0.8613,0.9636,0.5837,True,0.0021,0.5626,False,True,True,True,False,paced
paragliding-launch,0_3,47,0.9362,HIGH,visible,True,0.9544,0.9683,0.8548,0.9724,0.5376,True,0.0012,0.5432,False,True,True,True,False,paced
paragliding-launch,0_3,48,0.9382,HIGH,visible,True,0.9569,0.9683,0.8406,0.9949,0.5291,True,0.001,0.5393,False,True,True,True,False,paced
paragliding-launch,0_3,49,0.9201,HIGH,visible,True,0.9574,0.9613,0.7858,0.9908,0.4666,True,0.0014,0.5322,False,True,True,True,False,paced
paragliding-launch,0_3,50,0.9144,MEDIUM,visible,True,0.9591,0.9579,0.7609,1.0,0.4667,True,0.002,0.527,False,True,True,True,False,evicted
paragliding-launch,0_3,51,0.9343,HIGH,visible,True,0.9664,0.9698,0.8131,1.0,0.4962,True,0.0019,0.5113,False,True,True,True,False,paced
paragliding-launch,0_3,52,0.928,HIGH,visible,True,0.9667,0.9525,0.8055,1.0,0.5332,True,0.0016,0.4963,False,True,True,False,False,paced
paragliding-launch,0_3,53,0.9306,HIGH,visible,True,0.9706,0.9607,0.8042,1.0,0.5105,True,0.0016,0.4863,False,True,True,False,False,paced
paragliding-launch,0_3,54,0.9173,MEDIUM,visible,True,0.969,0.9575,0.763,1.0,0.4561,True,0.0017,0.455,False,True,True,False,False,paced
paragliding-launch,0_3,55,0.912,MEDIUM,visible,True,0.9709,0.9315,0.7651,1.0,0.4479,True,0.0016,0.4588,False,True,True,False,False,evicted
paragliding-launch,0_3,56,0.9169,MEDIUM,visible,True,0.9722,0.9231,0.7874,1.0,0.4635,True,0.0015,0.4614,False,True,True,False,False,paced
paragliding-launch,0_3,57,0.9181,MEDIUM,visible,True,0.9722,0.9513,0.7682,1.0,0.4291,True,0.0003,0.4491,False,True,True,False,False,paced
paragliding-launch,0_3,58,0.9272,HIGH,visible,True,0.9779,0.9758,0.7744,1.0,0.4041,True,0.0003,0.4663,False,True,True,False,False,paced
paragliding-launch,0_3,59,0.9355,HIGH,visible,True,0.975,0.9809,0.8157,0.9818,0.481,True,0.0001,0.4584,False,True,True,False,False,paced
paragliding-launch,0_3,60,0.9331,HIGH,visible,True,0.9754,0.9724,0.7993,1.0,0.4273,True,0.0003,0.4627,False,True,True,False,False,evicted
paragliding-launch,0_3,61,0.9374,HIGH,visible,True,0.972,0.9659,0.8225,1.0,0.4808,True,0.0008,0.4611,False,True,True,False,False,paced
paragliding-launch,0_3,62,0.9338,HIGH,visible,True,0.9757,0.9617,0.8103,1.0,0.5116,True,0.0002,0.4733,False,True,True,False,False,paced
paragliding-launch,0_3,63,0.9423,HIGH,visible,True,0.9752,0.9834,0.822,1.0,0.4788,True,0.0003,0.4792,False,True,True,False,False,paced
paragliding-launch,0_3,64,0.948,HIGH,visible,True,0.9698,0.9909,0.8403,1.0,0.5505,True,0.0001,0.5064,False,True,True,True,False,paced
paragliding-launch,0_3,65,0.9423,HIGH,visible,True,0.9718,0.969,0.8374,1.0,0.6045,True,0.0008,0.5113,False,True,True,True,False,evicted
paragliding-launch,0_3,66,0.9425,HIGH,visible,True,0.9744,0.9708,0.8342,1.0,0.5528,True,0.0003,0.5245,False,True,True,True,False,paced
paragliding-launch,0_3,67,0.9445,HIGH,visible,True,0.9751,0.97,0.8413,1.0,0.5512,True,0.0002,0.5422,False,True,True,True,False,paced
paragliding-launch,0_3,68,0.9585,HIGH,visible,True,0.9738,0.9805,0.8841,1.0,0.6014,True,0.0001,0.5425,False,True,True,True,False,paced
paragliding-launch,0_3,69,0.965,HIGH,visible,True,0.9749,0.9901,0.8983,1.0,0.6013,True,0.0001,0.5549,False,True,True,True,False,paced
paragliding-launch,0_3,70,0.961,HIGH,visible,True,0.9714,0.9926,0.8846,1.0,0.605,True,0.0001,0.5648,False,True,True,True,False,evicted
paragliding-launch,0_3,71,0.966,HIGH,visible,True,0.9694,0.988,0.9091,1.0,0.644,True,0.0006,0.5705,False,True,True,True,False,paced
paragliding-launch,0_3,72,0.953,HIGH,visible,True,0.9655,0.9794,0.8807,0.9905,0.6613,True,0.0002,0.5943,False,True,True,True,False,paced
paragliding-launch,0_3,73,0.9478,HIGH,visible,True,0.9711,0.9882,0.8643,0.9727,0.6353,True,0.0,0.6137,False,True,True,True,False,paced
paragliding-launch,0_3,74,0.9425,HIGH,visible,True,0.9729,0.9901,0.8631,0.9492,0.6433,True,0.0001,0.6345,False,True,True,True,False,paced
paragliding-launch,0_3,75,0.9355,HIGH,visible,True,0.9732,0.9921,0.8015,0.9896,0.6085,True,0.0005,0.6329,False,True,True,True,False,evicted
paragliding-launch,0_3,76,0.9198,MEDIUM,visible,True,0.9766,0.9761,0.8311,0.9033,0.6348,True,0.0005,0.6442,False,True,True,True,False,paced
paragliding-launch,0_3,77,0.9288,HIGH,visible,True,0.9803,0.9711,0.8632,0.9056,0.6391,True,0.0006,0.6527,False,True,True,True,False,paced
paragliding-launch,0_3,78,0.9266,HIGH,visible,True,0.9812,0.956,0.8716,0.9017,0.6293,True,0.0004,0.6372,False,True,True,True,False,paced
parkour,0_1,1,0.9077,MEDIUM,visible,True,0.9177,0.8781,0.8783,0.959,0.7804,True,0.9145,0.0,True,False,False,False,False,paced
parkour,0_1,2,0.9235,HIGH,visible,True,0.9233,0.8853,0.8979,0.9909,0.7843,True,0.9177,0.0,True,False,False,False,False,paced
parkour,0_1,3,0.9115,MEDIUM,visible,True,0.9304,0.8799,0.8795,0.9588,0.7242,True,0.9185,0.0,True,False,False,False,False,paced
parkour,0_1,4,0.8778,MEDIUM,visible,True,0.9357,0.8655,0.7726,0.9489,0.6464,True,0.9248,0.0,True,False,False,False,False,paced
parkour,0_1,5,0.8599,MEDIUM,visible,True,0.9386,0.8649,0.7191,0.9368,0.563,True,0.9301,0.0,True,False,False,False,False,added
parkour,0_1,6,0.8942,MEDIUM,visible,True,0.9261,0.8543,0.8805,0.9177,0.7777,True,0.9261,0.0,True,False,False,False,False,paced
parkour,0_1,7,0.9121,MEDIUM,visible,True,0.8778,0.9647,0.8797,0.929,0.7816,True,0.927,0.0,True,False,False,False,False,paced
parkour,0_1,8,0.9043,MEDIUM,visible,True,0.8998,0.9536,0.8176,0.9531,0.7219,True,0.9211,0.0,True,False,False,False,False,paced
parkour,0_1,9,0.9096,MEDIUM,visible,True,0.8784,0.9222,0.8506,0.9936,0.7309,True,0.9081,0.0,True,False,False,False,False,paced
parkour,0_1,10,0.8765,MEDIUM,visible,True,0.9251,0.7865,0.8206,0.9887,0.7366,True,0.926,0.0,True,False,False,False,False,added
parkour,0_1,11,0.9016,MEDIUM,visible,True,0.9307,0.8337,0.8589,0.9915,0.7923,True,0.9279,0.0,True,False,False,False,False,paced
parkour,0_1,12,0.8976,MEDIUM,visible,True,0.9407,0.8468,0.8151,0.9997,0.7617,True,0.9419,0.0,True,False,False,False,False,paced
parkour,0_1,13,0.9055,MEDIUM,visible,True,0.9328,0.8802,0.8427,0.9716,0.7652,True,0.9461,0.0,True,False,False,False,False,paced
parkour,0_1,14,0.9038,MEDIUM,visible,True,0.906,0.9041,0.8147,1.0,0.7697,True,0.9433,0.0,True,False,False,False,False,paced
parkour,0_1,15,0.8487,MEDIUM,visible,True,0.9148,0.8489,0.6809,0.9814,0.6612,True,0.9421,0.0,True,False,False,False,False,added
parkour,0_1,16,0.9139,MEDIUM,visible,True,0.906,0.9227,0.8355,0.9989,0.73,True,0.9553,0.0,True,False,False,False,False,paced
parkour,0_1,17,0.9026,MEDIUM,visible,True,0.892,0.962,0.799,0.9679,0.692,True,0.9478,0.0,True,False,False,False,False,paced
parkour,0_1,18,0.8639,MEDIUM,visible,True,0.9059,0.9061,0.7703,0.8809,0.6859,True,0.9323,0.0,True,False,False,False,False,paced
parkour,0_1,19,0.8653,MEDIUM,visible,True,0.9221,0.8691,0.7796,0.8975,0.6764,True,0.9389,0.0,True,False,False,False,False,paced
parkour,0_1,20,0.8798,MEDIUM,visible,True,0.9206,0.8933,0.7875,0.9253,0.685,True,0.9396,0.0,True,False,False,False,False,evicted
parkour,0_1,21,0.9089,MEDIUM,visible,True,0.903,0.9906,0.8204,0.9299,0.6983,True,0.9373,0.0,True,False,False,False,False,paced
parkour,0_1,22,0.9333,HIGH,visible,True,0.9194,0.9664,0.8539,1.0,0.7104,True,0.9373,0.0,True,False,False,False,False,paced
parkour,0_1,23,0.9172,MEDIUM,visible,True,0.9265,0.9462,0.8514,0.948,0.6646,True,0.9475,0.0,True,False,False,False,False,paced
parkour,0_1,24,0.9259,HIGH,visible,True,0.933,0.9488,0.8302,1.0,0.6716,True,0.947,0.0,True,False,False,False,False,paced
parkour,0_1,25,0.9157,MEDIUM,visible,True,0.9378,0.9756,0.7739,0.9928,0.6057,True,0.9622,0.0,True,False,False,False,False,evicted
parkour,0_1,26,0.9019,MEDIUM,visible,True,0.9364,0.92,0.8038,0.9556,0.6601,True,0.9547,0.0,True,False,False,False,False,paced
parkour,0_1,27,0.8866,MEDIUM,visible,True,0.9504,0.8671,0.7782,0.9634,0.623,True,0.9468,0.0,True,False,False,False,False,paced
parkour,0_1,28,0.91,MEDIUM,visible,True,0.9199,0.9423,0.7911,1.0,0.6141,True,0.9542,0.0,True,False,False,False,False,paced
parkour,0_1,29,0.9058,MEDIUM,visible,True,0.9251,0.9122,0.799,0.9984,0.6226,True,0.9382,0.0,True,False,False,False,False,paced
parkour,0_1,30,0.8974,MEDIUM,visible,True,0.9248,0.9111,0.777,0.9907,0.5639,True,0.9493,0.0,True,False,False,False,False,evicted
parkour,0_1,31,0.9152,MEDIUM,visible,True,0.9273,0.8986,0.842,1.0,0.6069,True,0.9419,0.0,True,False,False,False,False,paced
parkour,0_1,32,0.9127,MEDIUM,visible,True,0.912,0.9076,0.8384,1.0,0.5757,True,0.9361,0.0,True,False,False,False,False,paced
parkour,0_1,33,0.9093,MEDIUM,visible,True,0.8816,0.8905,0.8707,1.0,0.6143,True,0.9526,0.0,True,False,False,False,False,paced
parkour,0_1,34,0.9246,HIGH,visible,True,0.8926,0.9234,0.8868,1.0,0.6568,True,0.9459,0.0,True,False,False,False,False,paced
parkour,0_1,35,0.9185,MEDIUM,visible,True,0.8872,0.9136,0.8782,1.0,0.6626,True,0.9417,0.0,True,False,False,False,False,evicted
parkour,0_1,36,0.9302,HIGH,visible,True,0.8782,0.9353,0.9116,1.0,0.7209,True,0.9499,0.0,True,False,False,False,False,paced
parkour,0_1,37,0.9333,HIGH,visible,True,0.8751,0.9427,0.9197,1.0,0.7163,True,0.9501,0.0,True,False,False,False,False,paced
parkour,0_1,38,0.9243,HIGH,visible,True,0.8857,0.9281,0.8877,1.0,0.7454,True,0.952,0.0,True,False,False,False,False,paced
parkour,0_1,39,0.915,MEDIUM,visible,True,0.9019,0.9009,0.8626,1.0,0.745,True,0.9475,0.0,True,False,False,False,False,paced
parkour,0_1,40,0.8902,MEDIUM,visible,True,0.8763,0.8772,0.8169,1.0,0.7482,True,0.9505,0.0,True,False,False,False,False,evicted
parkour,0_1,41,0.8922,MEDIUM,visible,True,0.8465,0.9185,0.833,0.9783,0.7929,True,0.9437,0.0,True,False,False,False,False,paced
parkour,0_1,42,0.8871,MEDIUM,visible,True,0.8431,0.9701,0.8127,0.9319,0.7649,True,0.9531,0.0,True,False,False,False,False,paced
parkour,0_1,43,0.8572,MEDIUM,visible,True,0.8725,0.8857,0.775,0.9015,0.7276,True,0.9617,0.0,True,False,False,False,False,paced
parkour,0_1,44,0.8281,MEDIUM,visible,True,0.9016,0.769,0.7696,0.8814,0.709,True,0.9634,0.0,True,False,False,False,False,paced
parkour,0_1,45,0.83,MEDIUM,visible,True,0.9204,0.8161,0.7043,0.8968,0.6698,True,0.9689,0.0,True,False,False,False,False,evicted
parkour,0_1,46,0.8858,MEDIUM,visible,True,0.9283,0.8978,0.8144,0.9072,0.7398,True,0.9667,0.0,True,False,False,False,False,paced
parkour,0_1,47,0.8769,MEDIUM,visible,True,0.9145,0.9571,0.7565,0.893,0.7148,True,0.9709,0.0,True,False,False,False,False,paced
parkour,0_1,48,0.9001,MEDIUM,visible,True,0.9225,0.8987,0.847,0.9347,0.7405,True,0.9634,0.0,True,False,False,False,False,paced
parkour,0_1,49,0.9177,MEDIUM,visible,True,0.9248,0.923,0.8629,0.963,0.7422,True,0.9617,0.0,True,False,False,False,False,paced
parkour,0_1,50,0.93,HIGH,visible,True,0.9343,0.9348,0.8863,0.9664,0.7704,True,0.9606,0.0,True,False,False,False,False,evicted
parkour,0_1,51,0.8948,MEDIUM,visible,True,0.8942,0.8961,0.8637,0.9263,0.7684,True,0.9618,0.0,True,False,False,False,False,paced
parkour,0_1,52,0.8702,MEDIUM,visible,True,0.8849,0.9584,0.7785,0.8686,0.7298,True,0.9641,0.0,True,False,False,False,False,paced
parkour,0_1,53,0.8732,MEDIUM,visible,True,0.9265,0.9457,0.7653,0.8672,0.7297,True,0.9673,0.0,True,False,False,False,False,paced
parkour,0_1,54,0.8885,MEDIUM,visible,True,0.8837,0.8604,0.8438,0.9714,0.7638,True,0.9531,0.0,True,False,False,False,False,paced
parkour,0_1,55,0.8989,MEDIUM,visible,True,0.8888,0.9298,0.8242,0.9587,0.7607,True,0.9576,0.0,True,False,False,False,False,evicted
parkour,0_1,56,0.9043,MEDIUM,visible,True,0.8929,0.9143,0.8363,0.9796,0.7984,True,0.9567,0.0,True,False,False,False,False,paced
parkour,0_1,57,0.9064,MEDIUM,visible,True,0.9012,0.9096,0.8433,0.9765,0.8045,True,0.9656,0.0,True,False,False,False,False,paced
parkour,0_1,58,0.899,MEDIUM,visible,True,0.908,0.9062,0.8463,0.9381,0.7815,True,0.9643,0.0,True,False,False,False,False,paced
parkour,0_1,59,0.8787,MEDIUM,visible,True,0.9091,0.8644,0.7873,0.9637,0.7653,True,0.9668,0.0,True,False,False,False,False,paced
parkour,0_1,60,0.8659,MEDIUM,visible,True,0.8998,0.8275,0.7904,0.9554,0.7256,True,0.9618,0.0,True,False,False,False,False,evicted
parkour,0_1,61,0.8677,MEDIUM,visible,True,0.8685,0.8122,0.8035,1.0,0.6915,True,0.943,0.0,True,False,False,False,False,paced
parkour,0_1,62,0.9071,MEDIUM,visible,True,0.9186,0.9112,0.8087,1.0,0.7279,True,0.9678,0.0,True,False,False,False,False,paced
parkour,0_1,63,0.905,MEDIUM,visible,True,0.9005,0.8888,0.838,1.0,0.7489,True,0.9712,0.0,True,False,False,False,False,paced
parkour,0_1,64,0.9198,MEDIUM,visible,True,0.9039,0.9057,0.8744,1.0,0.7601,True,0.9659,0.0,True,False,False,False,False,paced
parkour,0_1,65,0.9039,MEDIUM,visible,True,0.9034,0.9276,0.8039,0.9908,0.7017,True,0.9714,0.0,True,False,False,False,False,evicted
parkour,0_1,66,0.9059,MEDIUM,visible,True,0.9052,0.966,0.7997,0.963,0.6983,True,0.9673,0.0,True,False,False,False,False,paced
parkour,0_1,67,0.8881,MEDIUM,visible,True,0.924,0.9084,0.7678,0.9655,0.6903,True,0.9647,0.0,True,False,False,False,False,paced
parkour,0_1,68,0.8798,MEDIUM,visible,True,0.953,0.8667,0.779,0.931,0.6424,True,0.9617,0.0,True,False,False,False,False,paced
parkour,0_1,69,0.8912,MEDIUM,visible,True,0.951,0.8414,0.8252,0.9555,0.6638,True,0.952,0.0,True,False,False,False,False,paced
parkour,0_1,70,0.8853,MEDIUM,visible,True,0.9401,0.8618,0.822,0.9223,0.622,True,0.9686,0.0,True,False,False,False,False,evicted
parkour,0_1,71,0.9278,HIGH,visible,True,0.9455,0.8959,0.8995,0.9726,0.7486,True,0.9683,0.0,True,False,False,False,False,paced
parkour,0_1,72,0.8847,MEDIUM,visible,True,0.9378,0.828,0.8448,0.9341,0.6776,True,0.9753,0.0,True,False,False,False,False,paced
parkour,0_1,73,0.9107,MEDIUM,visible,True,0.9355,0.8711,0.8452,0.9989,0.6939,True,0.972,0.0,True,False,False,False,False,paced
parkour,0_1,74,0.907,MEDIUM,visible,True,0.9305,0.8755,0.8305,1.0,0.7218,True,0.9702,0.0,True,False,False,False,False,paced
parkour,0_1,75,0.9154,MEDIUM,visible,True,0.9621,0.9181,0.8101,0.9814,0.6795,True,0.9673,0.0,True,False,False,False,False,evicted
parkour,0_1,76,0.899,MEDIUM,visible,True,0.9662,0.9031,0.7974,0.9389,0.6765,True,0.9638,0.0,True,False,False,False,False,paced
parkour,0_1,77,0.8545,MEDIUM,visible,True,0.9506,0.8933,0.7319,0.8577,0.7283,True,0.9655,0.0,True,False,False,False,False,paced
parkour,0_1,78,0.877,MEDIUM,visible,True,0.9465,0.8899,0.7367,0.9536,0.7022,True,0.9656,0.0,True,False,False,False,False,paced
parkour,0_1,79,0.8677,MEDIUM,visible,True,0.9472,0.8682,0.7405,0.931,0.6895,True,0.9582,0.0,True,False,False,False,False,paced
parkour,0_1,80,0.838,MEDIUM,visible,True,0.9417,0.8542,0.7258,0.8449,0.6925,True,0.959,0.0,True,False,False,False,False,evicted
parkour,0_1,81,0.8867,MEDIUM,visible,True,0.9368,0.8901,0.8152,0.9092,0.7112,True,0.9482,0.0,True,False,False,False,False,paced
parkour,0_1,82,0.8959,MEDIUM,visible,True,0.9281,0.9313,0.8169,0.9124,0.7204,True,0.9629,0.0,True,False,False,False,False,paced
parkour,0_1,83,0.8903,MEDIUM,visible,True,0.9199,0.8559,0.802,0.9949,0.7195,True,0.9609,0.0,True,False,False,False,False,paced
parkour,0_1,84,0.8937,MEDIUM,visible,True,0.9256,0.8445,0.8162,1.0,0.7447,True,0.9658,0.0,True,False,False,False,False,paced
parkour,0_1,85,0.9015,MEDIUM,visible,True,0.9317,0.8478,0.8363,1.0,0.7307,True,0.967,0.0,True,False,False,False,False,evicted
parkour,0_1,86,0.8949,MEDIUM,visible,True,0.9239,0.8485,0.8649,0.9459,0.7835,True,0.9524,0.0,True,False,False,False,False,paced
parkour,0_1,87,0.897,MEDIUM,visible,True,0.9432,0.7939,0.8644,1.0,0.7162,True,0.9447,0.0,True,False,False,False,False,paced
parkour,0_1,88,0.9171,MEDIUM,visible,True,0.9341,0.891,0.85,1.0,0.6499,True,0.9647,0.0,True,False,False,False,False,paced
parkour,0_1,89,0.924,HIGH,visible,True,0.9244,0.9469,0.8328,1.0,0.6281,True,0.9613,0.0,True,False,False,False,False,paced
parkour,0_1,90,0.9256,HIGH,visible,True,0.9012,0.9257,0.8798,1.0,0.6883,True,0.961,0.0,True,False,False,False,False,evicted
parkour,0_1,91,0.938,HIGH,visible,True,0.9096,0.9601,0.8888,0.9974,0.7091,True,0.943,0.0,True,False,False,False,False,paced
parkour,0_1,92,0.9462,HIGH,visible,True,0.9308,0.9666,0.8907,1.0,0.7149,True,0.9214,0.0,True,False,False,False,False,paced
parkour,0_1,93,0.9446,HIGH,visible,True,0.9376,0.947,0.8967,1.0,0.7377,True,0.9086,0.0,True,False,False,False,False,paced
parkour,0_1,94,0.8981,MEDIUM,visible,True,0.9134,0.8814,0.8595,0.9403,0.741,True,0.9464,0.0,True,False,False,False,False,paced
parkour,0_1,95,0.9239,HIGH,visible,True,0.9382,0.9656,0.8344,0.964,0.7251,True,0.9378,0.0,True,False,False,False,False,evicted
parkour,0_1,96,0.913,MEDIUM,visible,True,0.9508,0.9664,0.8277,0.9136,0.7458,True,0.9359,0.0,True,False,False,False,False,paced
parkour,0_1,97,0.9097,MEDIUM,visible,True,0.9423,0.9646,0.7889,0.9551,0.7476,True,0.9379,0.0,True,False,False,False,False,paced
parkour,0_1,98,0.8769,MEDIUM,visible,True,0.9297,0.9522,0.7202,0.9276,0.6825,True,0.925,0.0,True,False,False,False,False,paced
pigs,0_1,1,0.9869,HIGH,visible,True,0.9863,0.9838,0.9791,0.9984,0.4924,True,0.0,0.9569,False,True,True,True,False,paced
pigs,0_1,2,0.9859,HIGH,visible,True,0.9856,0.9928,0.9657,1.0,0.4815,True,0.0,0.9527,False,True,True,True,False,paced
pigs,0_1,3,0.9823,HIGH,visible,True,0.9852,0.9934,0.9513,1.0,0.4476,True,0.0,0.9484,False,True,True,True,False,paced
pigs,0_1,4,0.9796,HIGH,visible,True,0.9847,0.9986,0.9403,0.9961,0.4848,True,0.0,0.9443,False,True,True,True,False,paced
pigs,0_1,5,0.966,HIGH,visible,True,0.9829,0.9951,0.9158,0.9721,0.4598,True,0.0,0.9344,False,True,True,True,False,added
pigs,0_1,6,0.9711,HIGH,visible,True,0.9709,0.9735,0.9507,0.9897,0.4652,True,0.0,0.9309,False,True,True,True,False,paced
pigs,0_1,7,0.9739,HIGH,visible,True,0.9764,0.993,0.9431,0.9839,0.4938,True,0.0,0.9416,False,True,True,True,False,paced
pigs,0_1,8,0.9713,HIGH,visible,True,0.9723,0.9723,0.952,0.9888,0.4719,True,0.0,0.9468,False,True,True,True,False,paced
pigs,0_1,9,0.9739,HIGH,visible,True,0.9713,0.9814,0.9437,1.0,0.4541,True,0.0,0.9486,False,True,True,True,False,paced
pigs,0_1,10,0.9672,HIGH,visible,True,0.9736,0.9836,0.9339,0.9784,0.427,True,0.0,0.9451,False,True,True,True,False,added
pigs,0_1,11,0.9807,HIGH,visible,True,0.9785,0.9889,0.9561,1.0,0.4992,True,0.0,0.9445,False,True,True,True,False,paced
pigs,0_1,12,0.9807,HIGH,visible,True,0.9853,0.9951,0.9435,1.0,0.4542,True,0.0,0.9398,False,True,True,True,False,paced
pigs,0_1,13,0.9799,HIGH,visible,True,0.9855,0.9954,0.9398,1.0,0.4681,True,0.0,0.9301,False,True,True,True,False,paced
pigs,0_1,14,0.9674,HIGH,visible,True,0.9867,0.9913,0.8955,1.0,0.4389,True,0.0,0.9323,False,True,True,True,False,paced
pigs,0_1,15,0.9723,HIGH,visible,True,0.9844,0.9948,0.9127,1.0,0.4513,True,0.0,0.9362,False,True,True,True,False,added
pigs,0_1,16,0.9732,HIGH,visible,True,0.9689,0.9799,0.945,1.0,0.4584,True,0.0,0.9483,False,True,True,True,False,paced
pigs,0_1,17,0.9773,HIGH,visible,True,0.979,0.9888,0.9422,1.0,0.4226,True,0.0,0.9579,False,True,True,True,False,paced
pigs,0_1,18,0.9808,HIGH,visible,True,0.9829,0.9967,0.9445,1.0,0.4474,True,0.0,0.9612,False,True,True,True,False,paced
pigs,0_1,19,0.9784,HIGH,visible,True,0.9856,0.9875,0.9415,1.0,0.4536,True,0.0,0.9617,False,True,True,True,False,paced
pigs,0_1,20,0.976,HIGH,visible,True,0.9749,0.9782,0.9514,1.0,0.4413,True,0.0,0.9501,False,True,True,True,False,evicted
pigs,0_1,21,0.9772,HIGH,visible,True,0.9821,0.9896,0.9466,0.9912,0.4819,True,0.0,0.9599,False,True,True,True,False,paced
pigs,0_1,22,0.9714,HIGH,visible,True,0.9793,0.9943,0.9517,0.961,0.4651,True,0.0,0.9627,False,True,True,True,False,paced
pigs,0_1,23,0.9726,HIGH,visible,True,0.9848,0.9865,0.9433,0.9763,0.4653,True,0.0,0.9645,False,True,True,True,False,paced
pigs,0_1,24,0.9583,HIGH,visible,True,0.9712,0.9615,0.9349,0.9662,0.44,True,0.0,0.9712,False,True,True,True,False,paced
pigs,0_1,25,0.9715,HIGH,visible,True,0.9947,0.9943,0.9378,0.9602,0.4415,True,0.0,0.9706,False,True,True,True,False,evicted
pigs,0_1,26,0.9764,HIGH,visible,True,0.9852,0.9989,0.9558,0.9664,0.4453,True,0.0,0.9692,False,True,True,True,False,paced
pigs,0_1,27,0.9684,HIGH,visible,True,0.9829,0.9833,0.9358,0.9725,0.4404,True,0.0,0.9641,False,True,True,True,False,paced
pigs,0_1,28,0.9754,HIGH,visible,True,0.9801,0.9821,0.9403,1.0,0.4355,True,0.0,0.9583,False,True,True,True,False,paced
pigs,0_1,29,0.9742,HIGH,visible,True,0.9789,0.9776,0.9411,1.0,0.4694,True,0.0,0.9528,False,True,True,True,False,paced
pigs,0_1,30,0.9755,HIGH,visible,True,0.9794,0.9782,0.9454,1.0,0.4644,True,0.0,0.957,False,True,True,True,False,merged
pigs,0_1,31,0.9771,HIGH,visible,True,0.9792,0.9837,0.9465,1.0,0.4811,True,0.0,0.9603,False,True,True,True,False,paced
pigs,0_1,32,0.9702,HIGH,visible,True,0.9792,0.9885,0.9155,1.0,0.4873,True,0.0,0.9605,False,True,True,True,False,paced
pigs,0_1,33,0.9642,HIGH,visible,True,0.983,0.9836,0.894,1.0,0.46,True,0.0,0.9645,False,True,True,True,False,paced
pigs,0_1,34,0.9689,HIGH,visible,True,0.984,0.9943,0.9008,1.0,0.4416,True,0.0,0.9633,False,True,True,True,False,paced
pigs,0_1,35,0.9749,HIGH,visible,True,0.9807,0.9981,0.9228,1.0,0.4706,True,0.0,0.9621,False,True,True,True,False,evicted
pigs,0_1,36,0.9809,HIGH,visible,True,0.9831,0.9887,0.9524,1.0,0.477,True,0.0,0.9703,False,True,True,True,False,paced
pigs,0_1,37,0.98,HIGH,visible,True,0.9893,0.978,0.9534,1.0,0.4754,True,0.0,0.9713,False,True,True,True,False,paced
pigs,0_1,38,0.9778,HIGH,visible,True,0.9886,0.9715,0.9518,1.0,0.4837,True,0.0,0.9758,False,True,True,True,False,paced
pigs,0_1,39,0.9784,HIGH,visible,True,0.9862,0.9782,0.95,1.0,0.459,True,0.0,0.9817,False,True,True,True,False,paced
pigs,0_1,40,0.9804,HIGH,visible,True,0.9835,0.9872,0.9515,1.0,0.464,True,0.0,0.9747,False,True,True,True,False,merged
pigs,0_1,41,0.974,HIGH,visible,True,0.9844,0.9898,0.9598,0.9623,0.4697,True,0.0,0.9699,False,True,True,True,False,paced
pigs,0_1,42,0.9682,HIGH,visible,True,0.9856,0.9849,0.9343,0.9688,0.4188,True,0.0,0.96,False,True,True,True,False,paced
pigs,0_1,43,0.9703,HIGH,visible,True,0.9764,0.9905,0.9415,0.9735,0.4864,True,0.0,0.9534,False,True,True,True,False,paced
pigs,0_1,44,0.966,HIGH,visible,True,0.972,0.9589,0.9343,1.0,0.4829,True,0.0,0.9677,False,True,True,True,False,paced
pigs,0_1,45,0.938,HIGH,visible,True,0.9703,0.925,0.8626,1.0,0.4632,True,0.0,0.9506,False,True,True,True,False,evicted
pigs,0_1,46,0.9402,HIGH,visible,True,0.9769,0.9475,0.8441,1.0,0.4314,True,0.0,0.9513,False,True,True,True,False,paced
pigs,0_1,47,0.9365,HIGH,visible,True,0.9724,0.9638,0.8209,1.0,0.4074,True,0.0,0.9473,False,True,True,True,False,paced
pigs,0_1,48,0.9275,HIGH,visible,True,0.9669,0.9694,0.7894,1.0,0.3803,True,0.0,0.9535,False,True,True,True,False,paced
pigs,0_1,49,0.9292,HIGH,visible,True,0.9698,0.9857,0.7797,1.0,0.3369,True,0.0001,0.9658,False,True,True,True,False,paced
pigs,0_1,50,0.93,HIGH,visible,True,0.9948,0.9741,0.7717,1.0,0.3179,True,0.0001,0.9667,False,True,True,True,False,evicted
pigs,0_1,51,0.9412,HIGH,visible,True,0.9734,0.9963,0.8093,1.0,0.3435,True,0.0001,0.9622,False,True,True,True,False,paced
pigs,0_1,52,0.9348,HIGH,visible,True,0.9726,0.9886,0.7943,1.0,0.3295,True,0.0002,0.9668,False,True,True,True,False,paced
pigs,0_1,53,0.9313,HIGH,visible,True,0.9795,0.9893,0.7763,1.0,0.3305,True,0.0001,0.9665,False,True,True,True,False,paced
pigs,0_1,54,0.929,HIGH,visible,True,0.9803,0.9963,0.7628,1.0,0.2918,True,0.0001,0.9673,False,True,True,True,False,paced
pigs,0_1,55,0.92,HIGH,visible,True,0.9782,0.9946,0.7365,1.0,0.2812,True,0.0,0.967,False,True,True,True,False,evicted
pigs,0_1,56,0.9416,HIGH,visible,True,0.9758,0.9936,0.8108,1.0,0.3593,True,0.0,0.9678,False,True,True,True,False,paced
pigs,0_1,57,0.9279,HIGH,visible,True,0.9714,0.9892,0.7713,1.0,0.3073,True,0.0001,0.9651,False,True,True,True,False,paced
pigs,0_1,58,0.9259,HIGH,visible,True,0.9623,0.9804,0.779,1.0,0.2929,True,0.0,0.9511,False,True,True,True,False,paced
pigs,0_1,59,0.9352,HIGH,visible,True,0.9666,0.9867,0.8019,1.0,0.2723,True,0.0001,0.9522,False,True,True,True,False,paced
pigs,0_1,60,0.9188,MEDIUM,visible,True,0.9683,0.9728,0.7566,1.0,0.2362,True,0.0001,0.9652,False,True,True,True,False,evicted
pigs,0_1,61,0.9455,HIGH,visible,True,0.9762,0.9919,0.8255,1.0,0.2722,True,0.0004,0.9684,False,True,True,True,False,paced
pigs,0_1,62,0.9435,HIGH,visible,True,0.982,0.9938,0.8119,1.0,0.2634,True,0.0003,0.9696,False,True,True,True,False,paced
pigs,0_1,63,0.9386,HIGH,visible,True,0.985,0.999,0.7887,1.0,0.2512,True,0.0007,0.9701,False,True,True,True,False,paced
pigs,0_1,64,0.9361,HIGH,visible,True,0.9848,0.9958,0.7829,1.0,0.2379,True,0.0005,0.9678,False,True,True,True,False,paced
pigs,0_1,65,0.9368,HIGH,visible,True,0.9786,0.9936,0.7922,1.0,0.2411,True,0.0006,0.962,False,True,True,True,False,evicted
pigs,0_1,66,0.9434,HIGH,visible,True,0.976,0.9834,0.8255,1.0,0.2939,True,0.0006,0.9645,False,True,True,True,False,paced
pigs,0_1,67,0.9408,HIGH,visible,True,0.9795,0.991,0.807,1.0,0.2563,True,0.0003,0.9655,False,True,True,True,False,paced
pigs,0_1,68,0.9315,HIGH,visible,True,0.983,0.991,0.773,1.0,0.2387,True,0.0006,0.9666,False,True,True,True,False,paced
pigs,0_1,69,0.9341,HIGH,visible,True,0.9867,0.9945,0.776,1.0,0.2431,True,0.0004,0.9638,False,True,True,True,False,paced
pigs,0_1,70,0.9307,HIGH,visible,True,0.9856,0.9961,0.7644,1.0,0.2243,True,0.0006,0.9644,False,True,True,True,False,evicted
pigs,0_1,71,0.9396,HIGH,visible,True,0.9871,0.9893,0.798,1.0,0.2629,True,0.0002,0.9604,False,True,True,True,False,paced
pigs,0_1,72,0.9382,HIGH,visible,True,0.988,0.9894,0.7924,1.0,0.2429,True,0.0002,0.9586,False,True,True,True,False,paced
pigs,0_1,73,0.9426,HIGH,visible,True,0.9792,0.9856,0.8181,1.0,0.2612,True,0.009,0.9477,False,True,True,True,False,paced
pigs,0_1,74,0.936,HIGH,visible,True,0.9831,0.9873,0.7906,1.0,0.2416,True,0.0055,0.9513,False,True,True,True,False,paced
pigs,0_1,75,0.9401,HIGH,visible,True,0.9937,0.9935,0.7913,1.0,0.2457,True,0.0057,0.9515,False,True,True,True,False,merged
pigs,0_1,76,0.9341,HIGH,visible,True,0.985,0.9896,0.781,1.0,0.2449,True,0.0042,0.9518,False,True,True,True,False,paced
pigs,0_1,77,0.9419,HIGH,visible,True,0.9865,0.9968,0.8004,1.0,0.2614,True,0.0055,0.9494,False,True,True,True,False,paced
pigs,0_2,1,0.9873,HIGH,visible,True,0.9863,0.9838,0.9791,1.0,0.4816,True,0.007,0.9568,False,True,True,True,False,paced
pigs,0_2,2,0.9834,HIGH,visible,True,0.9856,0.9928,0.9667,0.9888,0.4655,True,0.0089,0.9526,False,True,True,True,False,paced
pigs,0_2,3,0.9823,HIGH,visible,True,0.9852,0.9934,0.9513,1.0,0.4321,True,0.0099,0.9482,False,True,True,True,False,paced
pigs,0_2,4,0.9805,HIGH,visible,True,0.9847,0.9986,0.9404,0.9996,0.4676,True,0.0113,0.9442,False,True,True,True,False,paced
pigs,0_2,5,0.9732,HIGH,visible,True,0.9829,0.9952,0.9172,1.0,0.4417,True,0.0128,0.9344,False,True,True,True,False,added
pigs,0_2,6,0.9736,HIGH,visible,True,0.9709,0.9735,0.9505,1.0,0.4493,True,0.0142,0.9309,False,True,True,True,False,paced
pigs,0_2,7,0.9787,HIGH,visible,True,0.9764,0.9929,0.9464,1.0,0.4864,True,0.0115,0.9415,False,True,True,True,False,paced
pigs,0_2,8,0.9739,HIGH,visible,True,0.9723,0.9722,0.9517,1.0,0.4538,True,0.011,0.9468,False,True,True,True,False,paced
pigs,0_2,9,0.9739,HIGH,visible,True,0.9713,0.9814,0.9439,1.0,0.4402,True,0.0071,0.9486,False,True,True,True,False,paced
pigs,0_2,10,0.9723,HIGH,visible,True,0.9736,0.9836,0.9334,1.0,0.4104,True,0.0091,0.9451,False,True,True,True,False,added
pigs,0_2,11,0.9806,HIGH,visible,True,0.9785,0.989,0.9556,1.0,0.482,True,0.0134,0.9444,False,True,True,True,False,paced
pigs,0_2,12,0.9806,HIGH,visible,True,0.9853,0.9952,0.943,1.0,0.4364,True,0.0168,0.9397,False,True,True,True,False,paced
pigs,0_2,13,0.9798,HIGH,visible,True,0.9855,0.9954,0.9396,1.0,0.4483,True,0.0229,0.93,False,True,True,True,False,paced
pigs,0_2,14,0.9673,HIGH,visible,True,0.9867,0.9913,0.8952,1.0,0.4185,True,0.024,0.9322,False,True,True,True,False,paced
pigs,0_2,15,0.9721,HIGH,visible,True,0.9843,0.9949,0.9119,1.0,0.4328,True,0.0208,0.9362,False,True,True,True,False,added
pigs,0_2,16,0.9734,HIGH,visible,True,0.9689,0.98,0.9455,1.0,0.4416,True,0.0059,0.9483,False,True,True,True,False,paced
pigs,0_2,17,0.977,HIGH,visible,True,0.979,0.9887,0.9412,1.0,0.4075,True,0.0008,0.9579,False,True,True,True,False,paced
pigs,0_2,18,0.9807,HIGH,visible,True,0.9829,0.9967,0.9444,1.0,0.4317,True,0.0004,0.9612,False,True,True,True,False,paced
pigs,0_2,19,0.9785,HIGH,visible,True,0.9856,0.9874,0.942,1.0,0.4362,True,0.0005,0.9617,False,True,True,True,False,paced
pigs,0_2,20,0.976,HIGH,visible,True,0.9749,0.9782,0.9515,1.0,0.4274,True,0.0113,0.9501,False,True,True,True,False,evicted
pigs,0_2,21,0.9794,HIGH,visible,True,0.9821,0.9895,0.947,1.0,0.4721,True,0.008,0.9599,False,True,True,True,False,paced
pigs,0_2,22,0.98,HIGH,visible,True,0.9793,0.9944,0.9517,0.9951,0.4503,True,0.0072,0.9627,False,True,True,True,False,paced
pigs,0_2,23,0.9752,HIGH,visible,True,0.9824,0.9713,0.948,1.0,0.4356,True,0.0008,0.9707,False,True,True,True,False,paced
pigs,0_2,24,0.9745,HIGH,visible,True,0.9831,0.9803,0.9358,1.0,0.4247,True,0.0007,0.9713,False,True,True,True,False,paced
pigs,0_2,25,0.9817,HIGH,visible,True,0.9947,0.9956,0.9378,1.0,0.4255,True,0.0004,0.9705,False,True,True,True,False,evicted
pigs,0_2,26,0.985,HIGH,visible,True,0.9852,0.9989,0.9565,1.0,0.4331,True,0.0004,0.9692,False,True,True,True,False,paced
pigs,0_2,27,0.9749,HIGH,visible,True,0.9829,0.9829,0.9352,1.0,0.4285,True,0.0001,0.964,False,True,True,True,False,paced
pigs,0_2,28,0.9755,HIGH,visible,True,0.9801,0.9818,0.9412,1.0,0.4243,True,0.0007,0.9583,False,True,True,True,False,paced
pigs,0_2,29,0.9744,HIGH,visible,True,0.9789,0.9774,0.9421,1.0,0.453,True,0.0005,0.9528,False,True,True,True,False,paced
pigs,0_2,30,0.9754,HIGH,visible,True,0.9794,0.9779,0.945,1.0,0.451,True,0.0007,0.957,False,True,True,True,False,merged
pigs,0_2,31,0.9773,HIGH,visible,True,0.9791,0.9837,0.9472,1.0,0.4647,True,0.0005,0.9604,False,True,True,True,False,paced
pigs,0_2,32,0.9708,HIGH,visible,True,0.9792,0.9884,0.9179,1.0,0.4768,True,0.0004,0.9605,False,True,True,True,False,paced
pigs,0_2,33,0.9641,HIGH,visible,True,0.983,0.9834,0.8938,1.0,0.4477,True,0.0003,0.9646,False,True,True,True,False,paced
pigs,0_2,34,0.9692,HIGH,visible,True,0.984,0.9942,0.9019,1.0,0.43,True,0.0029,0.9633,False,True,True,True,False,paced
pigs,0_2,35,0.975,HIGH,visible,True,0.9808,0.998,0.9234,1.0,0.4586,True,0.0051,0.9621,False,True,True,True,False,evicted
pigs,0_2,36,0.981,HIGH,visible,True,0.983,0.9887,0.9528,1.0,0.4656,True,0.0048,0.9703,False,True,True,True,False,paced
pigs,0_2,37,0.9801,HIGH,visible,True,0.9893,0.9781,0.9536,1.0,0.4667,True,0.0029,0.9713,False,True,True,True,False,paced
pigs,0_2,38,0.978,HIGH,visible,True,0.9886,0.9715,0.9525,1.0,0.4711,True,0.0003,0.9758,False,True,True,True,False,paced
pigs,0_2,39,0.9786,HIGH,visible,True,0.9861,0.9782,0.9506,1.0,0.4482,True,0.0004,0.9817,False,True,True,True,False,paced
pigs,0_2,40,0.9805,HIGH,visible,True,0.9836,0.9873,0.952,1.0,0.4539,True,0.0001,0.9747,False,True,True,True,False,merged
pigs,0_2,41,0.9812,HIGH,visible,True,0.9844,0.9897,0.9602,0.9908,0.4534,True,0.0002,0.9699,False,True,True,True,False,paced
pigs,0_2,42,0.976,HIGH,visible,True,0.9857,0.9849,0.9347,1.0,0.4065,True,0.0014,0.96,False,True,True,True,False,paced
pigs,0_2,43,0.9774,HIGH,visible,True,0.9763,0.9904,0.9436,1.0,0.4735,True,0.0026,0.9534,False,True,True,True,False,paced
pigs,0_2,44,0.9663,HIGH,visible,True,0.9721,0.959,0.9351,1.0,0.4705,True,0.0007,0.9677,False,True,True,True,False,paced
pigs,0_2,45,0.9381,HIGH,visible,True,0.9703,0.925,0.8629,1.0,0.4711,True,0.0196,0.9505,False,True,True,True,False,evicted
pigs,0_2,46,0.9413,HIGH,visible,True,0.9769,0.9475,0.8481,1.0,0.445,True,0.0237,0.9513,False,True,True,True,False,paced
pigs,0_2,47,0.9364,HIGH,visible,True,0.9724,0.9637,0.8207,1.0,0.4219,True,0.023,0.9473,False,True,True,True,False,paced
pigs,0_2,48,0.9271,HIGH,visible,True,0.9669,0.9694,0.7883,1.0,0.3904,True,0.0169,0.9535,False,True,True,True,False,paced
pigs,0_2,49,0.929,HIGH,visible,True,0.9698,0.9857,0.7792,1.0,0.3505,True,0.0075,0.9658,False,True,True,True,False,paced
pigs,0_2,50,0.9298,HIGH,visible,True,0.9948,0.9742,0.771,1.0,0.333,True,0.0064,0.9668,False,True,True,True,False,evicted
pigs,0_2,51,0.9408,HIGH,visible,True,0.9734,0.9964,0.8076,1.0,0.3572,True,0.0069,0.9625,False,True,True,True,False,paced
pigs,0_2,52,0.9345,HIGH,visible,True,0.9727,0.9884,0.7933,1.0,0.3452,True,0.0022,0.967,False,True,True,True,False,paced
pigs,0_2,53,0.9311,HIGH,visible,True,0.9795,0.9893,0.7756,1.0,0.3475,True,0.0011,0.9665,False,True,True,True,False,paced
pigs,0_2,54,0.9284,HIGH,visible,True,0.9804,0.9962,0.7608,0.9999,0.3129,True,0.0024,0.9674,False,True,True,True,False,paced
pigs,0_2,55,0.9197,MEDIUM,visible,True,0.9782,0.9947,0.7354,1.0,0.2949,True,0.0008,0.9671,False,True,True,True,False,evicted
pigs,0_2,56,0.9415,HIGH,visible,True,0.9758,0.9936,0.8105,1.0,0.3684,True,0.0006,0.9678,False,True,True,True,False,paced
pigs,0_2,57,0.9272,HIGH,visible,True,0.9714,0.9891,0.7704,0.9985,0.3219,True,0.0003,0.9651,False,True,True,True,False,paced
pigs,0_2,58,0.9257,HIGH,visible,True,0.9623,0.9804,0.7782,1.0,0.3091,True,0.0116,0.951,False,True,True,True,False,paced
pigs,0_2,59,0.9348,HIGH,visible,True,0.9666,0.9866,0.8008,1.0,0.289,True,0.0068,0.9522,False,True,True,True,False,paced
pigs,0_2,60,0.9139,MEDIUM,visible,True,0.9683,0.9729,0.7556,0.9798,0.2588,True,0.0011,0.9652,False,True,True,True,False,evicted
pigs,0_2,61,0.9455,HIGH,visible,True,0.9762,0.9918,0.8253,1.0,0.2945,True,0.0011,0.9684,False,True,True,True,False,paced
pigs,0_2,62,0.9434,HIGH,visible,True,0.982,0.9938,0.8116,1.0,0.2812,True,0.0007,0.9697,False,True,True,True,False,paced
pigs,0_2,63,0.9364,HIGH,visible,True,0.985,0.9988,0.788,0.9917,0.2679,True,0.0047,0.9702,False,True,True,True,False,paced
pigs,0_2,64,0.9283,HIGH,visible,True,0.9848,0.996,0.7827,0.9674,0.2528,True,0.0064,0.9678,False,True,True,True,False,paced
pigs,0_2,65,0.9353,HIGH,visible,True,0.9786,0.9936,0.7922,0.9936,0.2567,True,0.0078,0.962,False,True,True,True,False,evicted
pigs,0_2,66,0.94,HIGH,visible,True,0.976,0.9833,0.8251,0.986,0.3073,True,0.0084,0.9645,False,True,True,True,False,paced
pigs,0_2,67,0.9368,HIGH,visible,True,0.9795,0.991,0.8075,0.9827,0.277,True,0.0046,0.9655,False,True,True,True,False,paced
pigs,0_2,68,0.9317,HIGH,visible,True,0.983,0.9909,0.7736,1.0,0.2617,True,0.0048,0.9666,False,True,True,True,False,paced
pigs,0_2,69,0.9343,HIGH,visible,True,0.9867,0.9945,0.7765,1.0,0.2611,True,0.0064,0.9638,False,True,True,True,False,paced
pigs,0_2,70,0.9304,HIGH,visible,True,0.9856,0.9961,0.7633,1.0,0.2412,True,0.0063,0.9643,False,True,True,True,False,evicted
pigs,0_2,71,0.9396,HIGH,visible,True,0.9871,0.9892,0.7983,1.0,0.2821,True,0.0031,0.9604,False,True,True,True,False,paced
pigs,0_2,72,0.9381,HIGH,visible,True,0.988,0.9895,0.7922,1.0,0.263,True,0.0032,0.9585,False,True,True,True,False,paced
pigs,0_2,73,0.9426,HIGH,visible,True,0.9792,0.9857,0.8181,1.0,0.2837,True,0.0054,0.9477,False,True,True,True,False,paced
pigs,0_2,74,0.9363,HIGH,visible,True,0.9831,0.9874,0.7916,1.0,0.2626,True,0.0052,0.9512,False,True,True,True,False,paced
pigs,0_2,75,0.9403,HIGH,visible,True,0.9937,0.9935,0.7918,1.0,0.265,True,0.0054,0.9515,False,True,True,True,False,merged
pigs,0_2,76,0.9337,HIGH,visible,True,0.985,0.9894,0.7797,1.0,0.2628,True,0.0034,0.9518,False,True,True,True,False,paced
pigs,0_2,77,0.9419,HIGH,visible,True,0.9865,0.9967,0.8004,1.0,0.2816,True,0.0046,0.9494,False,True,True,True,False,paced
pigs,0_3,1,0.9836,HIGH,visible,True,0.9863,0.9838,0.9796,0.9849,0.4959,True,0.9569,0.0069,True,False,False,False,False,paced
pigs,0_3,2,0.9782,HIGH,visible,True,0.9856,0.9928,0.9659,0.9687,0.481,True,0.9527,0.0089,True,False,False,False,False,paced
pigs,0_3,3,0.9777,HIGH,visible,True,0.9852,0.9935,0.9516,0.9811,0.4464,True,0.9484,0.0099,True,False,False,False,False,paced
pigs,0_3,4,0.975,HIGH,visible,True,0.9847,0.9986,0.9405,0.9773,0.4849,True,0.9443,0.0113,True,False,False,False,False,paced
pigs,0_3,5,0.9647,HIGH,visible,True,0.9829,0.9952,0.9163,0.9661,0.46,True,0.9343,0.0127,True,False,False,False,False,added
pigs,0_3,6,0.9625,HIGH,visible,True,0.9709,0.9734,0.9519,0.9542,0.4669,True,0.9309,0.0142,True,False,False,False,False,paced
pigs,0_3,7,0.9725,HIGH,visible,True,0.9764,0.993,0.9436,0.9779,0.4993,True,0.9416,0.0115,True,False,False,False,False,paced
pigs,0_3,8,0.9602,HIGH,visible,True,0.9723,0.9723,0.9523,0.9443,0.473,True,0.9468,0.0109,True,False,False,False,False,paced
pigs,0_3,9,0.9646,HIGH,visible,True,0.9713,0.9814,0.9445,0.9615,0.4577,True,0.9486,0.007,True,False,False,False,False,paced
pigs,0_3,10,0.9627,HIGH,visible,True,0.9736,0.9836,0.934,0.9604,0.4276,True,0.9451,0.0091,True,False,False,False,False,added
pigs,0_3,11,0.9761,HIGH,visible,True,0.9785,0.9889,0.9558,0.9816,0.4997,True,0.9445,0.0133,True,False,False,False,False,paced
pigs,0_3,12,0.9795,HIGH,visible,True,0.9853,0.9951,0.9432,0.9954,0.4538,True,0.9398,0.0168,True,False,False,False,False,paced
pigs,0_3,13,0.9796,HIGH,visible,True,0.9855,0.9954,0.9389,1.0,0.4633,True,0.9301,0.0229,True,False,False,False,False,paced
pigs,0_3,14,0.9676,HIGH,visible,True,0.9867,0.9913,0.8962,1.0,0.4357,True,0.9323,0.024,True,False,False,False,False,paced
pigs,0_3,15,0.9722,HIGH,visible,True,0.9843,0.9948,0.9124,1.0,0.4481,True,0.9362,0.0208,True,False,False,False,False,added
pigs,0_3,16,0.9733,HIGH,visible,True,0.9689,0.9799,0.9453,1.0,0.4578,True,0.9483,0.0059,True,False,False,False,False,paced
pigs,0_3,17,0.9739,HIGH,visible,True,0.979,0.9888,0.9428,0.9855,0.4227,True,0.9579,0.0008,True,False,False,False,False,paced
pigs,0_3,18,0.9767,HIGH,visible,True,0.9829,0.9967,0.9447,0.9834,0.4461,True,0.9612,0.0004,True,False,False,False,False,paced
pigs,0_3,19,0.9728,HIGH,visible,True,0.9856,0.9875,0.9416,0.9772,0.4533,True,0.9617,0.0005,True,False,False,False,False,paced
pigs,0_3,20,0.9759,HIGH,visible,True,0.9749,0.9782,0.951,1.0,0.4421,True,0.9501,0.0113,True,False,False,False,False,evicted
pigs,0_3,21,0.972,HIGH,visible,True,0.9821,0.9896,0.947,0.97,0.4811,True,0.9599,0.008,True,False,False,False,False,paced
pigs,0_3,22,0.9758,HIGH,visible,True,0.9793,0.9943,0.9514,0.9786,0.4637,True,0.9627,0.0072,True,False,False,False,False,paced
pigs,0_3,23,0.9708,HIGH,visible,True,0.9848,0.9866,0.9434,0.9691,0.4646,True,0.9645,0.0083,True,False,False,False,False,paced
pigs,0_3,24,0.9588,HIGH,visible,True,0.9712,0.9615,0.9356,0.9673,0.4393,True,0.9712,0.0007,True,False,False,False,False,paced
pigs,0_3,25,0.9719,HIGH,visible,True,0.9947,0.9943,0.9383,0.9613,0.4392,True,0.9706,0.0004,True,False,False,False,False,evicted
pigs,0_3,26,0.9755,HIGH,visible,True,0.9852,0.9989,0.9561,0.9626,0.4445,True,0.9692,0.0004,True,False,False,False,False,paced
pigs,0_3,27,0.9691,HIGH,visible,True,0.9829,0.9833,0.9362,0.9749,0.4392,True,0.9641,0.0001,True,False,False,False,False,paced
pigs,0_3,28,0.9754,HIGH,visible,True,0.9801,0.9822,0.9403,1.0,0.434,True,0.9583,0.0007,True,False,False,False,False,paced
pigs,0_3,29,0.9723,HIGH,visible,True,0.9789,0.9776,0.9416,0.9918,0.4701,True,0.9528,0.0005,True,False,False,False,False,paced
pigs,0_3,30,0.972,HIGH,visible,True,0.9794,0.9782,0.9462,0.9848,0.4649,True,0.957,0.0007,True,False,False,False,False,merged
pigs,0_3,31,0.9773,HIGH,visible,True,0.9792,0.9838,0.9469,1.0,0.4833,True,0.9603,0.0005,True,False,False,False,False,paced
pigs,0_3,32,0.9702,HIGH,visible,True,0.9792,0.9885,0.9155,1.0,0.4857,True,0.9605,0.0004,True,False,False,False,False,paced
pigs,0_3,33,0.9642,HIGH,visible,True,0.983,0.9836,0.894,1.0,0.4587,True,0.9645,0.0003,True,False,False,False,False,paced
pigs,0_3,34,0.9682,HIGH,visible,True,0.984,0.9944,0.901,0.9967,0.4381,True,0.9632,0.0029,True,False,False,False,False,paced
pigs,0_3,35,0.9748,HIGH,visible,True,0.9808,0.998,0.9231,0.9993,0.4691,True,0.9621,0.0051,True,False,False,False,False,evicted
pigs,0_3,36,0.9764,HIGH,visible,True,0.9831,0.9887,0.9529,0.9815,0.4786,True,0.9703,0.0048,True,False,False,False,False,paced
pigs,0_3,37,0.9802,HIGH,visible,True,0.9892,0.978,0.9541,1.0,0.4749,True,0.9713,0.0029,True,False,False,False,False,paced
pigs,0_3,38,0.9738,HIGH,visible,True,0.9886,0.9715,0.9525,0.9829,0.4855,True,0.9758,0.0003,True,False,False,False,False,paced
pigs,0_3,39,0.9714,HIGH,visible,True,0.9862,0.9782,0.9505,0.971,0.46,True,0.9817,0.0004,True,False,False,False,False,paced
pigs,0_3,40,0.9776,HIGH,visible,True,0.9835,0.9872,0.9518,0.9882,0.4645,True,0.9747,0.0001,True,False,False,False,False,merged
pigs,0_3,41,0.9634,HIGH,visible,True,0.9844,0.9898,0.9601,0.9209,0.4703,True,0.9699,0.0002,True,False,False,False,False,paced
pigs,0_3,42,0.9625,HIGH,visible,True,0.9857,0.9849,0.9349,0.9457,0.4241,True,0.96,0.0014,True,False,False,False,False,paced
pigs,0_3,43,0.9653,HIGH,visible,True,0.9764,0.9905,0.9422,0.9528,0.4867,True,0.9534,0.0026,True,False,False,False,False,paced
pigs,0_3,44,0.9574,HIGH,visible,True,0.972,0.9589,0.9348,0.9643,0.4832,True,0.9677,0.0007,True,False,False,False,False,paced
pigs,0_3,45,0.9337,HIGH,visible,True,0.9703,0.925,0.8623,0.9822,0.449,True,0.9506,0.0196,True,False,False,False,False,evicted
pigs,0_3,46,0.9363,HIGH,visible,True,0.9769,0.9475,0.8438,0.9841,0.4082,True,0.9513,0.0237,True,False,False,False,False,paced
pigs,0_3,47,0.9364,HIGH,visible,True,0.9724,0.9638,0.8203,1.0,0.3845,True,0.9473,0.023,True,False,False,False,False,paced
pigs,0_3,48,0.9267,HIGH,visible,True,0.9669,0.9693,0.7891,0.9972,0.3623,True,0.9535,0.0169,True,False,False,False,False,paced
pigs,0_3,49,0.9292,HIGH,visible,True,0.9698,0.9858,0.7797,1.0,0.324,True,0.9657,0.0075,True,False,False,False,False,paced
pigs,0_3,50,0.9299,HIGH,visible,True,0.9948,0.9741,0.7717,1.0,0.3048,True,0.9667,0.0064,True,False,False,False,False,evicted
pigs,0_3,51,0.939,HIGH,visible,True,0.9734,0.9963,0.8087,0.9913,0.3292,True,0.9622,0.0071,True,False,False,False,False,paced
pigs,0_3,52,0.9349,HIGH,visible,True,0.9726,0.9886,0.7946,1.0,0.3222,True,0.9669,0.0023,True,False,False,False,False,paced
pigs,0_3,53,0.928,HIGH,visible,True,0.9794,0.9893,0.7763,0.986,0.3192,True,0.9665,0.0012,True,False,False,False,False,paced
pigs,0_3,54,0.9248,HIGH,visible,True,0.9803,0.9962,0.7614,0.9836,0.2805,True,0.9673,0.0025,True,False,False,False,False,paced
pigs,0_3,55,0.9124,MEDIUM,visible,True,0.9782,0.9946,0.7368,0.9665,0.2717,True,0.967,0.0008,True,False,False,False,False,evicted
pigs,0_3,56,0.9296,HIGH,visible,True,0.9758,0.9936,0.8105,0.9501,0.344,True,0.9678,0.0006,True,False,False,False,False,paced
pigs,0_3,57,0.9212,HIGH,visible,True,0.9714,0.9892,0.7712,0.9718,0.3002,True,0.9651,0.0003,True,False,False,False,False,paced
pigs,0_3,58,0.9258,HIGH,visible,True,0.9623,0.9804,0.7788,1.0,0.2784,True,0.9511,0.0116,True,False,False,False,False,paced
pigs,0_3,59,0.9266,HIGH,visible,True,0.9666,0.9867,0.8017,0.9639,0.2618,True,0.9522,0.0068,True,False,False,False,False,paced
pigs,0_3,60,0.9099,MEDIUM,visible,True,0.9683,0.9728,0.7561,0.9623,0.2259,True,0.9652,0.0011,True,False,False,False,False,evicted
pigs,0_3,61,0.9389,HIGH,visible,True,0.9762,0.9919,0.8252,0.9726,0.2568,True,0.9684,0.0011,True,False,False,False,False,paced
pigs,0_3,62,0.9317,HIGH,visible,True,0.982,0.9938,0.8114,0.9514,0.2392,True,0.9696,0.0007,True,False,False,False,False,paced
pigs,0_3,63,0.9328,HIGH,visible,True,0.985,0.999,0.7883,0.9761,0.223,True,0.9701,0.0048,True,False,False,False,False,paced
pigs,0_3,64,0.9225,HIGH,visible,True,0.9848,0.9958,0.7825,0.9438,0.2078,True,0.9679,0.0064,True,False,False,False,False,paced
pigs,0_3,65,0.9297,HIGH,visible,True,0.9786,0.9936,0.792,0.97,0.2144,True,0.962,0.0078,True,False,False,False,False,evicted
pigs,0_3,66,0.9404,HIGH,visible,True,0.976,0.9834,0.8251,0.9876,0.2684,True,0.9645,0.0084,True,False,False,False,False,paced
pigs,0_3,67,0.9322,HIGH,visible,True,0.9795,0.991,0.8071,0.9639,0.2315,True,0.9655,0.0046,True,False,False,False,False,paced
pigs,0_3,68,0.9316,HIGH,visible,True,0.983,0.991,0.7732,1.0,0.2181,True,0.9666,0.0048,True,False,False,False,False,paced
pigs,0_3,69,0.9318,HIGH,visible,True,0.9867,0.9945,0.7762,0.9899,0.2203,True,0.9638,0.0064,True,False,False,False,False,paced
pigs,0_3,70,0.9307,HIGH,visible,True,0.9856,0.9961,0.7644,1.0,0.2017,True,0.9644,0.0063,True,False,False,False,False,evicted
pigs,0_3,71,0.9323,HIGH,visible,True,0.9871,0.9893,0.7982,0.9692,0.2408,True,0.9604,0.0031,True,False,False,False,False,paced
pigs,0_3,72,0.9299,HIGH,visible,True,0.988,0.9895,0.7922,0.9654,0.2206,True,0.9586,0.0031,True,False,False,False,False,paced
pigs,0_3,73,0.9384,HIGH,visible,True,0.9792,0.9856,0.8186,0.9816,0.234,True,0.9477,0.009,True,False,False,False,False,paced
pigs,0_3,74,0.922,HIGH,visible,True,0.9831,0.9874,0.7904,0.9416,0.2101,True,0.9513,0.0055,True,False,False,False,False,paced
pigs,0_3,75,0.9332,HIGH,visible,True,0.9937,0.9935,0.7914,0.9707,0.2138,True,0.9515,0.0057,True,False,False,False,False,merged
pigs,0_3,76,0.9252,HIGH,visible,True,0.985,0.9896,0.7811,0.9626,0.2158,True,0.9518,0.0042,True,False,False,False,False,paced
pigs,0_3,77,0.9354,HIGH,visible,True,0.9865,0.9968,0.8003,0.9727,0.232,True,0.9494,0.0055,True,False,False,False,False,paced
scooter-black,0_1,1,0.888,MEDIUM,visible,True,0.9069,0.7495,0.9148,1.0,0.3351,True,0.3752,0.2553,True,False,True,False,False,paced
scooter-black,0_1,2,0.9103,MEDIUM,visible,True,0.9259,0.8634,0.8588,1.0,0.4189,True,0.4133,0.2313,True,False,True,False,False,paced
scooter-black,0_1,3,0.9168,MEDIUM,visible,True,0.9137,0.8858,0.8729,1.0,0.2886,True,0.4309,0.2288,True,False,True,False,False,paced
scooter-black,0_1,4,0.9144,MEDIUM,visible,True,0.9386,0.9607,0.8626,0.8987,0.3452,True,0.4541,0.2104,True,False,True,False,False,paced
scooter-black,0_1,5,0.8908,MEDIUM,visible,True,0.9235,0.8732,0.8397,0.9299,0.3159,True,0.4572,0.2114,True,False,True,False,False,added
scooter-black,0_1,6,0.9217,HIGH,visible,True,0.9373,0.8758,0.9272,0.9483,0.3234,True,0.4585,0.2097,True,False,True,False,False,paced
scooter-black,0_1,7,0.952,HIGH,visible,True,0.9459,0.9781,0.8878,1.0,0.3462,True,0.488,0.1906,True,False,True,False,False,paced
scooter-black,0_1,8,0.9362,HIGH,visible,True,0.9313,0.9333,0.8838,1.0,0.3384,True,0.5187,0.1729,True,False,False,False,False,paced
scooter-black,0_1,9,0.9302,HIGH,visible,True,0.9347,0.9137,0.8767,1.0,0.3059,True,0.5355,0.1576,True,False,False,False,False,paced
scooter-black,0_1,10,0.9198,MEDIUM,visible,True,0.898,0.9089,0.877,1.0,0.3014,True,0.5076,0.1841,True,False,False,False,False,added
scooter-black,0_1,11,0.9283,HIGH,visible,True,0.9168,0.9269,0.8737,1.0,0.3705,True,0.567,0.1466,True,False,False,False,False,paced
scooter-black,0_1,12,0.9455,HIGH,visible,True,0.9399,0.9825,0.8655,1.0,0.2823,True,0.5702,0.1434,True,False,False,False,False,paced
scooter-black,0_1,13,0.936,HIGH,visible,True,0.9191,0.9638,0.8664,1.0,0.2789,True,0.5434,0.1633,True,False,False,False,False,paced
scooter-black,0_1,14,0.9174,MEDIUM,visible,True,0.928,0.9191,0.8305,1.0,0.2313,True,0.563,0.1476,True,False,False,False,False,paced
scooter-black,0_1,15,0.8401,MEDIUM,visible,True,0.8257,0.7928,0.7607,1.0,0.004,True,0.4253,0.2534,True,False,True,False,False,added
scooter-black,0_1,16,0.8424,MEDIUM,visible,True,0.8408,0.7095,0.844,1.0,0.2558,True,0.5785,0.1371,True,False,False,False,False,paced
scooter-black,0_1,17,0.8423,MEDIUM,visible,True,0.8218,0.7849,0.7804,1.0,0.0818,True,0.4142,0.2538,True,False,True,False,False,paced
scooter-black,0_1,18,0.721,LOW,visible,True,0.7591,0.5109,0.6968,1.0,0.3552,True,0.8361,0.0234,True,False,False,False,False,paced
scooter-black,0_1,19,0.869,MEDIUM,visible,True,0.9358,0.919,0.6632,1.0,0.3652,True,0.8505,0.0182,True,False,False,False,False,paced
scooter-black,0_1,20,0.8695,MEDIUM,visible,True,0.927,0.9359,0.6587,1.0,0.3389,True,0.8555,0.0137,True,False,False,False,False,evicted
scooter-black,0_1,21,0.8742,MEDIUM,visible,True,0.9537,0.9271,0.6748,0.9786,0.3799,True,0.9055,0.0099,True,False,False,False,False,paced
scooter-black,0_1,22,0.901,MEDIUM,visible,True,0.9454,0.9883,0.7076,0.997,0.399,True,0.8936,0.007,True,False,False,False,False,paced
scooter-black,0_1,23,0.8612,MEDIUM,visible,True,0.9417,0.9265,0.6667,0.9457,0.3735,True,0.8991,0.0075,True,False,False,False,False,paced
scooter-black,0_1,24,0.8736,MEDIUM,visible,True,0.9491,0.9417,0.6894,0.9454,0.383,True,0.9124,0.0045,True,False,False,False,False,paced
scooter-black,0_1,25,0.8618,MEDIUM,visible,True,0.9381,0.8939,0.7028,0.9359,0.3907,True,0.9102,0.0058,True,False,False,False,False,evicted
scooter-black,0_1,26,0.8792,MEDIUM,visible,True,0.9436,0.8892,0.7437,0.9577,0.4859,True,0.9182,0.0074,True,False,False,False,False,paced
scooter-black,0_1,27,0.8827,MEDIUM,visible,True,0.9504,0.9092,0.7505,0.9363,0.4819,True,0.9165,0.007,True,False,False,False,False,paced
scooter-black,0_1,28,0.8637,MEDIUM,visible,True,0.9469,0.8714,0.7121,0.9472,0.4585,True,0.9026,0.0056,True,False,False,False,False,paced
scooter-black,0_1,29,0.8502,MEDIUM,visible,True,0.9386,0.8653,0.7063,0.911,0.4673,True,0.9169,0.0072,True,False,False,False,False,paced
scooter-black,0_1,30,0.8591,MEDIUM,visible,True,0.96,0.8862,0.6807,0.9406,0.4646,True,0.9156,0.0053,True,False,False,False,False,evicted
scooter-black,0_1,31,0.8939,MEDIUM,visible,True,0.9542,0.8871,0.7961,0.9476,0.5779,True,0.9182,0.0038,True,False,False,False,False,paced
scooter-black,0_1,32,0.8733,MEDIUM,visible,True,0.9543,0.8287,0.7834,0.9388,0.5634,True,0.9334,0.0045,True,False,False,False,False,paced
scooter-black,0_1,33,0.8788,MEDIUM,visible,True,0.9629,0.8493,0.7656,0.9527,0.5769,True,0.9382,0.0042,True,False,False,False,False,paced
scooter-black,0_1,34,0.8955,MEDIUM,visible,True,0.9674,0.9241,0.754,0.954,0.5756,True,0.9456,0.0038,True,False,False,False,False,paced
scooter-black,0_1,35,0.8948,MEDIUM,visible,True,0.9694,0.9342,0.7463,0.9485,0.5586,True,0.9374,0.0041,True,False,False,False,False,evicted
scooter-black,0_1,36,0.933,HIGH,visible,True,0.9753,0.9717,0.8167,0.9791,0.6146,True,0.9375,0.003,True,False,False,False,False,paced
scooter-black,0_1,37,0.9246,HIGH,visible,True,0.9689,0.977,0.812,0.951,0.6093,True,0.9358,0.0027,True,False,False,False,False,paced
scooter-black,0_1,38,0.9203,HIGH,visible,True,0.9727,0.9784,0.7939,0.9493,0.6066,True,0.916,0.0028,True,False,False,False,False,paced
scooter-black,0_1,39,0.9135,MEDIUM,visible,True,0.9686,0.9788,0.7707,0.9532,0.6113,True,0.9316,0.0023,True,False,False,False,False,paced
scooter-black,0_1,40,0.9155,MEDIUM,visible,True,0.9638,0.9711,0.7849,0.9562,0.6059,True,0.927,0.0026,True,False,False,False,False,evicted
scooter-black,0_1,41,0.8897,MEDIUM,visible,True,0.9633,0.8792,0.7942,0.9317,0.6447,True,0.9415,0.0021,True,False,False,False,False,paced
scooter-black,0_2,1,0.9303,HIGH,visible,True,0.9321,0.8485,0.9471,1.0,0.2556,True,0.7336,0.1202,True,False,False,False,False,paced
scooter-black,0_2,2,0.9373,HIGH,visible,True,0.9689,0.8475,0.9397,1.0,0.2322,True,0.7487,0.1318,True,False,False,False,False,paced
scooter-black,0_2,3,0.9448,HIGH,visible,True,0.9653,0.9497,0.8691,1.0,0.2532,True,0.7342,0.138,True,False,False,False,False,paced
scooter-black,0_2,4,0.9557,HIGH,visible,True,0.9634,0.9309,0.9302,1.0,0.2363,True,0.7393,0.1283,True,False,False,False,False,paced
scooter-black,0_2,5,0.9594,HIGH,visible,True,0.9616,0.9375,0.9397,1.0,0.2413,True,0.7393,0.138,True,False,False,False,False,added
scooter-black,0_2,6,0.9663,HIGH,visible,True,0.9689,0.9378,0.9597,1.0,0.2926,True,0.7335,0.1439,True,False,False,False,False,paced
scooter-black,0_2,7,0.9664,HIGH,visible,True,0.9662,0.9485,0.9519,1.0,0.2263,True,0.729,0.1468,True,False,False,False,False,paced
scooter-black,0_2,8,0.9702,HIGH,visible,True,0.9671,0.9895,0.9258,1.0,0.2018,True,0.7227,0.1526,True,False,False,False,False,paced
scooter-black,0_2,9,0.9658,HIGH,visible,True,0.96,0.9657,0.9386,1.0,0.2194,True,0.7148,0.1536,True,False,False,False,False,paced
scooter-black,0_2,10,0.9587,HIGH,visible,True,0.9597,0.9887,0.8905,1.0,0.1653,True,0.7197,0.1623,True,False,False,False,False,added
scooter-black,0_2,11,0.9721,HIGH,visible,True,0.9614,0.9875,0.9404,1.0,0.2215,True,0.7219,0.1604,True,False,False,False,False,paced
scooter-black,0_2,12,0.9619,HIGH,visible,True,0.9635,0.979,0.9076,1.0,0.1808,True,0.7236,0.1698,True,False,False,False,False,paced
scooter-black,0_2,13,0.9026,MEDIUM,visible,True,0.9041,0.8127,0.9033,1.0,0.1547,True,0.7613,0.2038,True,False,False,False,False,paced
scooter-black,0_2,14,0.9389,HIGH,visible,True,0.9564,0.9401,0.8642,1.0,0.1136,True,0.7544,0.2078,True,False,False,False,False,paced
scooter-black,0_2,15,0.9435,HIGH,visible,True,0.9624,0.9459,0.8704,1.0,0.1173,True,0.7502,0.2083,True,False,False,False,False,added
scooter-black,0_2,16,0.9494,HIGH,visible,True,0.9548,0.9602,0.886,1.0,0.1474,True,0.7492,0.2077,True,False,False,False,False,paced
scooter-black,0_2,17,0.9384,HIGH,visible,True,0.9618,0.9097,0.8863,1.0,0.1498,True,0.7459,0.208,True,False,False,False,False,paced
scooter-black,0_2,18,0.9341,HIGH,visible,True,0.9595,0.9254,0.8573,1.0,0.1302,True,0.7522,0.2062,True,False,False,False,False,paced
scooter-black,0_2,19,0.9353,HIGH,visible,True,0.9575,0.9444,0.8462,1.0,0.1474,True,0.7461,0.2123,True,False,False,False,False,paced
scooter-black,0_2,20,0.9424,HIGH,visible,True,0.9552,0.9744,0.8473,1.0,0.1575,True,0.746,0.2104,True,False,False,False,False,evicted
scooter-black,0_2,21,0.963,HIGH,visible,True,0.9604,0.9902,0.9043,1.0,0.2115,True,0.7441,0.2102,True,False,False,False,False,paced
scooter-black,0_2,22,0.9625,HIGH,visible,True,0.9581,0.9737,0.92,1.0,0.2114,True,0.7326,0.2161,True,False,False,False,False,paced
scooter-black,0_2,23,0.9555,HIGH,visible,True,0.9515,0.9737,0.8998,1.0,0.2153,True,0.7404,0.2162,True,False,False,False,False,paced
scooter-black,0_2,24,0.9459,HIGH,visible,True,0.9512,0.9723,0.8654,1.0,0.2016,True,0.7475,0.22,True,False,False,False,False,paced
scooter-black,0_2,25,0.9438,HIGH,visible,True,0.9546,0.9588,0.867,1.0,0.2099,True,0.7431,0.2205,True,False,False,False,False,merged
scooter-black,0_2,26,0.9352,HIGH,visible,True,0.9559,0.9538,0.8391,1.0,0.185,True,0.7348,0.222,True,False,False,False,False,paced
scooter-black,0_2,27,0.9374,HIGH,visible,True,0.9584,0.9713,0.8296,1.0,0.1688,True,0.7417,0.2213,True,False,False,False,False,paced
scooter-black,0_2,28,0.9306,HIGH,visible,True,0.9569,0.9392,0.8347,1.0,0.1727,True,0.7357,0.2222,True,False,False,False,False,paced
scooter-black,0_2,29,0.9277,HIGH,visible,True,0.9555,0.948,0.8177,1.0,0.1977,True,0.7262,0.2309,True,False,False,False,False,paced
scooter-black,0_2,30,0.9302,HIGH,visible,True,0.959,0.9576,0.8154,1.0,0.1935,True,0.7226,0.2359,True,False,False,False,False,merged
scooter-black,0_2,31,0.93,HIGH,visible,True,0.9634,0.9466,0.8203,1.0,0.1984,True,0.7163,0.2383,True,False,False,False,False,paced
scooter-black,0_2,32,0.9103,MEDIUM,visible,True,0.9634,0.926,0.7695,1.0,0.1774,True,0.7197,0.238,True,False,False,False,False,paced
scooter-black,0_2,33,0.9218,HIGH,visible,True,0.9686,0.9275,0.8038,1.0,0.2057,True,0.7137,0.2395,True,False,False,False,False,paced
scooter-black,0_2,34,0.9208,HIGH,visible,True,0.9673,0.9737,0.7634,1.0,0.1722,True,0.7102,0.2442,True,False,False,False,False,paced
scooter-black,0_2,35,0.9195,MEDIUM,visible,True,0.9712,0.9776,0.753,1.0,0.1621,True,0.7092,0.2421,True,False,False,False,False,merged
scooter-black,0_2,36,0.9208,HIGH,visible,True,0.9705,0.9735,0.761,1.0,0.1962,True,0.7065,0.2452,True,False,False,False,False,paced
scooter-black,0_2,37,0.9126,MEDIUM,visible,True,0.9707,0.9685,0.7378,1.0,0.1759,True,0.7028,0.2497,True,False,False,False,False,paced
scooter-black,0_2,38,0.9169,MEDIUM,visible,True,0.9672,0.9779,0.7471,1.0,0.1884,True,0.7107,0.2463,True,False,False,False,False,paced
scooter-black,0_2,39,0.9179,MEDIUM,visible,True,0.9628,0.9885,0.7458,1.0,0.2026,True,0.7127,0.2459,True,False,False,False,False,paced
scooter-black,0_2,40,0.9104,MEDIUM,visible,True,0.9579,0.9734,0.7366,1.0,0.1916,True,0.709,0.2491,True,False,False,False,False,merged
scooter-black,0_2,41,0.9096,MEDIUM,visible,True,0.9582,0.9401,0.76,1.0,0.1903,True,0.7103,0.2538,True,False,False,False,False,paced
shooting,0_1,1,0.8169,MEDIUM,visible,True,0.7784,0.872,0.6745,0.9726,0.4121,True,0.6009,0.0014,True,False,False,False,False,paced
shooting,0_1,2,0.8244,MEDIUM,visible,True,0.893,0.8855,0.5841,1.0,0.2975,True,0.5612,0.0011,True,False,False,False,False,paced
shooting,0_1,3,0.8445,MEDIUM,visible,True,0.8969,0.7336,0.7731,1.0,0.475,True,0.5522,0.0014,True,False,False,False,False,paced
shooting,0_1,4,0.843,MEDIUM,visible,True,0.9038,0.8841,0.6319,1.0,0.329,True,0.6053,0.0028,True,False,False,False,False,paced
shooting,0_1,5,0.8157,MEDIUM,visible,True,0.8857,0.7756,0.6739,0.9561,0.4063,True,0.5851,0.0017,True,False,False,False,False,added
shooting,0_1,6,0.819,MEDIUM,visible,True,0.887,0.7717,0.6864,0.9576,0.4176,True,0.5938,0.0007,True,False,False,False,False,paced
shooting,0_1,7,0.8385,MEDIUM,visible,True,0.866,0.8608,0.7092,0.9351,0.5733,True,0.5603,0.0004,True,False,False,False,False,paced
shooting,0_1,8,0.8812,MEDIUM,visible,True,0.8778,0.929,0.7394,1.0,0.4178,True,0.5926,0.0,True,False,False,False,False,paced
shooting,0_1,9,0.8822,MEDIUM,visible,True,0.9273,0.8616,0.7759,0.9772,0.4445,True,0.5924,0.0003,True,False,False,False,False,paced
shooting,0_1,10,0.8524,MEDIUM,visible,True,0.8822,0.8327,0.7582,0.948,0.6144,True,0.5647,0.0001,True,False,False,False,False,added
shooting,0_1,11,0.7637,LOW,visible,True,0.869,0.57,0.6868,1.0,0.5449,True,0.4834,0.0019,True,False,True,False,False,paced
shooting,0_1,12,0.702,LOW,visible,True,0.7759,0.4857,0.6787,0.9497,0.4532,True,0.3802,0.0173,True,False,True,False,False,paced
shooting,0_1,13,0.6691,LOW,visible,True,0.7232,0.4231,0.6551,1.0,0.3335,True,0.6897,0.0132,True,False,False,False,False,paced
shooting,0_1,14,0.7546,LOW,visible,True,0.8019,0.6095,0.6692,0.9916,0.4759,True,0.7309,0.0153,True,False,False,False,False,paced
shooting,0_1,15,0.7896,LOW,visible,True,0.8162,0.8144,0.5899,0.9912,0.269,True,0.8265,0.0005,True,False,False,False,False,added
shooting,0_1,16,0.8068,LOW,visible,True,0.8578,0.8148,0.6346,0.9552,0.3449,True,0.8333,0.0,True,False,False,False,False,paced
shooting,0_1,17,0.7524,LOW,visible,True,0.8339,0.611,0.6763,0.93,0.4141,True,0.8818,0.0,True,False,False,False,False,truncated
shooting,0_1,18,0.6831,LOW,visible,True,0.871,0.706,0.3541,1.0,0.2143,True,0.8979,0.0,True,False,False,False,False,low_similarity
shooting,0_1,19,0.7901,LOW,visible,True,0.9175,0.7839,0.5593,0.9688,0.4249,True,0.9059,0.0,True,False,False,False,False,paced
shooting,0_1,20,0.6769,LOW,visible,True,0.7081,0.6575,0.4543,0.9925,0.3586,True,0.3593,0.0,True,False,True,False,False,truncated
shooting,0_1,21,0.5503,LOW,visible,True,0.6818,0.2828,0.4756,1.0,0.3384,True,0.9252,0.0,True,False,False,False,False,low_similarity
shooting,0_1,22,0.587,LOW,visible,True,0.6442,0.5958,0.3516,0.8798,0.3304,True,0.2877,0.0,True,False,True,False,False,truncated
shooting,0_1,23,0.6319,LOW,visible,True,0.8414,0.6718,0.3093,0.9122,0.2985,True,0.3305,0.0025,True,False,True,False,False,low_similarity
shooting,0_1,24,0.6099,LOW,visible,True,0.6303,0.3308,0.6833,0.971,0.5757,True,0.8968,0.0007,True,False,False,False,False,evicted
shooting,0_1,25,0.5767,LOW,visible,True,0.6714,0.3835,0.4294,1.0,0.4188,True,0.6068,0.0,True,False,False,False,False,low_similarity
shooting,0_1,26,0.6156,LOW,visible,True,0.7701,0.3993,0.467,1.0,0.3468,True,0.9305,0.0,True,False,False,False,False,low_similarity
shooting,0_1,27,0.7648,LOW,visible,True,0.9072,0.7283,0.5178,1.0,0.3597,True,0.9299,0.0,True,False,False,False,False,paced
shooting,0_1,28,0.7589,LOW,visible,True,0.8652,0.7817,0.4904,1.0,0.2949,True,0.8961,0.0,True,False,False,False,False,low_similarity
shooting,0_1,29,0.7417,LOW,visible,True,0.8958,0.9418,0.3588,1.0,0.1382,True,0.9361,0.0,True,False,False,False,False,low_similarity
shooting,0_1,30,0.7156,LOW,visible,True,0.9496,0.9385,0.2942,1.0,0.1395,True,0.9341,0.0003,True,False,False,False,False,low_similarity
shooting,0_1,31,0.7215,LOW,visible,True,0.9519,0.9429,0.3019,1.0,0.1403,True,0.9233,0.0004,True,False,False,False,False,low_similarity
shooting,0_1,32,0.778,LOW,visible,True,0.941,0.9282,0.4195,1.0,0.2121,True,0.8964,0.001,True,False,False,False,False,low_similarity
shooting,0_1,33,0.7415,LOW,visible,True,0.9339,0.9919,0.3263,1.0,0.1466,True,0.8987,0.0022,True,False,False,False,False,low_similarity
shooting,0_1,34,0.7181,LOW,visible,True,0.9488,0.9575,0.2927,1.0,0.1598,True,0.8994,0.0018,True,False,False,False,False,low_similarity
shooting,0_1,35,0.7499,LOW,visible,True,0.926,0.945,0.3613,1.0,0.2286,True,0.9293,0.0006,True,False,False,False,False,low_similarity
shooting,0_1,36,0.7923,LOW,visible,True,0.9381,0.8754,0.4798,1.0,0.286,True,0.9219,0.0005,True,False,False,False,False,low_similarity
shooting,0_1,37,0.8773,MEDIUM,visible,True,0.9338,0.9077,0.6988,1.0,0.4962,True,0.9183,0.0002,True,False,False,False,False,evicted
shooting,0_1,38,0.8747,MEDIUM,visible,True,0.8995,0.8558,0.7605,1.0,0.5268,True,0.8749,0.0027,True,False,False,False,False,paced
shooting,0_2,1,0.8397,MEDIUM,visible,True,0.8496,0.8603,0.7032,0.9673,,True,0.7384,0.0588,True,False,False,False,False,paced
shooting,0_2,2,0.8498,MEDIUM,visible,True,0.8712,0.8742,0.7081,0.967,,True,0.784,0.0173,True,False,False,False,False,paced
shooting,0_2,3,0.8423,MEDIUM,visible,True,0.8399,0.8278,0.7301,0.9918,,True,0.8245,0.0134,True,False,False,False,False,paced
shooting,0_2,4,0.9163,MEDIUM,visible,True,0.9206,0.9604,0.7972,1.0,,True,0.8225,0.0141,True,False,False,False,False,paced
shooting,0_2,5,0.8314,MEDIUM,visible,True,0.8578,0.8447,0.6798,0.97,,True,0.7764,0.0155,True,False,False,False,False,added
shooting,0_2,6,0.8472,MEDIUM,visible,True,0.8083,0.8314,0.7848,0.9766,,True,0.8717,0.0153,True,False,False,False,False,paced
shooting,0_2,7,0.9159,MEDIUM,visible,True,0.9108,0.9333,0.8403,0.9854,,True,0.8542,0.0144,True,False,False,False,False,paced
shooting,0_2,8,0.9119,MEDIUM,visible,True,0.8964,0.9363,0.8502,0.9692,,True,0.8523,0.0044,True,False,False,False,False,paced
shooting,0_2,9,0.9215,HIGH,visible,True,0.904,0.9575,0.8329,1.0,,True,0.8759,0.0078,True,False,False,False,False,paced
shooting,0_2,10,0.9176,MEDIUM,visible,True,0.9039,0.9876,0.8459,0.9387,,True,0.8371,0.0109,True,False,False,False,False,added
shooting,0_2,11,0.8708,MEDIUM,visible,True,0.7968,0.9124,0.8179,0.9668,,True,0.8682,0.024,True,False,False,False,False,paced
shooting,0_2,12,0.8326,MEDIUM,visible,True,0.7994,0.9539,0.7084,0.8896,,True,0.7613,0.0444,True,False,False,False,False,paced
shooting,0_2,13,0.8223,MEDIUM,visible,True,0.7898,0.726,0.8215,0.9706,,True,0.7927,0.1331,True,False,False,False,False,paced
shooting,0_2,14,0.8821,MEDIUM,visible,True,0.9042,0.8501,0.7963,0.9893,,True,0.7755,0.1555,True,False,False,False,False,paced
shooting,0_2,15,0.846,MEDIUM,visible,True,0.789,0.8388,0.8025,0.9647,,True,0.8925,0.0017,True,False,False,False,False,added
shooting,0_2,16,0.8993,MEDIUM,visible,True,0.9146,0.8645,0.834,0.9918,,True,0.9379,0.014,True,False,False,False,False,paced
shooting,0_2,17,0.9084,MEDIUM,visible,True,0.9245,0.9346,0.8138,0.9682,,True,0.9391,0.002,True,False,False,False,False,paced
shooting,0_2,18,0.9189,MEDIUM,visible,True,0.9188,0.9767,0.8134,0.977,,True,0.9389,0.0013,True,False,False,False,False,paced
shooting,0_2,19,0.9001,MEDIUM,visible,True,0.9095,0.9082,0.8088,0.9824,,True,0.8983,0.0404,True,False,False,False,False,paced
shooting,0_2,20,0.9139,MEDIUM,visible,True,0.9396,0.971,0.8006,0.955,,True,0.8917,0.051,True,False,False,False,False,evicted
shooting,0_2,21,0.9191,MEDIUM,visible,True,0.946,0.9723,0.8102,0.9575,,True,0.8737,0.0658,True,False,False,False,False,paced
shooting,0_2,22,0.8984,MEDIUM,visible,True,0.9551,0.9384,0.8137,0.8933,,True,0.8715,0.0695,True,False,False,False,False,paced
shooting,0_2,23,0.8592,MEDIUM,visible,True,0.9376,0.933,0.7066,0.8817,,True,0.8678,0.0751,True,False,False,False,False,paced
shooting,0_2,24,0.902,MEDIUM,visible,True,0.9486,0.9206,0.8023,0.945,,True,0.8688,0.0815,True,False,False,False,False,paced
shooting,0_2,25,0.8287,MEDIUM,visible,True,0.8175,0.885,0.7112,0.9165,,True,0.8005,0.1608,True,False,False,False,False,evicted
shooting,0_2,26,0.7669,LOW,visible,True,0.7664,0.6217,0.7685,0.9445,,True,0.9523,0.0012,True,False,False,False,False,paced
shooting,0_2,27,0.8741,MEDIUM,visible,True,0.9434,0.9522,0.6934,0.9372,,True,0.9573,0.0006,True,False,False,False,False,paced
shooting,0_2,28,0.8681,MEDIUM,visible,True,0.9632,0.9669,0.6703,0.9097,,True,0.9505,0.0011,True,False,False,False,False,paced
shooting,0_2,29,0.8618,MEDIUM,visible,True,0.9521,0.9729,0.6453,0.9229,,True,0.9522,0.0007,True,False,False,False,False,paced
shooting,0_2,30,0.8342,MEDIUM,visible,True,0.9395,0.9825,0.5606,0.936,,True,0.9482,0.0004,True,False,False,False,False,evicted
shooting,0_2,31,0.8751,MEDIUM,visible,True,0.951,0.993,0.6704,0.9265,,True,0.9419,0.001,True,False,False,False,False,paced
shooting,0_2,32,0.8407,MEDIUM,visible,True,0.9487,0.9877,0.5776,0.9228,,True,0.9251,0.0002,True,False,False,False,False,paced
shooting,0_2,33,0.8652,MEDIUM,visible,True,0.9635,0.9289,0.703,0.8905,,True,0.9238,0.0001,True,False,False,False,False,paced
shooting,0_2,34,0.8192,MEDIUM,visible,True,0.9651,0.9175,0.5565,0.9141,,True,0.9261,0.0009,True,False,False,False,False,paced
shooting,0_2,35,0.8113,MEDIUM,visible,True,0.9668,0.9443,0.5579,0.8505,,True,0.9133,0.0,True,False,False,False,False,evicted
shooting,0_2,36,0.8384,MEDIUM,visible,True,0.9694,0.9537,0.6443,0.8294,,True,0.9265,0.0002,True,False,False,False,False,paced
shooting,0_2,37,0.846,MEDIUM,visible,True,0.9677,0.982,0.6549,0.823,,True,0.9267,0.0,True,False,False,False,False,paced
shooting,0_2,38,0.8308,MEDIUM,visible,True,0.9675,0.9592,0.6217,0.8256,,True,0.9246,0.0,True,False,False,False,False,paced
shooting,0_3,1,0.5711,LOW,visible,True,0.8053,0.1942,0.6802,1.0,0.3315,True,0.6349,0.0427,True,False,False,False,False,paced
shooting,0_3,2,0.8275,MEDIUM,visible,True,0.8718,0.7939,0.6774,1.0,0.3718,True,0.6189,0.033,True,False,False,False,False,paced
shooting,0_3,3,0.5318,LOW,visible,True,0.8417,0.1345,0.7062,1.0,0.4922,True,0.8886,0.0078,True,False,False,False,False,truncated
shooting,0_3,4,0.746,LOW,visible,True,0.9246,0.5203,0.6445,0.9989,0.4531,True,0.8794,0.006,True,False,False,False,False,paced
shooting,0_3,5,0.5519,LOW,visible,True,0.8203,0.1478,0.7657,1.0,0.4603,True,0.6862,0.0363,True,False,False,False,False,added
shooting,0_3,6,0.6433,LOW,visible,True,0.8716,0.2424,0.8105,1.0,0.3393,True,0.9169,0.0053,True,False,False,False,False,truncated
shooting,0_3,7,0.5981,LOW,visible,True,0.8025,0.2221,0.7177,1.0,0.219,True,0.6855,0.0149,True,False,False,False,False,paced
shooting,0_3,8,0.6371,LOW,visible,True,0.807,0.2676,0.7629,1.0,0.2708,True,0.9071,0.0073,True,False,False,False,False,truncated
shooting,0_3,9,0.8862,MEDIUM,visible,True,0.9339,0.8365,0.7893,1.0,0.2719,True,0.9098,0.0074,True,False,False,False,False,paced
shooting,0_3,10,0.9155,MEDIUM,visible,True,0.9301,0.9291,0.8128,1.0,0.3721,True,0.9158,0.0051,True,False,False,False,False,added
shooting,0_3,11,0.8964,MEDIUM,visible,True,0.9345,0.8427,0.8199,1.0,0.3803,True,0.9338,0.0043,True,False,False,False,False,paced
shooting,0_3,12,0.8702,MEDIUM,visible,True,0.9408,0.7875,0.7737,1.0,0.4451,True,0.9291,0.0059,True,False,False,False,False,paced
shooting,0_3,13,0.8441,MEDIUM,visible,True,0.9475,0.7422,0.7264,0.9938,0.4463,True,0.9431,0.0046,True,False,False,False,False,paced
shooting,0_3,14,0.8657,MEDIUM,visible,True,0.9652,0.7386,0.7879,1.0,0.4139,True,0.9403,0.0025,True,False,False,False,False,paced
shooting,0_3,15,0.872,MEDIUM,visible,True,0.9493,0.8007,0.7605,1.0,0.3218,True,0.9306,0.0016,True,False,False,False,False,added
shooting,0_3,16,0.8701,MEDIUM,visible,True,0.9565,0.8205,0.7364,0.9917,0.4279,True,0.9485,0.0029,True,False,False,False,False,paced
shooting,0_3,17,0.8571,MEDIUM,visible,True,0.9644,0.8559,0.6629,0.9865,0.4364,True,0.945,0.0031,True,False,False,False,False,paced
shooting,0_3,18,0.8829,MEDIUM,visible,True,0.9574,0.9053,0.7286,0.9623,0.5345,True,0.9246,0.0016,True,False,False,False,False,paced
shooting,0_3,19,0.8847,MEDIUM,visible,True,0.9687,0.9755,0.6484,1.0,0.5056,True,0.9431,0.0018,True,False,False,False,False,paced
shooting,0_3,20,0.8888,MEDIUM,visible,True,0.9649,0.9419,0.6924,0.9914,0.5432,True,0.9356,0.003,True,False,False,False,False,evicted
shooting,0_3,21,0.9079,MEDIUM,visible,True,0.9498,0.9115,0.8061,0.9735,0.573,True,0.9381,0.0026,True,False,False,False,False,paced
shooting,0_3,22,0.8628,MEDIUM,visible,True,0.9315,0.7518,0.8244,0.9599,0.5513,True,0.9108,0.0058,True,False,False,False,False,paced
shooting,0_3,23,0.8514,MEDIUM,visible,True,0.9448,0.6996,0.7951,1.0,0.3981,True,0.9222,0.0022,True,False,False,False,False,paced
shooting,0_3,24,0.8852,MEDIUM,visible,True,0.9456,0.7815,0.8307,1.0,0.4863,True,0.9191,0.0022,True,False,False,False,False,paced
shooting,0_3,25,0.8704,MEDIUM,visible,True,0.9329,0.7299,0.8427,1.0,0.4827,True,0.8961,0.0021,True,False,False,False,False,evicted
shooting,0_3,26,0.8808,MEDIUM,visible,True,0.9555,0.7701,0.8179,1.0,0.4898,True,0.9197,0.0032,True,False,False,False,False,paced
shooting,0_3,27,0.9317,HIGH,visible,True,0.9401,0.9749,0.8223,1.0,0.4999,True,0.8798,0.0056,True,False,False,False,False,paced
shooting,0_3,28,0.8806,MEDIUM,visible,True,0.9461,0.8118,0.7831,1.0,0.4329,True,0.8725,0.0085,True,False,False,False,False,paced
shooting,0_3,29,0.9152,MEDIUM,visible,True,0.9642,0.9137,0.7965,1.0,0.4528,True,0.887,0.0075,True,False,False,False,False,paced
shooting,0_3,30,0.9191,MEDIUM,visible,True,0.9683,0.9596,0.7681,1.0,0.4652,True,0.8974,0.0075,True,False,False,False,False,evicted
shooting,0_3,31,0.9257,HIGH,visible,True,0.963,0.9309,0.8193,1.0,0.4903,True,0.9145,0.0062,True,False,False,False,False,paced
shooting,0_3,32,0.9278,HIGH,visible,True,0.9648,0.9177,0.8367,1.0,0.4975,True,0.9228,0.0059,True,False,False,False,False,paced
shooting,0_3,33,0.9151,MEDIUM,visible,True,0.9629,0.8714,0.8356,1.0,0.509,True,0.9269,0.0047,True,False,False,False,False,paced
shooting,0_3,34,0.9034,MEDIUM,visible,True,0.9401,0.8657,0.8183,1.0,0.5703,True,0.8957,0.0069,True,False,False,False,False,paced
shooting,0_3,35,0.9029,MEDIUM,visible,True,0.959,0.8367,0.8284,1.0,0.5163,True,0.8725,0.0087,True,False,False,False,False,evicted
shooting,0_3,36,0.9078,MEDIUM,visible,True,0.9089,0.8762,0.8526,1.0,0.6404,True,0.8573,0.0072,True,False,False,False,False,paced
shooting,0_3,37,0.8892,MEDIUM,visible,True,0.9319,0.8786,0.7982,0.9567,0.6017,True,0.8418,0.0085,True,False,False,False,False,paced
shooting,0_3,38,0.8904,MEDIUM,visible,True,0.9408,0.8431,0.7923,1.0,0.5871,True,0.8406,0.0082,True,False,False,False,False,paced
soapbox,0_1,1,0.9663,HIGH,visible,True,0.9593,0.9338,0.9734,1.0,,True,0.6767,0.1714,True,False,False,False,False,paced
soapbox,0_1,2,0.9689,HIGH,visible,True,0.9591,0.9431,0.9742,1.0,,True,0.6908,0.1785,True,False,False,False,False,paced
soapbox,0_1,3,0.9715,HIGH,visible,True,0.9552,0.9768,0.9546,1.0,,True,0.6578,0.192,True,False,False,False,False,paced
soapbox,0_1,4,0.96,HIGH,visible,True,0.9645,0.9375,0.9435,0.9953,,True,0.6502,0.2065,True,False,False,False,False,paced
soapbox,0_1,5,0.9698,HIGH,visible,True,0.9641,0.9727,0.9432,1.0,,True,0.6583,0.2182,True,False,False,False,False,added
soapbox,0_1,6,0.9814,HIGH,visible,True,0.9643,0.9822,0.9793,1.0,,True,0.6547,0.2248,True,False,False,False,False,paced
soapbox,0_1,7,0.9765,HIGH,visible,True,0.9642,0.9619,0.9803,1.0,,True,0.6503,0.2173,True,False,False,False,False,paced
soapbox,0_1,8,0.978,HIGH,visible,True,0.9616,0.9801,0.9707,1.0,,True,0.6424,0.2262,True,False,False,False,False,paced
soapbox,0_1,9,0.9634,HIGH,visible,True,0.9545,0.9345,0.9656,1.0,,True,0.6413,0.2302,True,False,False,False,False,paced
soapbox,0_1,10,0.9804,HIGH,visible,True,0.9659,0.9947,0.9616,1.0,,True,0.6465,0.2297,True,False,False,False,False,merged
soapbox,0_1,11,0.9735,HIGH,visible,True,0.9705,0.9615,0.9625,1.0,,True,0.6379,0.2401,True,False,False,False,False,paced
soapbox,0_1,12,0.9672,HIGH,visible,True,0.9624,0.99,0.9185,1.0,,True,0.6334,0.2529,True,False,False,False,False,paced
soapbox,0_1,13,0.9436,HIGH,visible,True,0.946,0.9618,0.8712,1.0,,True,0.657,0.2571,True,False,False,False,False,paced
soapbox,0_1,14,0.9475,HIGH,visible,True,0.9497,0.9538,0.9034,0.9849,,True,0.684,0.2362,True,False,False,False,False,paced
soapbox,0_1,15,0.9431,HIGH,visible,True,0.9551,0.9376,0.9092,0.9717,,True,0.6957,0.2307,True,False,False,False,False,added
soapbox,0_1,16,0.9553,HIGH,visible,True,0.9538,0.9684,0.9257,0.9742,,True,0.7001,0.2287,True,False,False,False,False,paced
soapbox,0_1,17,0.9617,HIGH,visible,True,0.9588,0.9937,0.8979,1.0,,True,0.6853,0.2264,True,False,False,False,False,paced
soapbox,0_1,18,0.9592,HIGH,visible,True,0.9579,0.9887,0.894,1.0,,True,0.6891,0.2203,True,False,False,False,False,paced
soapbox,0_1,19,0.9627,HIGH,visible,True,0.9622,0.9732,0.9174,1.0,,True,0.6905,0.2189,True,False,False,False,False,paced
soapbox,0_1,20,0.9585,HIGH,visible,True,0.9558,0.9912,0.8908,1.0,,True,0.7134,0.2059,True,False,False,False,False,added
soapbox,0_1,21,0.954,HIGH,visible,True,0.949,0.9703,0.8995,1.0,,True,0.7245,0.2017,True,False,False,False,False,paced
soapbox,0_1,22,0.9503,HIGH,visible,True,0.9485,0.9877,0.897,0.9705,,True,0.7318,0.1981,True,False,False,False,False,paced
soapbox,0_1,23,0.9463,HIGH,visible,True,0.96,0.9878,0.873,0.9688,,True,0.7417,0.1981,True,False,False,False,False,paced
soapbox,0_1,24,0.9389,HIGH,visible,True,0.9621,0.9779,0.8489,0.9729,,True,0.7393,0.1925,True,False,False,False,False,paced
soapbox,0_1,25,0.9454,HIGH,visible,True,0.9592,0.9746,0.8656,0.9874,,True,0.715,0.2016,True,False,False,False,False,evicted
soapbox,0_1,26,0.9578,HIGH,visible,True,0.9542,0.9732,0.9063,1.0,,True,0.7178,0.2087,True,False,False,False,False,paced
soapbox,0_1,27,0.9613,HIGH,visible,True,0.9612,0.9796,0.9069,1.0,,True,0.7053,0.2198,True,False,False,False,False,paced
soapbox,0_1,28,0.9434,HIGH,visible,True,0.9576,0.9592,0.8772,0.9829,,True,0.7199,0.2161,True,False,False,False,False,paced
soapbox,0_1,29,0.9425,HIGH,visible,True,0.9612,0.9722,0.8445,1.0,,True,0.7174,0.2101,True,False,False,False,False,paced
soapbox,0_1,30,0.9421,HIGH,visible,True,0.9661,0.9839,0.8287,1.0,,True,0.7185,0.2143,True,False,False,False,False,evicted
soapbox,0_1,31,0.9571,HIGH,visible,True,0.9686,0.9801,0.884,1.0,,True,0.7195,0.216,True,False,False,False,False,paced
soapbox,0_1,32,0.9527,HIGH,visible,True,0.9637,0.9788,0.9054,0.9645,,True,0.7136,0.2178,True,False,False,False,False,paced
soapbox,0_1,33,0.9458,HIGH,visible,True,0.956,0.9664,0.907,0.9548,,True,0.7134,0.2201,True,False,False,False,False,paced
soapbox,0_1,34,0.9444,HIGH,visible,True,0.9478,0.9663,0.8684,1.0,,True,0.6986,0.2263,True,False,False,False,False,paced
soapbox,0_1,35,0.9343,HIGH,visible,True,0.9441,0.9359,0.8648,0.9973,,True,0.7148,0.2284,True,False,False,False,False,evicted
soapbox,0_1,36,0.9492,HIGH,visible,True,0.9533,0.9621,0.8851,1.0,,True,0.7128,0.2393,True,False,False,False,False,paced
soapbox,0_1,37,0.9641,HIGH,visible,True,0.9643,0.9933,0.9018,1.0,,True,0.7041,0.2401,True,False,False,False,False,paced
soapbox,0_1,38,0.9607,HIGH,visible,True,0.9684,0.9861,0.8922,1.0,,True,0.7063,0.2298,True,False,False,False,False,paced
soapbox,0_1,39,0.9553,HIGH,visible,True,0.9581,0.9647,0.9011,1.0,,True,0.7143,0.2323,True,False,False,False,False,paced
soapbox,0_1,40,0.9646,HIGH,visible,True,0.9657,0.993,0.9028,1.0,,True,0.7226,0.2285,True,False,False,False,False,evicted
soapbox,0_1,41,0.9706,HIGH,visible,True,0.9676,0.9956,0.9213,1.0,,True,0.7201,0.2302,True,False,False,False,False,paced
soapbox,0_1,42,0.9631,HIGH,visible,True,0.9652,0.9691,0.92,1.0,,True,0.7173,0.2363,True,False,False,False,False,paced
soapbox,0_1,43,0.9536,HIGH,visible,True,0.9628,0.9598,0.8948,1.0,,True,0.7093,0.2427,True,False,False,False,False,paced
soapbox,0_1,44,0.9472,HIGH,visible,True,0.9604,0.9568,0.876,1.0,,True,0.7124,0.2382,True,False,False,False,False,paced
soapbox,0_1,45,0.9453,HIGH,visible,True,0.9589,0.9634,0.8645,1.0,,True,0.7079,0.2459,True,False,False,False,False,evicted
soapbox,0_1,46,0.9628,HIGH,visible,True,0.9642,0.9794,0.9098,1.0,,True,0.7075,0.2453,True,False,False,False,False,paced
soapbox,0_1,47,0.9618,HIGH,visible,True,0.9617,0.9868,0.9017,1.0,,True,0.7098,0.2429,True,False,False,False,False,paced
soapbox,0_1,48,0.9582,HIGH,visible,True,0.9583,0.9851,0.8931,1.0,,True,0.7179,0.2397,True,False,False,False,False,paced
soapbox,0_1,49,0.9574,HIGH,visible,True,0.9598,0.9848,0.8889,1.0,,True,0.7199,0.2414,True,False,False,False,False,paced
soapbox,0_1,50,0.9543,HIGH,visible,True,0.964,0.9831,0.8752,1.0,,True,0.717,0.2432,True,False,False,False,False,evicted
soapbox,0_1,51,0.9542,HIGH,visible,True,0.9611,0.9758,0.8841,1.0,,True,0.7189,0.2426,True,False,False,False,False,paced
soapbox,0_1,52,0.9564,HIGH,visible,True,0.9618,0.9834,0.8847,1.0,,True,0.7211,0.239,True,False,False,False,False,paced
soapbox,0_1,53,0.951,HIGH,visible,True,0.9636,0.9795,0.8665,1.0,,True,0.73,0.2325,True,False,False,False,False,paced
soapbox,0_1,54,0.9534,HIGH,visible,True,0.9633,0.9903,0.8661,1.0,,True,0.7365,0.2292,True,False,False,False,False,paced
soapbox,0_1,55,0.9505,HIGH,visible,True,0.9657,0.9873,0.856,1.0,,True,0.7378,0.2291,True,False,False,False,False,evicted
soapbox,0_1,56,0.9586,HIGH,visible,True,0.9702,0.9778,0.89,1.0,,True,0.7354,0.2313,True,False,False,False,False,paced
soapbox,0_1,57,0.9543,HIGH,visible,True,0.9698,0.9569,0.8938,1.0,,True,0.7325,0.233,True,False,False,False,False,paced
soapbox,0_1,58,0.9503,HIGH,visible,True,0.9641,0.9595,0.8817,1.0,,True,0.7309,0.2326,True,False,False,False,False,paced
soapbox,0_1,59,0.9426,HIGH,visible,True,0.9652,0.9576,0.8541,1.0,,True,0.7333,0.2278,True,False,False,False,False,paced
soapbox,0_1,60,0.9537,HIGH,visible,True,0.9639,0.9889,0.8678,1.0,,True,0.734,0.2274,True,False,False,False,False,evicted
soapbox,0_1,61,0.9486,HIGH,visible,True,0.9586,0.9895,0.8574,0.9958,,True,0.7329,0.2262,True,False,False,False,False,paced
soapbox,0_1,62,0.9286,HIGH,visible,True,0.9555,0.9905,0.7856,1.0,,True,0.735,0.2229,True,False,False,False,False,paced
soapbox,0_1,63,0.9147,MEDIUM,visible,True,0.9545,0.9741,0.7783,0.9676,,True,0.7333,0.2241,True,False,False,False,False,paced
soapbox,0_1,64,0.9172,MEDIUM,visible,True,0.9511,0.9642,0.8019,0.9627,,True,0.7278,0.2286,True,False,False,False,False,paced
soapbox,0_1,65,0.9191,MEDIUM,visible,True,0.9496,0.9574,0.7941,0.9886,,True,0.722,0.2341,True,False,False,False,False,evicted
soapbox,0_1,66,0.9298,HIGH,visible,True,0.9509,0.9852,0.8324,0.9583,,True,0.7262,0.231,True,False,False,False,False,paced
soapbox,0_1,67,0.9178,MEDIUM,visible,True,0.953,0.9895,0.7835,0.9605,,True,0.7231,0.227,True,False,False,False,False,paced
soapbox,0_1,68,0.9368,HIGH,visible,True,0.9549,0.9806,0.8752,0.9396,,True,0.7259,0.2229,True,False,False,False,False,paced
soapbox,0_1,69,0.9284,HIGH,visible,True,0.9593,0.986,0.8509,0.9231,,True,0.7247,0.2185,True,False,False,False,False,paced
soapbox,0_1,70,0.9365,HIGH,visible,True,0.9621,0.9894,0.8452,0.9561,,True,0.7351,0.2147,True,False,False,False,False,evicted
soapbox,0_1,71,0.9447,HIGH,visible,True,0.9657,0.9581,0.8756,0.9832,,True,0.748,0.2112,True,False,False,False,False,paced
soapbox,0_1,72,0.9489,HIGH,visible,True,0.9614,0.9567,0.8814,1.0,,True,0.7561,0.2108,True,False,False,False,False,paced
soapbox,0_1,73,0.9477,HIGH,visible,True,0.9677,0.956,0.8719,1.0,,True,0.7589,0.2085,True,False,False,False,False,paced
soapbox,0_1,74,0.947,HIGH,visible,True,0.9644,0.9671,0.8621,1.0,,True,0.7562,0.2085,True,False,False,False,False,paced
soapbox,0_1,75,0.9263,HIGH,visible,True,0.9651,0.9697,0.8412,0.9351,,True,0.7546,0.2096,True,False,False,False,False,evicted
soapbox,0_1,76,0.9522,HIGH,visible,True,0.9717,0.9966,0.8758,0.9693,,True,0.7605,0.2154,True,False,False,False,False,paced
soapbox,0_1,77,0.9506,HIGH,visible,True,0.9702,0.9802,0.8588,1.0,,True,0.7605,0.219,True,False,False,False,False,paced
soapbox,0_1,78,0.9424,HIGH,visible,True,0.9612,0.9673,0.8483,1.0,,True,0.7598,0.2187,True,False,False,False,False,paced
soapbox,0_1,79,0.9412,HIGH,visible,True,0.9575,0.9583,0.8552,1.0,,True,0.7641,0.2126,True,False,False,False,False,paced
soapbox,0_1,80,0.9443,HIGH,visible,True,0.9612,0.9781,0.8458,1.0,,True,0.762,0.2092,True,False,False,False,False,evicted
soapbox,0_1,81,0.9533,HIGH,visible,True,0.9568,0.9797,0.8811,1.0,,True,0.7686,0.2088,True,False,False,False,False,paced
soapbox,0_1,82,0.9528,HIGH,visible,True,0.9587,0.9759,0.881,1.0,,True,0.763,0.211,True,False,False,False,False,paced
soapbox,0_1,83,0.9511,HIGH,visible,True,0.9595,0.9782,0.8719,1.0,,True,0.7642,0.2106,True,False,False,False,False,paced
soapbox,0_1,84,0.9509,HIGH,visible,True,0.9575,0.9728,0.8777,1.0,,True,0.7629,0.2093,True,False,False,False,False,paced
soapbox,0_1,85,0.9538,HIGH,visible,True,0.9584,0.9811,0.8801,1.0,,True,0.7698,0.204,True,False,False,False,False,merged
soapbox,0_1,86,0.956,HIGH,visible,True,0.9578,0.9847,0.8857,1.0,,True,0.7715,0.2021,True,False,False,False,False,paced
soapbox,0_1,87,0.9515,HIGH,visible,True,0.9565,0.9778,0.8763,1.0,,True,0.7717,0.1998,True,False,False,False,False,paced
soapbox,0_1,88,0.9504,HIGH,visible,True,0.9556,0.9727,0.8777,1.0,,True,0.7763,0.1951,True,False,False,False,False,paced
soapbox,0_1,89,0.9524,HIGH,visible,True,0.9574,0.991,0.8673,1.0,,True,0.7786,0.1927,True,False,False,False,False,paced
soapbox,0_1,90,0.9546,HIGH,visible,True,0.9566,0.9935,0.8738,1.0,,True,0.7756,0.1955,True,False,False,False,False,merged
soapbox,0_1,91,0.9511,HIGH,visible,True,0.9581,0.9766,0.8747,1.0,,True,0.7795,0.1902,True,False,False,False,False,paced
soapbox,0_1,92,0.9475,HIGH,visible,True,0.9584,0.9755,0.8623,1.0,,True,0.7765,0.1894,True,False,False,False,False,paced
soapbox,0_1,93,0.9512,HIGH,visible,True,0.9575,0.9873,0.8658,1.0,,True,0.771,0.1921,True,False,False,False,False,paced
soapbox,0_1,94,0.942,HIGH,visible,True,0.9567,0.9678,0.8506,1.0,,True,0.7693,0.1948,True,False,False,False,False,paced
soapbox,0_1,95,0.9426,HIGH,visible,True,0.9568,0.9628,0.857,1.0,,True,0.7643,0.1949,True,False,False,False,False,merged
soapbox,0_1,96,0.9446,HIGH,visible,True,0.9443,0.9562,0.8818,1.0,,True,0.755,0.2037,True,False,False,False,False,paced
soapbox,0_1,97,0.95,HIGH,visible,True,0.955,0.9696,0.8796,1.0,,True,0.7327,0.2103,True,False,False,False,False,paced
soapbox,0_2,1,0.9645,HIGH,visible,True,0.9586,0.9347,0.9657,1.0,0.5708,True,0.1796,0.6509,True,False,True,False,False,paced
soapbox,0_2,2,0.9689,HIGH,visible,True,0.951,0.9699,0.9554,1.0,0.527,True,0.2098,0.6424,True,False,True,False,False,paced
soapbox,0_2,3,0.9617,HIGH,visible,True,0.9619,0.9428,0.9431,1.0,0.4922,True,0.2128,0.6345,True,False,True,False,False,paced
soapbox,0_2,4,0.9591,HIGH,visible,True,0.9642,0.9488,0.925,1.0,0.4712,True,0.2165,0.6255,True,False,True,False,False,paced
soapbox,0_2,5,0.9671,HIGH,visible,True,0.9688,0.9659,0.9347,1.0,0.5099,True,0.2196,0.6363,True,False,True,False,False,added
soapbox,0_2,6,0.9568,HIGH,visible,True,0.942,0.9244,0.9626,1.0,0.5646,True,0.216,0.6599,True,False,True,False,False,paced
soapbox,0_2,7,0.9764,HIGH,visible,True,0.9624,0.9816,0.9619,1.0,0.5612,True,0.2152,0.6543,True,False,True,False,False,paced
soapbox,0_2,8,0.9763,HIGH,visible,True,0.9605,0.985,0.9603,1.0,0.5468,True,0.2319,0.652,True,False,True,False,False,paced
soapbox,0_2,9,0.9669,HIGH,visible,True,0.9606,0.9526,0.9553,1.0,0.5592,True,0.2307,0.6453,True,False,True,False,False,paced
soapbox,0_2,10,0.9772,HIGH,visible,True,0.9647,0.9863,0.9585,1.0,0.5388,True,0.2322,0.6486,True,False,True,False,False,merged
soapbox,0_2,11,0.9686,HIGH,visible,True,0.9676,0.9553,0.9521,1.0,0.5011,True,0.239,0.6348,True,False,True,False,False,paced
soapbox,0_2,12,0.958,HIGH,visible,True,0.9538,0.9782,0.9027,1.0,0.4688,True,0.2627,0.653,True,False,True,False,False,paced
soapbox,0_2,13,0.954,HIGH,visible,True,0.965,0.9905,0.8664,1.0,0.4026,True,0.2582,0.6512,True,False,True,False,False,paced
soapbox,0_2,14,0.9502,HIGH,visible,True,0.9526,0.9635,0.8883,1.0,0.4442,True,0.2371,0.6778,True,False,True,False,False,paced
soapbox,0_2,15,0.9477,HIGH,visible,True,0.9579,0.9414,0.8944,1.0,0.4572,True,0.2303,0.6965,True,False,True,False,False,added
soapbox,0_2,16,0.9611,HIGH,visible,True,0.9541,0.971,0.9209,1.0,0.5449,True,0.2286,0.6985,True,False,True,False,False,paced
soapbox,0_2,17,0.9592,HIGH,visible,True,0.9609,0.994,0.8862,1.0,0.4751,True,0.2265,0.683,True,False,True,False,False,paced
soapbox,0_2,18,0.9626,HIGH,visible,True,0.9657,0.992,0.8964,1.0,0.4992,True,0.2248,0.6828,True,False,True,False,False,paced
soapbox,0_2,19,0.9615,HIGH,visible,True,0.964,0.9845,0.9006,1.0,0.5372,True,0.2177,0.6901,True,False,True,False,False,paced
soapbox,0_2,20,0.9569,HIGH,visible,True,0.9561,0.9927,0.8834,1.0,0.5157,True,0.2058,0.7126,True,False,True,False,False,added
soapbox,0_2,21,0.954,HIGH,visible,True,0.9513,0.9733,0.8946,1.0,0.4849,True,0.2009,0.7248,True,False,True,False,False,paced
soapbox,0_2,22,0.9545,HIGH,visible,True,0.9498,0.9837,0.8886,1.0,0.5113,True,0.1975,0.7318,True,False,True,False,False,paced
soapbox,0_2,23,0.9539,HIGH,visible,True,0.9608,0.9871,0.8731,1.0,0.4986,True,0.198,0.7401,True,False,True,False,False,paced
soapbox,0_2,24,0.9455,HIGH,visible,True,0.9627,0.977,0.8496,1.0,0.4575,True,0.193,0.7364,True,False,True,False,False,paced
soapbox,0_2,25,0.947,HIGH,visible,True,0.9598,0.975,0.8593,1.0,0.4826,True,0.202,0.7122,True,False,True,False,False,evicted
soapbox,0_2,26,0.9542,HIGH,visible,True,0.9543,0.9721,0.8938,1.0,0.5336,True,0.2089,0.716,True,False,True,False,False,paced
soapbox,0_2,27,0.96,HIGH,visible,True,0.9611,0.979,0.9027,1.0,0.5481,True,0.2199,0.704,True,False,True,False,False,paced
soapbox,0_2,28,0.9474,HIGH,visible,True,0.957,0.9578,0.8789,1.0,0.5039,True,0.2158,0.7185,True,False,True,False,False,paced
soapbox,0_2,29,0.9421,HIGH,visible,True,0.9611,0.9732,0.8423,1.0,0.4519,True,0.2101,0.7168,True,False,True,False,False,paced
soapbox,0_2,30,0.9364,HIGH,visible,True,0.9661,0.9833,0.8094,1.0,0.4198,True,0.2144,0.7179,True,False,True,False,False,evicted
soapbox,0_2,31,0.9549,HIGH,visible,True,0.9685,0.9796,0.8763,1.0,0.5076,True,0.2159,0.7194,True,False,True,False,False,paced
soapbox,0_2,32,0.9609,HIGH,visible,True,0.9634,0.9789,0.904,1.0,0.5307,True,0.2175,0.7138,True,False,True,False,False,paced
soapbox,0_2,33,0.9563,HIGH,visible,True,0.9559,0.9668,0.905,1.0,0.5561,True,0.2198,0.7139,True,False,True,False,False,paced
soapbox,0_2,34,0.944,HIGH,visible,True,0.9476,0.9666,0.8671,1.0,0.5061,True,0.2259,0.6994,True,False,True,False,False,paced
soapbox,0_2,35,0.9347,HIGH,visible,True,0.9437,0.9352,0.8649,1.0,0.4894,True,0.2279,0.7151,True,False,True,False,False,evicted
soapbox,0_2,36,0.9488,HIGH,visible,True,0.9532,0.9621,0.8835,1.0,0.5042,True,0.2387,0.7136,True,False,True,False,False,paced
soapbox,0_2,37,0.9625,HIGH,visible,True,0.9642,0.9931,0.8961,1.0,0.5248,True,0.2395,0.7049,True,False,True,False,False,paced
soapbox,0_2,38,0.9607,HIGH,visible,True,0.9683,0.9861,0.8921,1.0,0.5461,True,0.2293,0.7071,True,False,True,False,False,paced
soapbox,0_2,39,0.9554,HIGH,visible,True,0.9584,0.9661,0.8999,1.0,0.5487,True,0.2316,0.7136,True,False,True,False,False,paced
soapbox,0_2,40,0.9637,HIGH,visible,True,0.9652,0.9912,0.9014,1.0,0.5676,True,0.2282,0.7226,True,False,True,False,False,evicted
soapbox,0_2,41,0.9692,HIGH,visible,True,0.9674,0.9949,0.9167,1.0,0.5834,True,0.2302,0.7199,True,False,True,False,False,paced
soapbox,0_2,42,0.9623,HIGH,visible,True,0.9651,0.9699,0.9161,1.0,0.5435,True,0.2361,0.7176,True,False,True,False,False,paced
soapbox,0_2,43,0.953,HIGH,visible,True,0.9618,0.96,0.8934,1.0,0.5149,True,0.2424,0.7093,True,False,True,False,False,paced
soapbox,0_2,44,0.9467,HIGH,visible,True,0.9603,0.9575,0.8734,1.0,0.5065,True,0.238,0.7129,True,False,True,False,False,paced
soapbox,0_2,45,0.9434,HIGH,visible,True,0.9588,0.9627,0.8581,1.0,0.4992,True,0.2456,0.7081,True,False,True,False,False,evicted
soapbox,0_2,46,0.9621,HIGH,visible,True,0.964,0.9795,0.9073,1.0,0.5187,True,0.2452,0.7078,True,False,True,False,False,paced
soapbox,0_2,47,0.9605,HIGH,visible,True,0.9617,0.9867,0.8968,1.0,0.506,True,0.2427,0.71,True,False,True,False,False,paced
soapbox,0_2,48,0.9574,HIGH,visible,True,0.9582,0.9849,0.8905,1.0,0.5302,True,0.2395,0.7181,True,False,True,False,False,paced
soapbox,0_2,49,0.9566,HIGH,visible,True,0.9598,0.985,0.8857,1.0,0.4926,True,0.2413,0.7201,True,False,True,False,False,paced
soapbox,0_2,50,0.9536,HIGH,visible,True,0.9641,0.983,0.8725,1.0,0.438,True,0.2431,0.7171,True,False,True,False,False,evicted
soapbox,0_2,51,0.9536,HIGH,visible,True,0.9611,0.9759,0.8816,1.0,0.4549,True,0.2425,0.719,True,False,True,False,False,paced
soapbox,0_2,52,0.9563,HIGH,visible,True,0.9619,0.9834,0.8842,1.0,0.4729,True,0.2389,0.7212,True,False,True,False,False,paced
soapbox,0_2,53,0.9504,HIGH,visible,True,0.9635,0.9791,0.8648,1.0,0.4189,True,0.2324,0.7302,True,False,True,False,False,paced
soapbox,0_2,54,0.9534,HIGH,visible,True,0.9633,0.9904,0.8661,1.0,0.4456,True,0.2292,0.7365,True,False,True,False,False,paced
soapbox,0_2,55,0.9501,HIGH,visible,True,0.9656,0.9875,0.8546,1.0,0.4202,True,0.229,0.738,True,False,True,False,False,evicted
soapbox,0_2,56,0.9577,HIGH,visible,True,0.9701,0.9776,0.8871,1.0,0.4315,True,0.2313,0.7353,True,False,True,False,False,paced
soapbox,0_2,57,0.9538,HIGH,visible,True,0.9697,0.9571,0.8919,1.0,0.4286,True,0.2329,0.7325,True,False,True,False,False,paced
soapbox,0_2,58,0.95,HIGH,visible,True,0.964,0.9598,0.8802,1.0,0.4538,True,0.2325,0.731,True,False,True,False,False,paced
soapbox,0_2,59,0.9398,HIGH,visible,True,0.9652,0.9573,0.8443,1.0,0.4614,True,0.2276,0.7334,True,False,True,False,False,paced
soapbox,0_2,60,0.9531,HIGH,visible,True,0.964,0.9894,0.8652,1.0,0.468,True,0.2274,0.7337,True,False,True,False,False,evicted
soapbox,0_2,61,0.948,HIGH,visible,True,0.9587,0.9899,0.8513,1.0,0.4641,True,0.2261,0.7331,True,False,True,False,False,paced
soapbox,0_2,62,0.9275,HIGH,visible,True,0.9552,0.9905,0.7823,1.0,0.4074,True,0.2228,0.7353,True,False,True,False,False,paced
soapbox,0_2,63,0.9214,HIGH,visible,True,0.9543,0.9739,0.7755,1.0,0.4031,True,0.224,0.7333,True,False,True,False,False,paced
soapbox,0_2,64,0.9261,HIGH,visible,True,0.9509,0.9643,0.802,1.0,0.4154,True,0.2284,0.7282,True,False,True,False,False,paced
soapbox,0_2,65,0.9218,HIGH,visible,True,0.9493,0.9572,0.7945,1.0,0.401,True,0.2339,0.7222,True,False,True,False,False,evicted
soapbox,0_2,66,0.9395,HIGH,visible,True,0.9507,0.9854,0.8316,1.0,0.4885,True,0.2308,0.7265,True,False,True,False,False,paced
soapbox,0_2,67,0.9274,HIGH,visible,True,0.9527,0.9899,0.7843,1.0,0.4684,True,0.2267,0.7235,True,False,True,False,False,paced
soapbox,0_2,68,0.952,HIGH,visible,True,0.9548,0.9817,0.8763,1.0,0.5221,True,0.2227,0.726,True,False,True,False,False,paced
soapbox,0_2,69,0.9464,HIGH,visible,True,0.9591,0.9857,0.8486,1.0,0.4989,True,0.2183,0.7249,True,False,True,False,False,paced
soapbox,0_2,70,0.946,HIGH,visible,True,0.9619,0.9896,0.8413,1.0,0.4952,True,0.2146,0.7352,True,False,True,False,False,evicted
soapbox,0_2,71,0.9484,HIGH,visible,True,0.9655,0.9574,0.8752,1.0,0.5314,True,0.2111,0.7483,True,False,True,False,False,paced
soapbox,0_2,72,0.9485,HIGH,visible,True,0.9661,0.9569,0.8755,1.0,0.5211,True,0.2107,0.7562,True,False,True,False,False,paced
soapbox,0_2,73,0.9469,HIGH,visible,True,0.9677,0.9561,0.869,1.0,0.511,True,0.2085,0.7589,True,False,True,False,False,paced
soapbox,0_2,74,0.945,HIGH,visible,True,0.9645,0.9673,0.8549,1.0,0.51,True,0.2085,0.7562,True,False,True,False,False,paced
soapbox,0_2,75,0.9397,HIGH,visible,True,0.9652,0.9698,0.834,0.999,0.5073,True,0.2095,0.7546,True,False,True,False,False,evicted
soapbox,0_2,76,0.9582,HIGH,visible,True,0.9717,0.9965,0.8706,1.0,0.5518,True,0.2154,0.7605,True,False,True,False,False,paced
soapbox,0_2,77,0.9484,HIGH,visible,True,0.9702,0.9803,0.8508,1.0,0.5233,True,0.2189,0.7605,True,False,True,False,False,paced
soapbox,0_2,78,0.9398,HIGH,visible,True,0.9613,0.9672,0.8391,1.0,0.5389,True,0.2186,0.7598,True,False,True,False,False,paced
soapbox,0_2,79,0.9403,HIGH,visible,True,0.9575,0.9583,0.8519,1.0,0.5195,True,0.2126,0.7642,True,False,True,False,False,paced
soapbox,0_2,80,0.9437,HIGH,visible,True,0.9612,0.9782,0.8437,1.0,0.5183,True,0.2092,0.762,True,False,True,False,False,evicted
soapbox,0_2,81,0.952,HIGH,visible,True,0.9568,0.9794,0.8765,1.0,0.5738,True,0.2087,0.7686,True,False,True,False,False,paced
soapbox,0_2,82,0.9519,HIGH,visible,True,0.9587,0.9761,0.8772,1.0,0.5682,True,0.2109,0.7631,True,False,True,False,False,paced
soapbox,0_2,83,0.95,HIGH,visible,True,0.9596,0.9781,0.8678,1.0,0.5492,True,0.2105,0.7641,True,False,True,False,False,paced
soapbox,0_2,84,0.9498,HIGH,visible,True,0.9575,0.9728,0.8736,1.0,0.5598,True,0.2092,0.7628,True,False,True,False,False,paced
soapbox,0_2,85,0.9524,HIGH,visible,True,0.9584,0.9811,0.875,1.0,0.556,True,0.204,0.7698,True,False,True,False,False,merged
soapbox,0_2,86,0.9549,HIGH,visible,True,0.9578,0.9846,0.8814,1.0,0.5578,True,0.2021,0.7714,True,False,True,False,False,paced
soapbox,0_2,87,0.9515,HIGH,visible,True,0.9565,0.978,0.8763,1.0,0.5397,True,0.1998,0.7716,True,False,True,False,False,paced
soapbox,0_2,88,0.9505,HIGH,visible,True,0.9556,0.9727,0.8782,1.0,0.5174,True,0.1951,0.7763,True,False,True,False,False,paced
soapbox,0_2,89,0.952,HIGH,visible,True,0.9574,0.991,0.8657,1.0,0.5404,True,0.1926,0.7786,True,False,True,False,False,paced
soapbox,0_2,90,0.954,HIGH,visible,True,0.9567,0.9935,0.8713,1.0,0.5515,True,0.1955,0.7756,True,False,True,False,False,merged
soapbox,0_2,91,0.9502,HIGH,visible,True,0.9581,0.9765,0.8714,1.0,0.5376,True,0.1902,0.7795,True,False,True,False,False,paced
soapbox,0_2,92,0.9477,HIGH,visible,True,0.9584,0.9755,0.8627,1.0,0.5329,True,0.1894,0.7763,True,False,True,False,False,paced
soapbox,0_2,93,0.9514,HIGH,visible,True,0.9575,0.9873,0.8668,1.0,0.5114,True,0.1921,0.771,True,False,True,False,False,paced
soapbox,0_2,94,0.9424,HIGH,visible,True,0.9566,0.9677,0.852,1.0,0.5121,True,0.1948,0.7692,True,False,True,False,False,paced
soapbox,0_2,95,0.9428,HIGH,visible,True,0.9569,0.9627,0.8578,1.0,0.5364,True,0.1949,0.7642,True,False,True,False,False,merged
soapbox,0_2,96,0.9441,HIGH,visible,True,0.9444,0.9561,0.88,1.0,0.5203,True,0.2037,0.755,True,False,True,False,False,paced
soapbox,0_2,97,0.9495,HIGH,visible,True,0.955,0.9694,0.878,1.0,0.5477,True,0.2102,0.7326,True,False,True,False,False,paced
soapbox,0_3,1,0.964,HIGH,visible,True,0.9591,0.9363,0.9618,1.0,0.5493,True,0.064,0.6453,False,True,True,True,False,paced
soapbox,0_3,2,0.9694,HIGH,visible,True,0.9651,0.9534,0.9597,1.0,0.5352,True,0.0554,0.6537,False,True,True,True,False,paced
soapbox,0_3,3,0.9639,HIGH,visible,True,0.9611,0.9492,0.9463,1.0,0.494,True,0.057,0.6461,False,True,True,True,False,paced
soapbox,0_3,4,0.9631,HIGH,visible,True,0.9617,0.9442,0.9474,1.0,0.4882,True,0.062,0.6375,False,True,True,True,False,paced
soapbox,0_3,5,0.9669,HIGH,visible,True,0.9554,0.9829,0.9308,1.0,0.4878,True,0.0729,0.6327,False,True,True,True,False,added
soapbox,0_3,6,0.9539,HIGH,visible,True,0.9401,0.9155,0.9621,1.0,0.5503,True,0.0402,0.6581,False,True,True,True,False,paced
soapbox,0_3,7,0.9761,HIGH,visible,True,0.9621,0.9772,0.9655,1.0,0.5401,True,0.0427,0.6512,False,True,True,True,False,paced
soapbox,0_3,8,0.9788,HIGH,visible,True,0.9619,0.9888,0.965,1.0,0.5372,True,0.0404,0.6444,False,True,True,True,False,paced
soapbox,0_3,9,0.9623,HIGH,visible,True,0.9562,0.9427,0.9511,1.0,0.5429,True,0.0326,0.6428,False,True,True,True,False,paced
soapbox,0_3,10,0.9767,HIGH,visible,True,0.965,0.9871,0.9554,1.0,0.5198,True,0.0397,0.6473,False,True,True,True,False,merged
soapbox,0_3,11,0.9738,HIGH,visible,True,0.9689,0.9689,0.958,1.0,0.5021,True,0.0387,0.6439,False,True,True,True,False,paced
soapbox,0_3,12,0.9638,HIGH,visible,True,0.9613,0.9882,0.9085,1.0,0.4738,True,0.033,0.6398,False,True,True,True,False,paced
soapbox,0_3,13,0.9505,HIGH,visible,True,0.9583,0.9828,0.8665,1.0,0.4485,True,0.02,0.6505,False,True,True,True,False,paced
soapbox,0_3,14,0.9493,HIGH,visible,True,0.9518,0.9625,0.8864,1.0,0.4667,True,0.0146,0.6769,False,True,True,True,False,paced
soapbox,0_3,15,0.9501,HIGH,visible,True,0.9576,0.9425,0.9028,1.0,0.5035,True,0.0077,0.6955,False,True,True,True,False,added
soapbox,0_3,16,0.9614,HIGH,visible,True,0.9537,0.971,0.9226,1.0,0.5343,True,0.0088,0.6987,False,True,True,True,False,paced
soapbox,0_3,17,0.9587,HIGH,visible,True,0.961,0.9943,0.884,1.0,0.4573,True,0.0116,0.6835,False,True,True,True,False,paced
soapbox,0_3,18,0.9619,HIGH,visible,True,0.966,0.9916,0.8938,1.0,0.5111,True,0.0119,0.6826,False,True,True,True,False,paced
soapbox,0_3,19,0.9619,HIGH,visible,True,0.9656,0.9843,0.9007,1.0,0.5347,True,0.013,0.6891,False,True,True,True,False,paced
soapbox,0_3,20,0.9583,HIGH,visible,True,0.9565,0.9928,0.8882,1.0,0.5302,True,0.013,0.7124,False,True,True,True,False,added
soapbox,0_3,21,0.9557,HIGH,visible,True,0.9517,0.9738,0.9001,1.0,0.5171,True,0.0126,0.7258,False,True,True,True,False,paced
soapbox,0_3,22,0.9538,HIGH,visible,True,0.9501,0.9834,0.8858,1.0,0.5174,True,0.0122,0.7321,False,True,True,True,False,paced
soapbox,0_3,23,0.9534,HIGH,visible,True,0.9608,0.9867,0.8716,1.0,0.4949,True,0.0075,0.7401,False,True,True,True,False,paced
soapbox,0_3,24,0.9457,HIGH,visible,True,0.9626,0.977,0.8505,1.0,0.4671,True,0.0064,0.7362,False,True,True,True,False,paced
soapbox,0_3,25,0.9472,HIGH,visible,True,0.9597,0.9749,0.8602,1.0,0.5103,True,0.008,0.7121,False,True,True,True,False,evicted
soapbox,0_3,26,0.9548,HIGH,visible,True,0.9544,0.9723,0.8956,1.0,0.5454,True,0.0103,0.7158,False,True,True,True,False,paced
soapbox,0_3,27,0.9603,HIGH,visible,True,0.961,0.979,0.9037,1.0,0.5373,True,0.0076,0.704,False,True,True,True,False,paced
soapbox,0_3,28,0.9471,HIGH,visible,True,0.9567,0.9572,0.8786,1.0,0.5293,True,0.0093,0.7189,False,True,True,True,False,paced
soapbox,0_3,29,0.9421,HIGH,visible,True,0.9611,0.9738,0.8418,1.0,0.4862,True,0.0076,0.7169,False,True,True,True,False,paced
soapbox,0_3,30,0.9375,HIGH,visible,True,0.966,0.9836,0.8131,1.0,0.4658,True,0.005,0.7185,False,True,True,True,False,evicted
soapbox,0_3,31,0.9552,HIGH,visible,True,0.9684,0.9798,0.8774,1.0,0.5502,True,0.0047,0.7196,False,True,True,True,False,paced
soapbox,0_3,32,0.9604,HIGH,visible,True,0.9628,0.9788,0.9028,1.0,0.5668,True,0.005,0.7141,False,True,True,True,False,paced
soapbox,0_3,33,0.9559,HIGH,visible,True,0.9557,0.9666,0.9039,1.0,0.5603,True,0.0047,0.7145,False,True,True,True,False,paced
soapbox,0_3,34,0.9436,HIGH,visible,True,0.9475,0.9665,0.8659,1.0,0.5397,True,0.005,0.7003,False,True,True,True,False,paced
soapbox,0_3,35,0.9347,HIGH,visible,True,0.9437,0.9358,0.8665,0.9976,0.5139,True,0.0057,0.7152,False,True,True,True,False,evicted
soapbox,0_3,36,0.9447,HIGH,visible,True,0.9531,0.9621,0.8854,0.9811,0.4813,True,0.0072,0.7138,False,True,True,True,False,paced
soapbox,0_3,37,0.9629,HIGH,visible,True,0.9643,0.9931,0.8978,1.0,0.5083,True,0.009,0.7051,False,True,True,True,False,paced
soapbox,0_3,38,0.9549,HIGH,visible,True,0.9683,0.9859,0.8903,0.9784,0.5215,True,0.0156,0.7073,False,True,True,True,False,paced
soapbox,0_3,39,0.9546,HIGH,visible,True,0.9583,0.9657,0.8976,0.9997,0.5263,True,0.0078,0.7138,False,True,True,True,False,paced
soapbox,0_3,40,0.9635,HIGH,visible,True,0.9652,0.9911,0.9008,1.0,0.5413,True,0.0054,0.7229,False,True,True,True,False,evicted
soapbox,0_3,41,0.9692,HIGH,visible,True,0.9674,0.9949,0.9169,1.0,0.5635,True,0.0039,0.72,False,True,True,True,False,paced
soapbox,0_3,42,0.9624,HIGH,visible,True,0.9649,0.9701,0.9164,1.0,0.526,True,0.0039,0.7179,False,True,True,True,False,paced
soapbox,0_3,43,0.9531,HIGH,visible,True,0.9619,0.9599,0.8937,1.0,0.4998,True,0.0036,0.7093,False,True,True,True,False,paced
soapbox,0_3,44,0.9472,HIGH,visible,True,0.9602,0.9577,0.8753,1.0,0.5038,True,0.0025,0.7131,False,True,True,True,False,paced
soapbox,0_3,45,0.9439,HIGH,visible,True,0.9587,0.9627,0.8601,1.0,0.4914,True,0.002,0.7083,False,True,True,True,False,evicted
soapbox,0_3,46,0.9623,HIGH,visible,True,0.964,0.9794,0.9083,1.0,0.5051,True,0.0019,0.7078,False,True,True,True,False,paced
soapbox,0_3,47,0.961,HIGH,visible,True,0.9617,0.9867,0.8987,1.0,0.4908,True,0.0018,0.71,False,True,True,True,False,paced
soapbox,0_3,48,0.9582,HIGH,visible,True,0.9583,0.9849,0.8933,1.0,0.5083,True,0.0012,0.7182,False,True,True,True,False,paced
soapbox,0_3,49,0.9575,HIGH,visible,True,0.9598,0.9849,0.8891,1.0,0.4704,True,0.0008,0.7202,False,True,True,True,False,paced
soapbox,0_3,50,0.955,HIGH,visible,True,0.964,0.9829,0.8779,1.0,0.4317,True,0.0003,0.7173,False,True,True,True,False,evicted
soapbox,0_3,51,0.9546,HIGH,visible,True,0.961,0.9759,0.8854,1.0,0.4447,True,0.0001,0.719,False,True,True,True,False,paced
soapbox,0_3,52,0.9569,HIGH,visible,True,0.9618,0.9833,0.8867,1.0,0.4588,True,0.0001,0.7212,False,True,True,True,False,paced
soapbox,0_3,53,0.9513,HIGH,visible,True,0.9635,0.979,0.8684,1.0,0.421,True,0.0001,0.7302,False,True,True,True,False,paced
soapbox,0_3,54,0.9541,HIGH,visible,True,0.9633,0.9906,0.8686,1.0,0.4433,True,0.0001,0.7366,False,True,True,True,False,paced
soapbox,0_3,55,0.9509,HIGH,visible,True,0.9656,0.9876,0.8573,1.0,0.4232,True,0.0,0.738,False,True,True,True,False,evicted
soapbox,0_3,56,0.9581,HIGH,visible,True,0.9701,0.9775,0.8888,1.0,0.4332,True,0.0002,0.7352,False,True,True,True,False,paced
soapbox,0_3,57,0.9543,HIGH,visible,True,0.9697,0.9572,0.8935,1.0,0.4349,True,0.0,0.7325,False,True,True,True,False,paced
soapbox,0_3,58,0.9506,HIGH,visible,True,0.964,0.9598,0.8827,1.0,0.4616,True,0.0002,0.731,False,True,True,True,False,paced
soapbox,0_3,59,0.9407,HIGH,visible,True,0.9652,0.9574,0.8474,1.0,0.4605,True,0.0005,0.7335,False,True,True,True,False,paced
soapbox,0_3,60,0.954,HIGH,visible,True,0.9639,0.9893,0.8686,1.0,0.4679,True,0.0007,0.7339,False,True,True,True,False,evicted
soapbox,0_3,61,0.9491,HIGH,visible,True,0.9585,0.9897,0.8554,1.0,0.4638,True,0.0007,0.7332,False,True,True,True,False,paced
soapbox,0_3,62,0.9288,HIGH,visible,True,0.9552,0.9905,0.7864,1.0,0.4049,True,0.002,0.7354,False,True,True,True,False,paced
soapbox,0_3,63,0.9205,HIGH,visible,True,0.9543,0.9739,0.7765,0.9948,0.3958,True,0.0028,0.7333,False,True,True,True,False,paced
soapbox,0_3,64,0.9263,HIGH,visible,True,0.9509,0.9644,0.8027,1.0,0.4088,True,0.0043,0.7282,False,True,True,True,False,paced
soapbox,0_3,65,0.9218,HIGH,visible,True,0.9493,0.9573,0.7945,1.0,0.3993,True,0.0038,0.7223,False,True,True,True,False,evicted
soapbox,0_3,66,0.9221,HIGH,visible,True,0.9507,0.9854,0.8311,0.9287,0.477,True,0.0039,0.7265,False,True,True,True,False,paced
soapbox,0_3,67,0.9226,HIGH,visible,True,0.9527,0.9898,0.7864,0.9769,0.4629,True,0.0043,0.7235,False,True,True,True,False,paced
soapbox,0_3,68,0.949,HIGH,visible,True,0.9547,0.9817,0.8743,0.9897,0.5118,True,0.0079,0.726,False,True,True,True,False,paced
soapbox,0_3,69,0.9313,HIGH,visible,True,0.959,0.9856,0.8473,0.9392,0.4917,True,0.0106,0.7249,False,True,True,True,False,paced
soapbox,0_3,70,0.94,HIGH,visible,True,0.9618,0.9895,0.8431,0.9731,0.4902,True,0.005,0.7353,False,True,True,True,False,evicted
soapbox,0_3,71,0.9484,HIGH,visible,True,0.9655,0.9574,0.8752,1.0,0.5164,True,0.0042,0.7484,False,True,True,True,False,paced
soapbox,0_3,72,0.9487,HIGH,visible,True,0.9661,0.9572,0.8761,1.0,0.5122,True,0.0048,0.7561,False,True,True,True,False,paced
soapbox,0_3,73,0.9411,HIGH,visible,True,0.9677,0.956,0.8693,0.9755,0.5076,True,0.0054,0.7589,False,True,True,True,False,paced
soapbox,0_3,74,0.9386,HIGH,visible,True,0.9645,0.9672,0.8555,0.9725,0.5073,True,0.0074,0.7562,False,True,True,True,False,paced
soapbox,0_3,75,0.9074,MEDIUM,visible,True,0.9652,0.9698,0.8341,0.8684,0.5044,True,0.0045,0.7546,False,True,True,True,False,evicted
soapbox,0_3,76,0.9378,HIGH,visible,True,0.9717,0.9966,0.8714,0.9167,0.5495,True,0.0017,0.7605,False,True,True,True,False,paced
soapbox,0_3,77,0.9408,HIGH,visible,True,0.9702,0.9803,0.8521,0.9667,0.5264,True,0.0002,0.7605,False,True,True,True,False,paced
soapbox,0_3,78,0.9347,HIGH,visible,True,0.9613,0.9672,0.8398,0.9778,0.537,True,0.0001,0.7598,False,True,True,True,False,paced
soapbox,0_3,79,0.9364,HIGH,visible,True,0.9575,0.9583,0.8529,0.9825,0.5177,True,0.0002,0.7641,False,True,True,True,False,paced
soapbox,0_3,80,0.9429,HIGH,visible,True,0.9612,0.9781,0.8448,0.9952,0.5187,True,0.0,0.762,False,True,True,True,False,evicted
soapbox,0_3,81,0.9523,HIGH,visible,True,0.9568,0.9794,0.8777,1.0,0.5711,True,0.0,0.7686,False,True,True,True,False,paced
soapbox,0_3,82,0.9522,HIGH,visible,True,0.9587,0.9761,0.8786,1.0,0.5641,True,0.0001,0.7631,False,True,True,True,False,paced
soapbox,0_3,83,0.9397,HIGH,visible,True,0.9596,0.9782,0.8704,0.9543,0.551,True,0.0001,0.7641,False,True,True,True,False,paced
soapbox,0_3,84,0.9502,HIGH,visible,True,0.9575,0.9728,0.8752,1.0,0.5568,True,0.0001,0.7628,False,True,True,True,False,paced
soapbox,0_3,85,0.9529,HIGH,visible,True,0.9584,0.9811,0.877,1.0,0.5574,True,0.0002,0.7698,False,True,True,True,False,merged
soapbox,0_3,86,0.9554,HIGH,visible,True,0.9579,0.9846,0.8834,1.0,0.5578,True,0.0,0.7713,False,True,True,True,False,paced
soapbox,0_3,87,0.9487,HIGH,visible,True,0.9565,0.9779,0.8781,0.9863,0.5373,True,0.0001,0.7716,False,True,True,True,False,paced
soapbox,0_3,88,0.9509,HIGH,visible,True,0.9556,0.9727,0.8796,1.0,0.5192,True,0.0,0.7763,False,True,True,True,False,paced
soapbox,0_3,89,0.9525,HIGH,visible,True,0.9574,0.991,0.8676,1.0,0.5365,True,0.0002,0.7786,False,True,True,True,False,paced
soapbox,0_3,90,0.9544,HIGH,visible,True,0.9567,0.9935,0.8728,1.0,0.5472,True,0.0,0.7756,False,True,True,True,False,merged
soapbox,0_3,91,0.9509,HIGH,visible,True,0.9581,0.9766,0.8739,1.0,0.538,True,0.0001,0.7795,False,True,True,True,False,paced
soapbox,0_3,92,0.9481,HIGH,visible,True,0.9584,0.9755,0.8644,1.0,0.5307,True,0.0002,0.7763,False,True,True,True,False,paced
soapbox,0_3,93,0.9517,HIGH,visible,True,0.9575,0.9874,0.8679,1.0,0.5118,True,0.0012,0.771,False,True,True,True,False,paced
soapbox,0_3,94,0.9429,HIGH,visible,True,0.9566,0.9677,0.8539,1.0,0.5147,True,0.0004,0.7692,False,True,True,True,False,paced
soapbox,0_3,95,0.9434,HIGH,visible,True,0.9569,0.9627,0.8598,1.0,0.5337,True,0.0004,0.7642,False,True,True,True,False,merged
soapbox,0_3,96,0.9446,HIGH,visible,True,0.9444,0.9561,0.8817,1.0,0.5211,True,0.0003,0.755,False,True,True,True,False,paced
soapbox,0_3,97,0.95,HIGH,visible,True,0.955,0.9694,0.8798,1.0,0.547,True,0.0004,0.7326,False,True,True,True,False,paced
