video,exp_id,frame,event,kind,c,verdict,confidence,reason,latency_s,cached,gt_present,gt_iou,correct
bike-packing,0_2,1,periodic,identity,0.9516,match,1.0,oracle,0.0,False,True,0.9825,True
bike-packing,0_2,2,periodic,identity,0.958,match,1.0,oracle,0.0,False,True,0.9792,True
bike-packing,0_2,3,periodic,identity,0.9611,match,1.0,oracle,0.0,False,True,0.9736,True
bike-packing,0_2,4,periodic,identity,0.9658,match,1.0,oracle,0.0,False,True,0.9707,True
bike-packing,0_2,5,periodic,identity,0.9335,match,1.0,oracle,0.0,False,True,0.9741,True
bike-packing,0_2,6,periodic,identity,0.9451,match,1.0,oracle,0.0,False,True,0.9761,True
bike-packing,0_2,7,periodic,identity,0.9475,match,1.0,oracle,0.0,False,True,0.9771,True
bike-packing,0_2,8,periodic,identity,0.9176,match,1.0,oracle,0.0,False,True,0.9731,True
bike-packing,0_2,9,periodic,identity,0.8808,match,1.0,oracle,0.0,False,True,0.9712,True
bike-packing,0_2,10,periodic,identity,0.9119,match,1.0,oracle,0.0,False,True,0.975,True
bike-packing,0_2,11,periodic,identity,0.9375,match,1.0,oracle,0.0,False,True,0.9771,True
bike-packing,0_2,12,periodic,identity,0.9288,match,1.0,oracle,0.0,False,True,0.9747,True
bike-packing,0_2,13,periodic,identity,0.9481,match,1.0,oracle,0.0,False,True,0.9735,True
bike-packing,0_2,14,periodic,identity,0.9434,match,1.0,oracle,0.0,False,True,0.9749,True
bike-packing,0_2,15,periodic,identity,0.9364,match,1.0,oracle,0.0,False,True,0.9743,True
bike-packing,0_2,16,periodic,identity,0.9221,match,1.0,oracle,0.0,False,True,0.9628,True
bike-packing,0_2,17,periodic,identity,0.827,match,1.0,oracle,0.0,False,True,0.8903,True
bike-packing,0_2,18,periodic,identity,0.867,match,1.0,oracle,0.0,False,True,0.9072,True
bike-packing,0_2,19,periodic,identity,0.8519,match,1.0,oracle,0.0,False,True,0.8981,True
bike-packing,0_2,20,periodic,identity,0.8356,match,1.0,oracle,0.0,False,True,0.8987,True
bike-packing,0_2,21,periodic,identity,0.8755,match,1.0,oracle,0.0,False,True,0.8915,True
bike-packing,0_2,22,periodic,identity,0.8563,match,1.0,oracle,0.0,False,True,0.8978,True
bike-packing,0_2,23,periodic,identity,0.8843,match,1.0,oracle,0.0,False,True,0.8985,True
bike-packing,0_2,24,periodic,identity,0.9117,match,1.0,oracle,0.0,False,True,0.8994,True
bike-packing,0_2,25,periodic,identity,0.8782,match,1.0,oracle,0.0,False,True,0.898,True
bike-packing,0_2,26,periodic,identity,0.9145,match,1.0,oracle,0.0,False,True,0.9078,True
bike-packing,0_2,27,periodic,identity,0.9202,match,1.0,oracle,0.0,False,True,0.9093,True
bike-packing,0_2,28,periodic,identity,0.9218,match,1.0,oracle,0.0,False,True,0.9098,True
bike-packing,0_2,29,periodic,identity,0.928,match,1.0,oracle,0.0,False,True,0.9117,True
bike-packing,0_2,30,periodic,identity,0.9209,match,1.0,oracle,0.0,False,True,0.9164,True
bike-packing,0_2,31,periodic,identity,0.927,match,1.0,oracle,0.0,False,True,0.922,True
bike-packing,0_2,32,periodic,identity,0.9298,match,1.0,oracle,0.0,False,True,0.9204,True
bike-packing,0_2,33,periodic,identity,0.9192,match,1.0,oracle,0.0,False,True,0.9216,True
bike-packing,0_2,34,periodic,identity,0.92,match,1.0,oracle,0.0,False,True,0.9218,True
bike-packing,0_2,35,periodic,identity,0.9243,match,1.0,oracle,0.0,False,True,0.9195,True
bike-packing,0_2,36,periodic,identity,0.9367,match,1.0,oracle,0.0,False,True,0.9197,True
bike-packing,0_2,37,periodic,identity,0.9439,match,1.0,oracle,0.0,False,True,0.9186,True
bike-packing,0_2,38,periodic,identity,0.9554,match,1.0,oracle,0.0,False,True,0.9191,True
bike-packing,0_2,39,periodic,identity,0.9462,match,1.0,oracle,0.0,False,True,0.9121,True
bike-packing,0_2,40,periodic,identity,0.9331,match,1.0,oracle,0.0,False,True,0.916,True
bike-packing,0_2,41,periodic,identity,0.9497,match,1.0,oracle,0.0,False,True,0.9131,True
bike-packing,0_2,42,periodic,identity,0.943,match,1.0,oracle,0.0,False,True,0.9074,True
bike-packing,0_2,43,periodic,identity,0.9467,match,1.0,oracle,0.0,False,True,0.9112,True
bike-packing,0_2,44,periodic,identity,0.9384,match,1.0,oracle,0.0,False,True,0.8979,True
bike-packing,0_2,45,periodic,identity,0.942,match,1.0,oracle,0.0,False,True,0.8976,True
bike-packing,0_2,46,periodic,identity,0.925,match,1.0,oracle,0.0,False,True,0.9,True
bike-packing,0_2,47,periodic,identity,0.9009,match,1.0,oracle,0.0,False,True,0.899,True
bike-packing,0_2,48,periodic,identity,0.8617,match,1.0,oracle,0.0,False,True,0.8941,True
bike-packing,0_2,49,periodic,identity,0.8761,match,1.0,oracle,0.0,False,True,0.9054,True
bike-packing,0_2,50,periodic,identity,0.8802,match,1.0,oracle,0.0,False,True,0.9053,True
bike-packing,0_2,51,periodic,identity,0.8806,match,1.0,oracle,0.0,False,True,0.9258,True
bike-packing,0_2,52,periodic,identity,0.9282,match,1.0,oracle,0.0,False,True,0.9249,True
bike-packing,0_2,53,periodic,identity,0.9172,match,1.0,oracle,0.0,False,True,0.9175,True
bike-packing,0_2,54,periodic,identity,0.9202,match,1.0,oracle,0.0,False,True,0.9112,True
bike-packing,0_2,55,periodic,identity,0.9253,match,1.0,oracle,0.0,False,True,0.9183,True
bike-packing,0_2,56,periodic,identity,0.9334,match,1.0,oracle,0.0,False,True,0.9159,True
bike-packing,0_2,57,periodic,identity,0.925,match,1.0,oracle,0.0,False,True,0.9125,True
bike-packing,0_2,58,periodic,identity,0.8585,match,1.0,oracle,0.0,False,True,0.927,True
bike-packing,0_2,59,periodic,identity,0.8983,match,1.0,oracle,0.0,False,True,0.9356,True
bike-packing,0_2,60,periodic,identity,0.9086,match,1.0,oracle,0.0,False,True,0.9313,True
bike-packing,0_2,61,periodic,identity,0.9069,match,1.0,oracle,0.0,False,True,0.9413,True
bike-packing,0_2,62,periodic,identity,0.9143,match,1.0,oracle,0.0,False,True,0.9438,True
bike-packing,0_2,63,periodic,identity,0.9194,match,1.0,oracle,0.0,False,True,0.95,True
bike-packing,0_2,64,periodic,identity,0.9081,match,1.0,oracle,0.0,False,True,0.9522,True
bike-packing,0_2,65,periodic,identity,0.9152,match,1.0,oracle,0.0,False,True,0.9456,True
bike-packing,0_2,66,periodic,identity,0.9285,match,1.0,oracle,0.0,False,True,0.9488,True
bike-packing,0_2,67,periodic,identity,0.9192,match,1.0,oracle,0.0,False,True,0.9503,True
bike-packing,0_2,68,periodic,identity,0.9239,match,1.0,oracle,0.0,False,True,0.9465,True
bike-packing,0_1,1,periodic,identity,0.9691,match,1.0,oracle,0.0,False,True,0.6544,True
bike-packing,0_1,2,periodic,identity,0.9737,match,1.0,oracle,0.0,False,True,0.6545,True
bike-packing,0_1,3,periodic,identity,0.9749,match,1.0,oracle,0.0,False,True,0.6504,True
bike-packing,0_1,4,periodic,identity,0.9488,match,1.0,oracle,0.0,False,True,0.6577,True
bike-packing,0_1,5,periodic,identity,0.9569,match,1.0,oracle,0.0,False,True,0.6574,True
bike-packing,0_1,6,periodic,identity,0.945,match,1.0,oracle,0.0,False,True,0.6387,True
bike-packing,0_1,7,periodic,identity,0.9517,match,1.0,oracle,0.0,False,True,0.6399,True
bike-packing,0_1,8,periodic,identity,0.9613,match,1.0,oracle,0.0,False,True,0.6516,True
bike-packing,0_1,9,periodic,identity,0.9626,match,1.0,oracle,0.0,False,True,0.6539,True
bike-packing,0_1,10,periodic,identity,0.9306,match,1.0,oracle,0.0,False,True,0.6336,True
bike-packing,0_1,11,periodic,identity,0.9389,match,1.0,oracle,0.0,False,True,0.602,True
bike-packing,0_1,12,periodic,identity,0.9458,match,1.0,oracle,0.0,False,True,0.5878,True
bike-packing,0_1,13,periodic,identity,0.9403,match,1.0,oracle,0.0,False,True,0.5916,True
bike-packing,0_1,14,periodic,identity,0.8772,match,1.0,oracle,0.0,False,True,0.6125,True
bike-packing,0_1,15,periodic,identity,0.6956,match,1.0,oracle,0.0,False,True,0.6162,True
bike-packing,0_1,16,periodic,identity,0.6997,match,1.0,oracle,0.0,False,True,0.6215,True
bike-packing,0_1,17,periodic,identity,0.8221,match,1.0,oracle,0.0,False,True,0.6765,True
bike-packing,0_1,18,periodic,identity,0.8444,match,1.0,oracle,0.0,False,True,0.7157,True
bike-packing,0_1,19,periodic,identity,0.8436,match,1.0,oracle,0.0,False,True,0.7408,True
bike-packing,0_1,20,periodic,identity,0.7995,match,1.0,oracle,0.0,False,True,0.7917,True
bike-packing,0_1,21,periodic,identity,0.814,match,1.0,oracle,0.0,False,True,0.6431,True
bike-packing,0_1,22,periodic,identity,0.819,match,1.0,oracle,0.0,False,True,0.6138,True
bike-packing,0_1,23,periodic,identity,0.8856,match,1.0,oracle,0.0,False,True,0.607,True
bike-packing,0_1,24,periodic,identity,0.8968,match,1.0,oracle,0.0,False,True,0.6097,True
bike-packing,0_1,25,periodic,identity,0.8963,match,1.0,oracle,0.0,False,True,0.6054,True
bike-packing,0_1,26,periodic,identity,0.8899,match,1.0,oracle,0.0,False,True,0.6115,True
bike-packing,0_1,27,periodic,identity,0.8875,match,1.0,oracle,0.0,False,True,0.6146,True
bike-packing,0_1,28,periodic,identity,0.9167,match,1.0,oracle,0.0,False,True,0.6183,True
bike-packing,0_1,29,periodic,identity,0.9156,match,1.0,oracle,0.0,False,True,0.6155,True
bike-packing,0_1,30,periodic,identity,0.9188,match,1.0,oracle,0.0,False,True,0.6154,True
bike-packing,0_1,31,periodic,identity,0.9076,match,1.0,oracle,0.0,False,True,0.6135,True
bike-packing,0_1,32,periodic,identity,0.9084,match,1.0,oracle,0.0,False,True,0.6159,True
bike-packing,0_1,33,periodic,identity,0.9285,match,1.0,oracle,0.0,False,True,0.6117,True
bike-packing,0_1,34,periodic,identity,0.939,match,1.0,oracle,0.0,False,True,0.6102,True
bike-packing,0_1,35,periodic,identity,0.933,match,1.0,oracle,0.0,False,True,0.6127,True
bike-packing,0_1,36,periodic,identity,0.9332,match,1.0,oracle,0.0,False,True,0.6119,True
bike-packing,0_1,37,periodic,identity,0.9351,match,1.0,oracle,0.0,False,True,0.6147,True
bike-packing,0_1,38,periodic,identity,0.9289,match,1.0,oracle,0.0,False,True,0.6064,True
bike-packing,0_1,39,periodic,identity,0.9223,match,1.0,oracle,0.0,False,True,0.6155,True
bike-packing,0_1,40,periodic,identity,0.9129,match,1.0,oracle,0.0,False,True,0.6134,True
bike-packing,0_1,41,periodic,identity,0.9233,match,1.0,oracle,0.0,False,True,0.6092,True
bike-packing,0_1,42,periodic,identity,0.9277,match,1.0,oracle,0.0,False,True,0.6111,True
bike-packing,0_1,43,periodic,identity,0.9258,match,1.0,oracle,0.0,False,True,0.6067,True
bike-packing,0_1,44,periodic,identity,0.9246,match,1.0,oracle,0.0,False,True,0.6047,True
bike-packing,0_1,45,periodic,identity,0.9294,match,1.0,oracle,0.0,False,True,0.601,True
bike-packing,0_1,46,periodic,identity,0.9243,match,1.0,oracle,0.0,False,True,0.6089,True
bike-packing,0_1,47,periodic,identity,0.9193,match,1.0,oracle,0.0,False,True,0.6064,True
bike-packing,0_1,48,periodic,identity,0.8985,match,1.0,oracle,0.0,False,True,0.6253,True
bike-packing,0_1,49,periodic,identity,0.8855,match,1.0,oracle,0.0,False,True,0.6201,True
bike-packing,0_1,50,periodic,identity,0.8693,match,1.0,oracle,0.0,False,True,0.7904,True
bike-packing,0_1,51,periodic,identity,0.8389,match,1.0,oracle,0.0,False,True,0.8641,True
bike-packing,0_1,52,periodic,identity,0.8681,match,1.0,oracle,0.0,False,True,0.8514,True
bike-packing,0_1,53,periodic,identity,0.9016,match,1.0,oracle,0.0,False,True,0.86,True
bike-packing,0_1,54,periodic,identity,0.9053,match,1.0,oracle,0.0,False,True,0.8431,True
bike-packing,0_1,55,periodic,identity,0.8758,match,1.0,oracle,0.0,False,True,0.8483,True
bike-packing,0_1,56,periodic,identity,0.9048,match,1.0,oracle,0.0,False,True,0.8486,True
bike-packing,0_1,57,periodic,identity,0.9046,match,1.0,oracle,0.0,False,True,0.8494,True
bike-packing,0_1,58,periodic,identity,0.9322,match,1.0,oracle,0.0,False,True,0.8574,True
bike-packing,0_1,59,periodic,identity,0.9238,match,1.0,oracle,0.0,False,True,0.8549,True
bike-packing,0_1,60,periodic,identity,0.9297,match,1.0,oracle,0.0,False,True,0.8693,True
bike-packing,0_1,61,periodic,identity,0.9452,match,1.0,oracle,0.0,False,True,0.8649,True
bike-packing,0_1,62,periodic,identity,0.9478,match,1.0,oracle,0.0,False,True,0.8592,True
bike-packing,0_1,63,periodic,identity,0.9406,match,1.0,oracle,0.0,False,True,0.829,True
bike-packing,0_1,64,periodic,identity,0.9465,match,1.0,oracle,0.0,False,True,0.8744,True
bike-packing,0_1,65,periodic,identity,0.954,match,1.0,oracle,0.0,False,True,0.8752,True
bike-packing,0_1,66,periodic,identity,0.9543,match,1.0,oracle,0.0,False,True,0.8713,True
bike-packing,0_1,67,periodic,identity,0.9438,match,1.0,oracle,0.0,False,True,0.8272,True
bike-packing,0_1,68,periodic,identity,0.961,match,1.0,oracle,0.0,False,True,0.8171,True
blackswan,0_1,1,periodic,identity,0.9892,match,1.0,oracle,0.0,False,True,0.9635,True
blackswan,0_1,2,periodic,identity,0.987,match,1.0,oracle,0.0,False,True,0.9657,True
blackswan,0_1,3,periodic,identity,0.99,match,1.0,oracle,0.0,False,True,0.9662,True
blackswan,0_1,4,periodic,identity,0.992,match,1.0,oracle,0.0,False,True,0.9649,True
blackswan,0_1,5,periodic,identity,0.9918,match,1.0,oracle,0.0,False,True,0.9657,True
blackswan,0_1,6,periodic,identity,0.993,match,1.0,oracle,0.0,False,True,0.9618,True
blackswan,0_1,7,periodic,identity,0.9936,match,1.0,oracle,0.0,False,True,0.9616,True
blackswan,0_1,8,periodic,identity,0.9943,match,1.0,oracle,0.0,False,True,0.964,True
blackswan,0_1,9,periodic,identity,0.9925,match,1.0,oracle,0.0,False,True,0.9637,True
blackswan,0_1,10,periodic,identity,0.9927,match,1.0,oracle,0.0,False,True,0.9643,True
blackswan,0_1,11,periodic,identity,0.9921,match,1.0,oracle,0.0,False,True,0.9627,True
blackswan,0_1,12,periodic,identity,0.9906,match,1.0,oracle,0.0,False,True,0.9628,True
blackswan,0_1,13,periodic,identity,0.9895,match,1.0,oracle,0.0,False,True,0.9633,True
blackswan,0_1,14,periodic,identity,0.9859,match,1.0,oracle,0.0,False,True,0.9611,True
blackswan,0_1,15,periodic,identity,0.9854,match,1.0,oracle,0.0,False,True,0.9612,True
blackswan,0_1,16,periodic,identity,0.9866,match,1.0,oracle,0.0,False,True,0.9621,True
blackswan,0_1,17,periodic,identity,0.9891,match,1.0,oracle,0.0,False,True,0.9609,True
blackswan,0_1,18,periodic,identity,0.9889,match,1.0,oracle,0.0,False,True,0.9597,True
blackswan,0_1,19,periodic,identity,0.9874,match,1.0,oracle,0.0,False,True,0.9666,True
blackswan,0_1,20,periodic,identity,0.9862,match,1.0,oracle,0.0,False,True,0.9678,True
blackswan,0_1,21,periodic,identity,0.9874,match,1.0,oracle,0.0,False,True,0.9638,True
blackswan,0_1,22,periodic,identity,0.9867,match,1.0,oracle,0.0,False,True,0.9647,True
blackswan,0_1,23,periodic,identity,0.9894,match,1.0,oracle,0.0,False,True,0.9672,True
blackswan,0_1,24,periodic,identity,0.9875,match,1.0,oracle,0.0,False,True,0.9681,True
blackswan,0_1,25,periodic,identity,0.9892,match,1.0,oracle,0.0,False,True,0.9664,True
blackswan,0_1,26,periodic,identity,0.9917,match,1.0,oracle,0.0,False,True,0.9636,True
blackswan,0_1,27,periodic,identity,0.9905,match,1.0,oracle,0.0,False,True,0.9606,True
blackswan,0_1,28,periodic,identity,0.9892,match,1.0,oracle,0.0,False,True,0.961,True
blackswan,0_1,29,periodic,identity,0.9896,match,1.0,oracle,0.0,False,True,0.9598,True
blackswan,0_1,30,periodic,identity,0.989,match,1.0,oracle,0.0,False,True,0.9613,True
blackswan,0_1,31,periodic,identity,0.9924,match,1.0,oracle,0.0,False,True,0.9599,True
blackswan,0_1,32,periodic,identity,0.9904,match,1.0,oracle,0.0,False,True,0.9567,True
blackswan,0_1,33,periodic,identity,0.9916,match,1.0,oracle,0.0,False,True,0.9576,True
blackswan,0_1,34,periodic,identity,0.992,match,1.0,oracle,0.0,False,True,0.9564,True
blackswan,0_1,35,periodic,identity,0.9927,match,1.0,oracle,0.0,False,True,0.9571,True
blackswan,0_1,36,periodic,identity,0.99,match,1.0,oracle,0.0,False,True,0.9542,True
blackswan,0_1,37,periodic,identity,0.9935,match,1.0,oracle,0.0,False,True,0.952,True
blackswan,0_1,38,periodic,identity,0.9922,match,1.0,oracle,0.0,False,True,0.9513,True
blackswan,0_1,39,periodic,identity,0.9914,match,1.0,oracle,0.0,False,True,0.9499,True
blackswan,0_1,40,periodic,identity,0.9917,match,1.0,oracle,0.0,False,True,0.9499,True
blackswan,0_1,41,periodic,identity,0.9924,match,1.0,oracle,0.0,False,True,0.9494,True
blackswan,0_1,42,periodic,identity,0.9931,match,1.0,oracle,0.0,False,True,0.9511,True
blackswan,0_1,43,periodic,identity,0.9913,match,1.0,oracle,0.0,False,True,0.9542,True
blackswan,0_1,44,periodic,identity,0.9904,match,1.0,oracle,0.0,False,True,0.9561,True
blackswan,0_1,45,periodic,identity,0.9893,match,1.0,oracle,0.0,False,True,0.9525,True
blackswan,0_1,46,periodic,identity,0.9898,match,1.0,oracle,0.0,False,True,0.948,True
blackswan,0_1,47,periodic,identity,0.9903,match,1.0,oracle,0.0,False,True,0.9511,True
blackswan,0_1,48,periodic,identity,0.9877,match,1.0,oracle,0.0,False,True,0.9519,True
blackswan,0_1,49,periodic,identity,0.9884,match,1.0,oracle,0.0,False,True,0.9482,True
bmx-trees,0_2,1,periodic,identity,0.9498,match,1.0,oracle,0.0,False,True,0.9019,True
bmx-trees,0_2,2,periodic,identity,0.932,match,1.0,oracle,0.0,False,True,0.9128,True
bmx-trees,0_2,3,periodic,identity,0.9589,match,1.0,oracle,0.0,False,True,0.9025,True
bmx-trees,0_2,4,periodic,identity,0.8946,match,1.0,oracle,0.0,False,True,0.902,True
bmx-trees,0_2,5,periodic,identity,0.8939,match,1.0,oracle,0.0,False,True,0.8862,True
bmx-trees,0_2,6,periodic,identity,0.9565,match,1.0,oracle,0.0,False,True,0.898,True
bmx-trees,0_2,7,periodic,identity,0.9375,match,1.0,oracle,0.0,False,True,0.8906,True
bmx-trees,0_2,8,periodic,identity,0.9367,match,1.0,oracle,0.0,False,True,0.8814,True
bmx-trees,0_2,9,periodic,identity,0.9376,match,1.0,oracle,0.0,False,True,0.874,True
bmx-trees,0_2,10,periodic,identity,0.9215,match,1.0,oracle,0.0,False,True,0.8792,True
bmx-trees,0_2,11,periodic,identity,0.9282,match,1.0,oracle,0.0,False,True,0.8405,True
bmx-trees,0_2,12,periodic,identity,0.9262,match,1.0,oracle,0.0,False,True,0.8982,True
bmx-trees,0_2,13,periodic,identity,0.9385,match,1.0,oracle,0.0,False,True,0.8951,True
bmx-trees,0_2,14,periodic,identity,0.9379,match,1.0,oracle,0.0,False,True,0.8963,True
bmx-trees,0_2,15,periodic,identity,0.8497,match,1.0,oracle,0.0,False,True,0.848,True
bmx-trees,0_2,16,periodic,identity,0.6364,match,1.0,oracle,0.0,False,True,0.7553,True
bmx-trees,0_2,17,periodic,identity,0.532,match,1.0,oracle,0.0,False,True,0.8323,True
bmx-trees,0_2,18,periodic,identity,0.5734,match,1.0,oracle,0.0,False,True,0.8693,True
bmx-trees,0_2,19,periodic,identity,0.6994,match,1.0,oracle,0.0,False,True,0.8816,True
bmx-trees,0_2,20,periodic,identity,0.8688,match,1.0,oracle,0.0,False,True,0.8499,True
bmx-trees,0_2,21,periodic,identity,0.8398,match,1.0,oracle,0.0,False,True,0.87,True
bmx-trees,0_2,22,periodic,identity,0.808,match,1.0,oracle,0.0,False,True,0.8034,True
bmx-trees,0_2,23,periodic,identity,0.7777,match,1.0,oracle,0.0,False,True,0.8568,True
bmx-trees,0_2,24,periodic,identity,0.8785,match,1.0,oracle,0.0,False,True,0.9008,True
bmx-trees,0_2,25,periodic,identity,0.9265,match,1.0,oracle,0.0,False,True,0.8576,True
bmx-trees,0_2,26,periodic,identity,0.9014,match,1.0,oracle,0.0,False,True,0.814,True
bmx-trees,0_2,27,periodic,identity,0.9166,match,1.0,oracle,0.0,False,True,0.8527,True
bmx-trees,0_2,28,periodic,identity,0.915,match,1.0,oracle,0.0,False,True,0.867,True
bmx-trees,0_2,29,periodic,identity,0.8777,match,1.0,oracle,0.0,False,True,0.8777,True
bmx-trees,0_2,30,periodic,identity,0.932,match,1.0,oracle,0.0,False,True,0.8804,True
bmx-trees,0_2,31,periodic,identity,0.9349,match,1.0,oracle,0.0,False,True,0.8626,True
bmx-trees,0_2,32,periodic,identity,0.9125,match,1.0,oracle,0.0,False,True,0.8718,True
bmx-trees,0_2,33,periodic,identity,0.9163,match,1.0,oracle,0.0,False,True,0.8858,True
bmx-trees,0_2,34,periodic,identity,0.9064,match,1.0,oracle,0.0,False,True,0.8922,True
bmx-trees,0_2,35,periodic,identity,0.9232,match,1.0,oracle,0.0,False,True,0.8843,True
bmx-trees,0_2,36,periodic,identity,0.9407,match,1.0,oracle,0.0,False,True,0.8612,True
bmx-trees,0_2,37,periodic,identity,0.8852,match,1.0,oracle,0.0,False,True,0.8589,True
bmx-trees,0_2,38,periodic,identity,0.9,match,1.0,oracle,0.0,False,True,0.8925,True
bmx-trees,0_2,39,periodic,identity,0.9466,match,1.0,oracle,0.0,False,True,0.8794,True
bmx-trees,0_2,40,periodic,identity,0.9562,match,1.0,oracle,0.0,False,True,0.8805,True
bmx-trees,0_2,41,periodic,identity,0.9541,match,1.0,oracle,0.0,False,True,0.8672,True
bmx-trees,0_2,42,periodic,identity,0.9098,match,1.0,oracle,0.0,False,True,0.8585,True
bmx-trees,0_2,43,periodic,identity,0.9249,match,1.0,oracle,0.0,False,True,0.8428,True
bmx-trees,0_2,44,periodic,identity,0.9518,match,1.0,oracle,0.0,False,True,0.872,True
bmx-trees,0_2,45,periodic,identity,0.9488,match,1.0,oracle,0.0,False,True,0.8814,True
bmx-trees,0_2,46,periodic,identity,0.916,match,1.0,oracle,0.0,False,True,0.888,True
bmx-trees,0_2,47,periodic,identity,0.9368,match,1.0,oracle,0.0,False,True,0.8633,True
bmx-trees,0_2,48,periodic,identity,0.9062,match,1.0,oracle,0.0,False,True,0.825,True
bmx-trees,0_2,49,periodic,identity,0.8786,match,1.0,oracle,0.0,False,True,0.718,True
bmx-trees,0_2,50,periodic,identity,0.8806,match,1.0,oracle,0.0,False,True,0.7575,True
bmx-trees,0_2,51,periodic,identity,0.8707,match,1.0,oracle,0.0,False,True,0.7,True
bmx-trees,0_2,52,periodic,identity,0.7439,no_match,1.0,oracle,0.0,False,True,0.4547,True
bmx-trees,0_2,53,periodic,identity,0.8147,no_match,1.0,oracle,0.0,False,True,0.4283,True
bmx-trees,0_2,54,periodic,identity,0.8732,no_match,1.0,oracle,0.0,False,True,0.4431,True
bmx-trees,0_2,55,periodic,identity,0.8397,match,1.0,oracle,0.0,False,True,0.5349,True
bmx-trees,0_2,56,periodic,identity,0.8872,match,1.0,oracle,0.0,False,True,0.5924,True
bmx-trees,0_2,57,periodic,identity,0.8413,match,1.0,oracle,0.0,False,True,0.6515,True
bmx-trees,0_2,58,periodic,identity,0.7905,match,1.0,oracle,0.0,False,True,0.6126,True
bmx-trees,0_2,59,periodic,identity,0.8626,match,1.0,oracle,0.0,False,True,0.5995,True
bmx-trees,0_2,60,periodic,identity,0.7649,match,1.0,oracle,0.0,False,True,0.5317,True
bmx-trees,0_2,61,periodic,identity,0.8254,no_match,1.0,oracle,0.0,False,True,0.3882,True
bmx-trees,0_2,62,periodic,identity,0.8585,no_match,1.0,oracle,0.0,False,True,0.3912,True
bmx-trees,0_2,63,periodic,identity,0.7944,no_match,1.0,oracle,0.0,False,True,0.4894,True
bmx-trees,0_2,64,periodic,identity,0.8288,match,1.0,oracle,0.0,False,True,0.5875,True
bmx-trees,0_2,65,periodic,identity,0.7447,match,1.0,oracle,0.0,False,True,0.6466,True
bmx-trees,0_2,66,periodic,identity,0.6904,match,1.0,oracle,0.0,False,True,0.5903,True
bmx-trees,0_2,67,periodic,identity,0.7601,match,1.0,oracle,0.0,False,True,0.5523,True
bmx-trees,0_2,68,periodic,identity,0.4648,no_match,1.0,oracle,0.0,False,True,0.3823,True
bmx-trees,0_2,69,periodic,identity,0.6004,match,1.0,oracle,0.0,False,True,0.7621,True
bmx-trees,0_2,70,periodic,identity,0.7318,match,1.0,oracle,0.0,False,True,0.8337,True
bmx-trees,0_2,71,periodic,identity,0.8571,match,1.0,oracle,0.0,False,True,0.825,True
bmx-trees,0_2,72,periodic,identity,0.891,match,1.0,oracle,0.0,False,True,0.8402,True
bmx-trees,0_2,73,periodic,identity,0.91,match,1.0,oracle,0.0,False,True,0.846,True
bmx-trees,0_2,74,periodic,identity,0.9002,match,1.0,oracle,0.0,False,True,0.8721,True
bmx-trees,0_2,75,periodic,identity,0.9154,match,1.0,oracle,0.0,False,True,0.858,True
bmx-trees,0_2,76,periodic,identity,0.9309,match,1.0,oracle,0.0,False,True,0.8413,True
bmx-trees,0_2,77,periodic,identity,0.8979,match,1.0,oracle,0.0,False,True,0.8459,True
bmx-trees,0_2,78,periodic,identity,0.9122,match,1.0,oracle,0.0,False,True,0.8116,True
bmx-trees,0_2,79,periodic,identity,0.8871,match,1.0,oracle,0.0,False,True,0.8082,True
bmx-trees,0_1,1,periodic,identity,0.8872,match,1.0,oracle,0.0,False,True,0.6422,True
bmx-trees,0_1,2,periodic,identity,0.8706,match,1.0,oracle,0.0,False,True,0.6515,True
bmx-trees,0_1,3,periodic,identity,0.8763,match,1.0,oracle,0.0,False,True,0.672,True
bmx-trees,0_1,4,periodic,identity,0.856,match,1.0,oracle,0.0,False,True,0.6807,True
bmx-trees,0_1,5,periodic,identity,0.8679,match,1.0,oracle,0.0,False,True,0.6778,True
bmx-trees,0_1,6,periodic,identity,0.9204,match,1.0,oracle,0.0,False,True,0.7305,True
bmx-trees,0_1,7,periodic,identity,0.8917,match,1.0,oracle,0.0,False,True,0.7618,True
bmx-trees,0_1,8,periodic,identity,0.9064,match,1.0,oracle,0.0,False,True,0.7279,True
bmx-trees,0_1,9,periodic,identity,0.9138,match,1.0,oracle,0.0,False,True,0.7456,True
bmx-trees,0_1,10,periodic,identity,0.9219,match,1.0,oracle,0.0,False,True,0.7466,True
bmx-trees,0_1,11,periodic,identity,0.8931,match,1.0,oracle,0.0,False,True,0.6935,True
bmx-trees,0_1,12,periodic,identity,0.8922,match,1.0,oracle,0.0,False,True,0.7357,True
bmx-trees,0_1,13,periodic,identity,0.8776,match,1.0,oracle,0.0,False,True,0.6975,True
bmx-trees,0_1,14,periodic,identity,0.7806,match,1.0,oracle,0.0,False,True,0.6596,True
bmx-trees,0_1,15,periodic,identity,0.5322,match,1.0,oracle,0.0,False,True,0.624,True
bmx-trees,0_1,16,periodic,identity,0.4941,match,1.0,oracle,0.0,False,True,0.581,True
bmx-trees,0_1,17,periodic,identity,0.612,match,1.0,oracle,0.0,False,True,0.6325,True
bmx-trees,0_1,18,periodic,identity,0.6311,match,1.0,oracle,0.0,False,True,0.6336,True
bmx-trees,0_1,19,periodic,identity,0.5654,match,1.0,oracle,0.0,False,True,0.5679,True
bmx-trees,0_1,20,periodic,identity,0.5171,match,1.0,oracle,0.0,False,True,0.5728,True
bmx-trees,0_1,21,periodic,identity,0.6948,match,1.0,oracle,0.0,False,True,0.609,True
bmx-trees,0_1,22,periodic,identity,0.7753,match,1.0,oracle,0.0,False,True,0.6067,True
bmx-trees,0_1,23,periodic,identity,0.7371,match,1.0,oracle,0.0,False,True,0.5622,True
bmx-trees,0_1,24,periodic,identity,0.6568,match,1.0,oracle,0.0,False,True,0.6327,True
bmx-trees,0_1,25,periodic,identity,0.7486,match,1.0,oracle,0.0,False,True,0.6361,True
bmx-trees,0_1,26,periodic,identity,0.8473,match,1.0,oracle,0.0,False,True,0.6079,True
bmx-trees,0_1,27,periodic,identity,0.8133,match,1.0,oracle,0.0,False,True,0.5912,True
bmx-trees,0_1,28,periodic,identity,0.8847,match,1.0,oracle,0.0,False,True,0.5525,True
bmx-trees,0_1,29,periodic,identity,0.88,match,1.0,oracle,0.0,False,True,0.5946,True
bmx-trees,0_1,30,periodic,identity,0.8634,match,1.0,oracle,0.0,False,True,0.5788,True
bmx-trees,0_1,31,periodic,identity,0.8132,match,1.0,oracle,0.0,False,True,0.5472,True
bmx-trees,0_1,32,periodic,identity,0.815,match,1.0,oracle,0.0,False,True,0.6365,True
bmx-trees,0_1,33,periodic,identity,0.8201,match,1.0,oracle,0.0,False,True,0.5936,True
bmx-trees,0_1,34,periodic,identity,0.7738,match,1.0,oracle,0.0,False,True,0.622,True
bmx-trees,0_1,35,periodic,identity,0.8704,match,1.0,oracle,0.0,False,True,0.6207,True
bmx-trees,0_1,36,periodic,identity,0.8772,match,1.0,oracle,0.0,False,True,0.6288,True
bmx-trees,0_1,37,periodic,identity,0.85,match,1.0,oracle,0.0,False,True,0.6142,True
bmx-trees,0_1,38,periodic,identity,0.8512,match,1.0,oracle,0.0,False,True,0.5849,True
bmx-trees,0_1,39,periodic,identity,0.8656,match,1.0,oracle,0.0,False,True,0.5849,True
bmx-trees,0_1,40,periodic,identity,0.8744,match,1.0,oracle,0.0,False,True,0.5307,True
bmx-trees,0_1,41,periodic,identity,0.876,match,1.0,oracle,0.0,False,True,0.5658,True
bmx-trees,0_1,42,periodic,identity,0.8026,match,1.0,oracle,0.0,False,True,0.5687,True
bmx-trees,0_1,43,periodic,identity,0.8408,match,1.0,oracle,0.0,False,True,0.5278,True
bmx-trees,0_1,44,periodic,identity,0.8729,match,1.0,oracle,0.0,False,True,0.569,True
bmx-trees,0_1,45,periodic,identity,0.9059,match,1.0,oracle,0.0,False,True,0.5574,True
bmx-trees,0_1,46,periodic,identity,0.8815,match,1.0,oracle,0.0,False,True,0.6012,True
bmx-trees,0_1,47,periodic,identity,0.9096,match,1.0,oracle,0.0,False,True,0.648,True
bmx-trees,0_1,48,periodic,identity,0.8092,match,1.0,oracle,0.0,False,True,0.5713,True
bmx-trees,0_1,49,periodic,identity,0.6676,match,1.0,oracle,0.0,False,True,0.5458,True
bmx-trees,0_1,50,periodic,identity,0.6394,no_match,1.0,oracle,0.0,False,True,0.4968,True
bmx-trees,0_1,51,periodic,identity,0.6173,no_match,1.0,oracle,0.0,False,True,0.4757,True
bmx-trees,0_1,52,periodic,identity,0.455,match,1.0,oracle,0.0,False,True,0.5268,True
bmx-trees,0_1,53,periodic,identity,0.6157,no_match,1.0,oracle,0.0,False,True,0.4965,True
bmx-trees,0_1,54,periodic,identity,0.7254,no_match,1.0,oracle,0.0,False,True,0.4898,True
bmx-trees,0_1,55,periodic,identity,0.5669,no_match,1.0,oracle,0.0,False,True,0.3561,True
bmx-trees,0_1,56,periodic,identity,0.6782,no_match,1.0,oracle,0.0,False,True,0.4365,True
bmx-trees,0_1,57,periodic,identity,0.6304,no_match,1.0,oracle,0.0,False,True,0.4121,True
bmx-trees,0_1,58,periodic,identity,0.6066,no_match,1.0,oracle,0.0,False,True,0.4009,True
bmx-trees,0_1,59,periodic,identity,0.4184,no_match,1.0,oracle,0.0,False,True,0.3637,True
bmx-trees,0_1,60,periodic,identity,0.552,no_match,1.0,oracle,0.0,False,True,0.2858,True
bmx-trees,0_1,61,periodic,identity,0.4813,no_match,1.0,oracle,0.0,False,True,0.2006,True
bmx-trees,0_1,62,periodic,identity,0.5549,no_match,1.0,oracle,0.0,False,True,0.3234,True
bmx-trees,0_1,63,periodic,identity,0.5751,no_match,1.0,oracle,0.0,False,True,0.3007,True
bmx-trees,0_1,64,periodic,identity,0.655,no_match,1.0,oracle,0.0,False,True,0.2713,True
bmx-trees,0_1,65,periodic,identity,0.6318,no_match,1.0,oracle,0.0,False,True,0.2837,True
bmx-trees,0_1,66,periodic,identity,0.5374,no_match,1.0,oracle,0.0,False,True,0.3618,True
bmx-trees,0_1,67,periodic,identity,0.6067,no_match,1.0,oracle,0.0,False,True,0.4231,True
bmx-trees,0_1,68,periodic,identity,0.6573,no_match,1.0,oracle,0.0,False,True,0.3879,True
bmx-trees,0_1,69,periodic,identity,0.629,no_match,1.0,oracle,0.0,False,True,0.3856,True
bmx-trees,0_1,70,periodic,identity,0.7401,match,1.0,oracle,0.0,False,True,0.5122,True
bmx-trees,0_1,71,periodic,identity,0.6679,match,1.0,oracle,0.0,False,True,0.5425,True
bmx-trees,0_1,72,periodic,identity,0.658,match,1.0,oracle,0.0,False,True,0.5833,True
bmx-trees,0_1,73,periodic,identity,0.7357,no_match,1.0,oracle,0.0,False,True,0.496,True
bmx-trees,0_1,74,periodic,identity,0.7531,match,1.0,oracle,0.0,False,True,0.5492,True
bmx-trees,0_1,75,periodic,identity,0.7608,match,1.0,oracle,0.0,False,True,0.6224,True
bmx-trees,0_1,76,periodic,identity,0.7465,match,1.0,oracle,0.0,False,True,0.5739,True
bmx-trees,0_1,77,periodic,identity,0.7049,match,1.0,oracle,0.0,False,True,0.5457,True
bmx-trees,0_1,78,periodic,identity,0.7595,match,1.0,oracle,0.0,False,True,0.5467,True
bmx-trees,0_1,79,periodic,identity,0.7606,match,1.0,oracle,0.0,False,True,0.5594,True
breakdance,0_1,1,periodic,identity,0.944,no_match,1.0,oracle,0.0,False,True,0.4181,True
breakdance,0_1,2,periodic,identity,0.9489,no_match,1.0,oracle,0.0,False,True,0.408,True
breakdance,0_1,3,periodic,identity,0.9571,no_match,1.0,oracle,0.0,False,True,0.4026,True
breakdance,0_1,4,periodic,identity,0.8973,no_match,1.0,oracle,0.0,False,True,0.4084,True
breakdance,0_1,5,periodic,identity,0.924,no_match,1.0,oracle,0.0,False,True,0.3808,True
breakdance,0_1,6,periodic,identity,0.9464,no_match,1.0,oracle,0.0,False,True,0.32,True
breakdance,0_1,7,periodic,identity,0.9193,no_match,1.0,oracle,0.0,False,True,0.2953,True
breakdance,0_1,8,periodic,identity,0.9232,no_match,1.0,oracle,0.0,False,True,0.3188,True
breakdance,0_1,9,periodic,identity,0.8887,no_match,1.0,oracle,0.0,False,True,0.2538,True
breakdance,0_1,10,periodic,identity,0.8714,no_match,1.0,oracle,0.0,False,True,0.2212,True
breakdance,0_1,11,periodic,identity,0.8508,no_match,1.0,oracle,0.0,False,True,0.1863,True
breakdance,0_1,12,periodic,identity,0.6915,no_match,1.0,oracle,0.0,False,True,0.1304,True
breakdance,0_1,13,periodic,identity,0.5661,no_match,1.0,oracle,0.0,False,True,0.1571,True
breakdance,0_1,14,periodic,identity,0.7973,no_match,1.0,oracle,0.0,False,True,0.1937,True
breakdance,0_1,15,periodic,identity,0.8622,no_match,1.0,oracle,0.0,False,True,0.2325,True
breakdance,0_1,16,periodic,identity,0.8417,no_match,1.0,oracle,0.0,False,True,0.2668,True
breakdance,0_1,17,periodic,identity,0.8596,no_match,1.0,oracle,0.0,False,True,0.2746,True
breakdance,0_1,18,periodic,identity,0.8516,no_match,1.0,oracle,0.0,False,True,0.2886,True
breakdance,0_1,19,periodic,identity,0.8871,no_match,1.0,oracle,0.0,False,True,0.299,True
breakdance,0_1,20,periodic,identity,0.8477,no_match,1.0,oracle,0.0,False,True,0.2797,True
breakdance,0_1,21,periodic,identity,0.8495,no_match,1.0,oracle,0.0,False,True,0.2921,True
breakdance,0_1,22,periodic,identity,0.8714,no_match,1.0,oracle,0.0,False,True,0.3217,True
breakdance,0_1,23,periodic,identity,0.8663,no_match,1.0,oracle,0.0,False,True,0.3376,True
breakdance,0_1,24,periodic,identity,0.8417,no_match,1.0,oracle,0.0,False,True,0.343,True
breakdance,0_1,25,periodic,identity,0.875,no_match,1.0,oracle,0.0,False,True,0.3272,True
breakdance,0_1,26,periodic,identity,0.8686,no_match,1.0,oracle,0.0,False,True,0.3359,True
breakdance,0_1,27,periodic,identity,0.8881,no_match,1.0,oracle,0.0,False,True,0.3226,True
breakdance,0_1,28,periodic,identity,0.9138,no_match,1.0,oracle,0.0,False,True,0.3334,True
breakdance,0_1,29,periodic,identity,0.9211,no_match,1.0,oracle,0.0,False,True,0.3809,True
breakdance,0_1,30,periodic,identity,0.9012,no_match,1.0,oracle,0.0,False,True,0.4589,True
breakdance,0_1,31,periodic,identity,0.8938,no_match,1.0,oracle,0.0,False,True,0.4808,True
breakdance,0_1,32,periodic,identity,0.9005,no_match,1.0,oracle,0.0,False,True,0.4935,True
breakdance,0_1,33,periodic,identity,0.9007,no_match,1.0,oracle,0.0,False,True,0.4868,True
breakdance,0_1,34,periodic,identity,0.9206,match,1.0,oracle,0.0,False,True,0.5135,True
breakdance,0_1,35,periodic,identity,0.9288,match,1.0,oracle,0.0,False,True,0.5349,True
breakdance,0_1,36,periodic,identity,0.9221,match,1.0,oracle,0.0,False,True,0.5663,True
breakdance,0_1,37,periodic,identity,0.9087,match,1.0,oracle,0.0,False,True,0.5864,True
breakdance,0_1,38,periodic,identity,0.9197,match,1.0,oracle,0.0,False,True,0.5921,True
breakdance,0_1,39,periodic,identity,0.9398,match,1.0,oracle,0.0,False,True,0.5985,True
breakdance,0_1,40,periodic,identity,0.9027,match,1.0,oracle,0.0,False,True,0.623,True
breakdance,0_1,41,periodic,identity,0.8945,match,1.0,oracle,0.0,False,True,0.5558,True
breakdance,0_1,42,periodic,identity,0.8556,no_match,1.0,oracle,0.0,False,True,0.4748,True
breakdance,0_1,43,periodic,identity,0.8307,no_match,1.0,oracle,0.0,False,True,0.412,True
breakdance,0_1,44,periodic,identity,0.8367,no_match,1.0,oracle,0.0,False,True,0.3869,True
breakdance,0_1,45,periodic,identity,0.8565,no_match,1.0,oracle,0.0,False,True,0.4137,True
breakdance,0_1,46,periodic,identity,0.8377,no_match,1.0,oracle,0.0,False,True,0.4644,True
breakdance,0_1,47,periodic,identity,0.8653,no_match,1.0,oracle,0.0,False,True,0.4523,True
breakdance,0_1,48,periodic,identity,0.8549,no_match,1.0,oracle,0.0,False,True,0.4202,True
breakdance,0_1,49,periodic,identity,0.8179,no_match,1.0,oracle,0.0,False,True,0.4266,True
breakdance,0_1,50,periodic,identity,0.8539,no_match,1.0,oracle,0.0,False,True,0.3993,True
breakdance,0_1,51,periodic,identity,0.919,no_match,1.0,oracle,0.0,False,True,0.3929,True
breakdance,0_1,52,periodic,identity,0.8635,no_match,1.0,oracle,0.0,False,True,0.3982,True
breakdance,0_1,53,periodic,identity,0.8624,no_match,1.0,oracle,0.0,False,True,0.4172,True
breakdance,0_1,54,periodic,identity,0.8559,no_match,1.0,oracle,0.0,False,True,0.4209,True
breakdance,0_1,55,periodic,identity,0.8466,no_match,1.0,oracle,0.0,False,True,0.4424,True
breakdance,0_1,56,periodic,identity,0.9043,no_match,1.0,oracle,0.0,False,True,0.445,True
breakdance,0_1,57,periodic,identity,0.8555,no_match,1.0,oracle,0.0,False,True,0.4603,True
breakdance,0_1,58,periodic,identity,0.8833,no_match,1.0,oracle,0.0,False,True,0.471,True
breakdance,0_1,59,periodic,identity,0.8249,no_match,1.0,oracle,0.0,False,True,0.4512,True
breakdance,0_1,60,periodic,identity,0.8168,no_match,1.0,oracle,0.0,False,True,0.437,True
breakdance,0_1,61,periodic,identity,0.8853,no_match,1.0,oracle,0.0,False,True,0.4233,True
breakdance,0_1,62,periodic,identity,0.9104,no_match,1.0,oracle,0.0,False,True,0.4542,True
breakdance,0_1,63,periodic,identity,0.9264,no_match,1.0,oracle,0.0,False,True,0.4645,True
breakdance,0_1,64,periodic,identity,0.9305,no_match,1.0,oracle,0.0,False,True,0.4549,True
breakdance,0_1,65,periodic,identity,0.9292,no_match,1.0,oracle,0.0,False,True,0.4088,True
breakdance,0_1,66,periodic,identity,0.9403,no_match,1.0,oracle,0.0,False,True,0.4004,True
breakdance,0_1,67,periodic,identity,0.9363,no_match,1.0,oracle,0.0,False,True,0.3909,True
breakdance,0_1,68,periodic,identity,0.9186,no_match,1.0,oracle,0.0,False,True,0.3803,True
breakdance,0_1,69,periodic,identity,0.9097,no_match,1.0,oracle,0.0,False,True,0.377,True
breakdance,0_1,70,periodic,identity,0.8865,no_match,1.0,oracle,0.0,False,True,0.3776,True
breakdance,0_1,71,periodic,identity,0.9167,no_match,1.0,oracle,0.0,False,True,0.3749,True
breakdance,0_1,72,periodic,identity,0.9123,no_match,1.0,oracle,0.0,False,True,0.3726,True
breakdance,0_1,73,periodic,identity,0.8828,no_match,1.0,oracle,0.0,False,True,0.3911,True
breakdance,0_1,74,periodic,identity,0.8952,no_match,1.0,oracle,0.0,False,True,0.4088,True
breakdance,0_1,75,periodic,identity,0.8864,no_match,1.0,oracle,0.0,False,True,0.3269,True
breakdance,0_1,76,periodic,identity,0.9214,no_match,1.0,oracle,0.0,False,True,0.3133,True
breakdance,0_1,77,periodic,identity,0.8838,no_match,1.0,oracle,0.0,False,True,0.2984,True
breakdance,0_1,78,periodic,identity,0.9034,no_match,1.0,oracle,0.0,False,True,0.2941,True
breakdance,0_1,79,periodic,identity,0.9024,no_match,1.0,oracle,0.0,False,True,0.2917,True
breakdance,0_1,80,periodic,identity,0.8103,no_match,1.0,oracle,0.0,False,True,0.2892,True
breakdance,0_1,81,periodic,identity,0.8216,no_match,1.0,oracle,0.0,False,True,0.3142,True
breakdance,0_1,82,periodic,identity,0.8746,no_match,1.0,oracle,0.0,False,True,0.3451,True
breakdance,0_1,83,periodic,identity,0.875,no_match,1.0,oracle,0.0,False,True,0.3827,True
camel,0_1,1,periodic,identity,0.9689,match,1.0,oracle,0.0,False,True,0.9725,True
camel,0_1,2,periodic,identity,0.9727,match,1.0,oracle,0.0,False,True,0.9755,True
camel,0_1,3,periodic,identity,0.9726,match,1.0,oracle,0.0,False,True,0.9748,True
camel,0_1,4,periodic,identity,0.9681,match,1.0,oracle,0.0,False,True,0.9729,True
camel,0_1,5,periodic,identity,0.962,match,1.0,oracle,0.0,False,True,0.9708,True
camel,0_1,6,periodic,identity,0.9699,match,1.0,oracle,0.0,False,True,0.9695,True
camel,0_1,7,periodic,identity,0.971,match,1.0,oracle,0.0,False,True,0.9694,True
camel,0_1,8,periodic,identity,0.9741,match,1.0,oracle,0.0,False,True,0.9704,True
camel,0_1,9,periodic,identity,0.9685,match,1.0,oracle,0.0,False,True,0.9694,True
camel,0_1,10,periodic,identity,0.9738,match,1.0,oracle,0.0,False,True,0.9682,True
camel,0_1,11,periodic,identity,0.9635,match,1.0,oracle,0.0,False,True,0.9658,True
camel,0_1,12,periodic,identity,0.9722,match,1.0,oracle,0.0,False,True,0.9643,True
camel,0_1,13,periodic,identity,0.9596,match,1.0,oracle,0.0,False,True,0.9659,True
camel,0_1,14,periodic,identity,0.9667,match,1.0,oracle,0.0,False,True,0.9635,True
camel,0_1,15,periodic,identity,0.96,match,1.0,oracle,0.0,False,True,0.9602,True
camel,0_1,16,periodic,identity,0.9655,match,1.0,oracle,0.0,False,True,0.963,True
camel,0_1,17,periodic,identity,0.9562,match,1.0,oracle,0.0,False,True,0.9667,True
camel,0_1,18,periodic,identity,0.9601,match,1.0,oracle,0.0,False,True,0.9721,True
camel,0_1,19,periodic,identity,0.9518,match,1.0,oracle,0.0,False,True,0.9709,True
camel,0_1,20,periodic,identity,0.9509,match,1.0,oracle,0.0,False,True,0.9727,True
camel,0_1,21,periodic,identity,0.959,match,1.0,oracle,0.0,False,True,0.9742,True
camel,0_1,22,periodic,identity,0.9647,match,1.0,oracle,0.0,False,True,0.9728,True
camel,0_1,23,periodic,identity,0.9633,match,1.0,oracle,0.0,False,True,0.9721,True
camel,0_1,24,periodic,identity,0.9621,match,1.0,oracle,0.0,False,True,0.9707,True
camel,0_1,25,periodic,identity,0.9632,match,1.0,oracle,0.0,False,True,0.9711,True
camel,0_1,26,periodic,identity,0.954,match,1.0,oracle,0.0,False,True,0.9675,True
camel,0_1,27,periodic,identity,0.9561,match,1.0,oracle,0.0,False,True,0.9623,True
camel,0_1,28,periodic,identity,0.9637,match,1.0,oracle,0.0,False,True,0.9598,True
camel,0_1,29,periodic,identity,0.9645,match,1.0,oracle,0.0,False,True,0.952,True
camel,0_1,30,periodic,identity,0.9487,match,1.0,oracle,0.0,False,True,0.944,True
camel,0_1,31,periodic,identity,0.9521,match,1.0,oracle,0.0,False,True,0.9382,True
camel,0_1,32,periodic,identity,0.9599,match,1.0,oracle,0.0,False,True,0.9279,True
camel,0_1,33,periodic,identity,0.9577,match,1.0,oracle,0.0,False,True,0.9231,True
camel,0_1,34,periodic,identity,0.9566,match,1.0,oracle,0.0,False,True,0.9165,True
camel,0_1,35,periodic,identity,0.9529,match,1.0,oracle,0.0,False,True,0.9071,True
camel,0_1,36,periodic,identity,0.9537,match,1.0,oracle,0.0,False,True,0.8969,True
camel,0_1,37,periodic,identity,0.9544,match,1.0,oracle,0.0,False,True,0.8842,True
camel,0_1,38,periodic,identity,0.9173,match,1.0,oracle,0.0,False,True,0.975,True
camel,0_1,39,periodic,identity,0.9604,match,1.0,oracle,0.0,False,True,0.9767,True
camel,0_1,40,periodic,identity,0.9611,match,1.0,oracle,0.0,False,True,0.9755,True
camel,0_1,41,periodic,identity,0.9653,match,1.0,oracle,0.0,False,True,0.9727,True
camel,0_1,42,periodic,identity,0.968,match,1.0,oracle,0.0,False,True,0.9721,True
camel,0_1,43,periodic,identity,0.9579,match,1.0,oracle,0.0,False,True,0.972,True
camel,0_1,44,periodic,identity,0.9625,match,1.0,oracle,0.0,False,True,0.9727,True
camel,0_1,45,periodic,identity,0.9589,match,1.0,oracle,0.0,False,True,0.9741,True
camel,0_1,46,periodic,identity,0.9612,match,1.0,oracle,0.0,False,True,0.9745,True
camel,0_1,47,periodic,identity,0.9567,match,1.0,oracle,0.0,False,True,0.9725,True
camel,0_1,48,periodic,identity,0.951,match,1.0,oracle,0.0,False,True,0.9732,True
camel,0_1,49,periodic,identity,0.9466,match,1.0,oracle,0.0,False,True,0.9733,True
camel,0_1,50,periodic,identity,0.9514,match,1.0,oracle,0.0,False,True,0.9709,True
camel,0_1,51,periodic,identity,0.9619,match,1.0,oracle,0.0,False,True,0.9696,True
camel,0_1,52,periodic,identity,0.952,match,1.0,oracle,0.0,False,True,0.9688,True
camel,0_1,53,periodic,identity,0.9441,match,1.0,oracle,0.0,False,True,0.9704,True
camel,0_1,54,periodic,identity,0.9456,match,1.0,oracle,0.0,False,True,0.9688,True
camel,0_1,55,periodic,identity,0.9307,match,1.0,oracle,0.0,False,True,0.9732,True
camel,0_1,56,periodic,identity,0.9317,match,1.0,oracle,0.0,False,True,0.9738,True
camel,0_1,57,periodic,identity,0.9194,match,1.0,oracle,0.0,False,True,0.9705,True
camel,0_1,58,periodic,identity,0.933,match,1.0,oracle,0.0,False,True,0.969,True
camel,0_1,59,periodic,identity,0.9335,match,1.0,oracle,0.0,False,True,0.9691,True
camel,0_1,60,periodic,identity,0.9288,match,1.0,oracle,0.0,False,True,0.9678,True
camel,0_1,61,periodic,identity,0.9329,match,1.0,oracle,0.0,False,True,0.9682,True
camel,0_1,62,periodic,identity,0.9249,match,1.0,oracle,0.0,False,True,0.9698,True
camel,0_1,63,periodic,identity,0.9251,match,1.0,oracle,0.0,False,True,0.9673,True
camel,0_1,64,periodic,identity,0.927,match,1.0,oracle,0.0,False,True,0.9605,True
camel,0_1,65,periodic,identity,0.9203,match,1.0,oracle,0.0,False,True,0.9632,True
camel,0_1,66,periodic,identity,0.9285,match,1.0,oracle,0.0,False,True,0.9627,True
camel,0_1,67,periodic,identity,0.924,match,1.0,oracle,0.0,False,True,0.9625,True
camel,0_1,68,periodic,identity,0.9229,match,1.0,oracle,0.0,False,True,0.9632,True
camel,0_1,69,periodic,identity,0.9257,match,1.0,oracle,0.0,False,True,0.9678,True
camel,0_1,70,periodic,identity,0.9298,match,1.0,oracle,0.0,False,True,0.9699,True
camel,0_1,71,periodic,identity,0.93,match,1.0,oracle,0.0,False,True,0.9689,True
camel,0_1,72,periodic,identity,0.9316,match,1.0,oracle,0.0,False,True,0.9688,True
camel,0_1,73,periodic,identity,0.9206,match,1.0,oracle,0.0,False,True,0.9698,True
camel,0_1,74,periodic,identity,0.9148,match,1.0,oracle,0.0,False,True,0.9739,True
camel,0_1,75,periodic,identity,0.9202,match,1.0,oracle,0.0,False,True,0.9713,True
camel,0_1,76,periodic,identity,0.9178,match,1.0,oracle,0.0,False,True,0.972,True
camel,0_1,77,periodic,identity,0.9075,match,1.0,oracle,0.0,False,True,0.9727,True
camel,0_1,78,periodic,identity,0.9066,match,1.0,oracle,0.0,False,True,0.9715,True
camel,0_1,79,periodic,identity,0.896,match,1.0,oracle,0.0,False,True,0.9672,True
camel,0_1,80,periodic,identity,0.8897,match,1.0,oracle,0.0,False,True,0.9653,True
camel,0_1,81,periodic,identity,0.9091,match,1.0,oracle,0.0,False,True,0.9725,True
camel,0_1,82,periodic,identity,0.9044,match,1.0,oracle,0.0,False,True,0.9731,True
camel,0_1,83,periodic,identity,0.8946,match,1.0,oracle,0.0,False,True,0.9738,True
camel,0_1,84,periodic,identity,0.8848,match,1.0,oracle,0.0,False,True,0.9724,True
camel,0_1,85,periodic,identity,0.8898,match,1.0,oracle,0.0,False,True,0.9674,True
camel,0_1,86,periodic,identity,0.8973,match,1.0,oracle,0.0,False,True,0.9669,True
camel,0_1,87,periodic,identity,0.8988,match,1.0,oracle,0.0,False,True,0.963,True
camel,0_1,88,periodic,identity,0.8942,match,1.0,oracle,0.0,False,True,0.9604,True
camel,0_1,89,periodic,identity,0.8857,match,1.0,oracle,0.0,False,True,0.9665,True
car-roundabout,0_1,1,periodic,identity,0.9799,match,1.0,oracle,0.0,False,True,0.9857,True
car-roundabout,0_1,2,periodic,identity,0.9843,match,1.0,oracle,0.0,False,True,0.9836,True
car-roundabout,0_1,3,periodic,identity,0.9811,match,1.0,oracle,0.0,False,True,0.9842,True
car-roundabout,0_1,4,periodic,identity,0.9841,match,1.0,oracle,0.0,False,True,0.9846,True
car-roundabout,0_1,5,periodic,identity,0.9877,match,1.0,oracle,0.0,False,True,0.9855,True
car-roundabout,0_1,6,periodic,identity,0.9912,match,1.0,oracle,0.0,False,True,0.9853,True
car-roundabout,0_1,7,periodic,identity,0.9877,match,1.0,oracle,0.0,False,True,0.9845,True
car-roundabout,0_1,8,periodic,identity,0.9834,match,1.0,oracle,0.0,False,True,0.984,True
car-roundabout,0_1,9,periodic,identity,0.9834,match,1.0,oracle,0.0,False,True,0.9859,True
car-roundabout,0_1,10,periodic,identity,0.9778,match,1.0,oracle,0.0,False,True,0.9862,True
car-roundabout,0_1,11,periodic,identity,0.9803,match,1.0,oracle,0.0,False,True,0.985,True
car-roundabout,0_1,12,periodic,identity,0.9794,match,1.0,oracle,0.0,False,True,0.985,True
car-roundabout,0_1,13,periodic,identity,0.9749,match,1.0,oracle,0.0,False,True,0.9861,True
car-roundabout,0_1,14,periodic,identity,0.9646,match,1.0,oracle,0.0,False,True,0.9867,True
car-roundabout,0_1,15,periodic,identity,0.9667,match,1.0,oracle,0.0,False,True,0.9871,True
car-roundabout,0_1,16,periodic,identity,0.967,match,1.0,oracle,0.0,False,True,0.9845,True
car-roundabout,0_1,17,periodic,identity,0.9627,match,1.0,oracle,0.0,False,True,0.9858,True
car-roundabout,0_1,18,periodic,identity,0.9704,match,1.0,oracle,0.0,False,True,0.9843,True
car-roundabout,0_1,19,periodic,identity,0.9659,match,1.0,oracle,0.0,False,True,0.9843,True
car-roundabout,0_1,20,periodic,identity,0.9629,match,1.0,oracle,0.0,False,True,0.9829,True
car-roundabout,0_1,21,periodic,identity,0.9643,match,1.0,oracle,0.0,False,True,0.9838,True
car-roundabout,0_1,22,periodic,identity,0.9655,match,1.0,oracle,0.0,False,True,0.9834,True
car-roundabout,0_1,23,periodic,identity,0.9595,match,1.0,oracle,0.0,False,True,0.9835,True
car-roundabout,0_1,24,periodic,identity,0.9457,match,1.0,oracle,0.0,False,True,0.9825,True
car-roundabout,0_1,25,periodic,identity,0.9433,match,1.0,oracle,0.0,False,True,0.9814,True
car-roundabout,0_1,26,periodic,identity,0.961,match,1.0,oracle,0.0,False,True,0.9845,True
car-roundabout,0_1,27,periodic,identity,0.9633,match,1.0,oracle,0.0,False,True,0.9847,True
car-roundabout,0_1,28,periodic,identity,0.9647,match,1.0,oracle,0.0,False,True,0.9829,True
car-roundabout,0_1,29,periodic,identity,0.96,match,1.0,oracle,0.0,False,True,0.9852,True
car-roundabout,0_1,30,periodic,identity,0.9616,match,1.0,oracle,0.0,False,True,0.9855,True
car-roundabout,0_1,31,periodic,identity,0.9549,match,1.0,oracle,0.0,False,True,0.9832,True
car-roundabout,0_1,32,periodic,identity,0.9517,match,1.0,oracle,0.0,False,True,0.9855,True
car-roundabout,0_1,33,periodic,identity,0.9504,match,1.0,oracle,0.0,False,True,0.9857,True
car-roundabout,0_1,34,periodic,identity,0.9403,match,1.0,oracle,0.0,False,True,0.9844,True
car-roundabout,0_1,35,periodic,identity,0.9415,match,1.0,oracle,0.0,False,True,0.9848,True
car-roundabout,0_1,36,periodic,identity,0.955,match,1.0,oracle,0.0,False,True,0.9824,True
car-roundabout,0_1,37,periodic,identity,0.9463,match,1.0,oracle,0.0,False,True,0.9841,True
car-roundabout,0_1,38,periodic,identity,0.9483,match,1.0,oracle,0.0,False,True,0.9847,True
car-roundabout,0_1,39,periodic,identity,0.9306,match,1.0,oracle,0.0,False,True,0.9841,True
car-roundabout,0_1,40,periodic,identity,0.9222,match,1.0,oracle,0.0,False,True,0.986,True
car-roundabout,0_1,41,periodic,identity,0.9441,match,1.0,oracle,0.0,False,True,0.9847,True
car-roundabout,0_1,42,periodic,identity,0.9369,match,1.0,oracle,0.0,False,True,0.9856,True
car-roundabout,0_1,43,periodic,identity,0.9345,match,1.0,oracle,0.0,False,True,0.9865,True
car-roundabout,0_1,44,periodic,identity,0.9195,match,1.0,oracle,0.0,False,True,0.9862,True
car-roundabout,0_1,45,periodic,identity,0.9268,match,1.0,oracle,0.0,False,True,0.9864,True
car-roundabout,0_1,46,periodic,identity,0.9448,match,1.0,oracle,0.0,False,True,0.9869,True
car-roundabout,0_1,47,periodic,identity,0.9453,match,1.0,oracle,0.0,False,True,0.9873,True
car-roundabout,0_1,48,periodic,identity,0.9381,match,1.0,oracle,0.0,False,True,0.9877,True
car-roundabout,0_1,49,periodic,identity,0.9361,match,1.0,oracle,0.0,False,True,0.988,True
car-roundabout,0_1,50,periodic,identity,0.9277,match,1.0,oracle,0.0,False,True,0.9887,True
car-roundabout,0_1,51,periodic,identity,0.937,match,1.0,oracle,0.0,False,True,0.9889,True
car-roundabout,0_1,52,periodic,identity,0.9341,match,1.0,oracle,0.0,False,True,0.9886,True
car-roundabout,0_1,53,periodic,identity,0.9293,match,1.0,oracle,0.0,False,True,0.9894,True
car-roundabout,0_1,54,periodic,identity,0.9263,match,1.0,oracle,0.0,False,True,0.9892,True
car-roundabout,0_1,55,periodic,identity,0.9238,match,1.0,oracle,0.0,False,True,0.988,True
car-roundabout,0_1,56,periodic,identity,0.927,match,1.0,oracle,0.0,False,True,0.9878,True
car-roundabout,0_1,57,periodic,identity,0.9094,match,1.0,oracle,0.0,False,True,0.9885,True
car-roundabout,0_1,58,periodic,identity,0.9094,match,1.0,oracle,0.0,False,True,0.9886,True
car-roundabout,0_1,59,periodic,identity,0.8919,match,1.0,oracle,0.0,False,True,0.9873,True
car-roundabout,0_1,60,periodic,identity,0.8872,match,1.0,oracle,0.0,False,True,0.9835,True
car-roundabout,0_1,61,periodic,identity,0.9194,match,1.0,oracle,0.0,False,True,0.9838,True
car-roundabout,0_1,62,periodic,identity,0.913,match,1.0,oracle,0.0,False,True,0.9843,True
car-roundabout,0_1,63,periodic,identity,0.905,match,1.0,oracle,0.0,False,True,0.9848,True
car-roundabout,0_1,64,periodic,identity,0.9083,match,1.0,oracle,0.0,False,True,0.9827,True
car-roundabout,0_1,65,periodic,identity,0.9006,match,1.0,oracle,0.0,False,True,0.9836,True
car-roundabout,0_1,66,periodic,identity,0.9042,match,1.0,oracle,0.0,False,True,0.9861,True
car-roundabout,0_1,67,periodic,identity,0.897,match,1.0,oracle,0.0,False,True,0.9844,True
car-roundabout,0_1,68,periodic,identity,0.8976,match,1.0,oracle,0.0,False,True,0.9846,True
car-roundabout,0_1,69,periodic,identity,0.8835,match,1.0,oracle,0.0,False,True,0.9836,True
car-roundabout,0_1,70,periodic,identity,0.8922,match,1.0,oracle,0.0,False,True,0.9836,True
car-roundabout,0_1,71,periodic,identity,0.8982,match,1.0,oracle,0.0,False,True,0.9855,True
car-roundabout,0_1,72,periodic,identity,0.8955,match,1.0,oracle,0.0,False,True,0.9848,True
car-roundabout,0_1,73,periodic,identity,0.8954,match,1.0,oracle,0.0,False,True,0.9848,True
car-roundabout,0_1,74,periodic,identity,0.8836,match,1.0,oracle,0.0,False,True,0.985,True
car-shadow,0_1,1,periodic,identity,0.9648,match,1.0,oracle,0.0,False,True,0.9809,True
car-shadow,0_1,2,periodic,identity,0.973,match,1.0,oracle,0.0,False,True,0.9813,True
car-shadow,0_1,3,periodic,identity,0.9771,match,1.0,oracle,0.0,False,True,0.9803,True
car-shadow,0_1,4,periodic,identity,0.9794,match,1.0,oracle,0.0,False,True,0.9824,True
car-shadow,0_1,5,periodic,identity,0.9844,match,1.0,oracle,0.0,False,True,0.9816,True
car-shadow,0_1,6,periodic,identity,0.9922,match,1.0,oracle,0.0,False,True,0.9809,True
car-shadow,0_1,7,periodic,identity,0.9873,match,1.0,oracle,0.0,False,True,0.9824,True
car-shadow,0_1,8,periodic,identity,0.9856,match,1.0,oracle,0.0,False,True,0.9823,True
car-shadow,0_1,9,periodic,identity,0.9808,match,1.0,oracle,0.0,False,True,0.9819,True
car-shadow,0_1,10,periodic,identity,0.975,match,1.0,oracle,0.0,False,True,0.982,True
car-shadow,0_1,11,periodic,identity,0.9844,match,1.0,oracle,0.0,False,True,0.983,True
car-shadow,0_1,12,periodic,identity,0.974,match,1.0,oracle,0.0,False,True,0.9809,True
car-shadow,0_1,13,periodic,identity,0.9767,match,1.0,oracle,0.0,False,True,0.9813,True
car-shadow,0_1,14,periodic,identity,0.975,match,1.0,oracle,0.0,False,True,0.9812,True
car-shadow,0_1,15,periodic,identity,0.9766,match,1.0,oracle,0.0,False,True,0.98,True
car-shadow,0_1,16,periodic,identity,0.9789,match,1.0,oracle,0.0,False,True,0.9789,True
car-shadow,0_1,17,periodic,identity,0.9815,match,1.0,oracle,0.0,False,True,0.9789,True
car-shadow,0_1,18,periodic,identity,0.9831,match,1.0,oracle,0.0,False,True,0.9782,True
car-shadow,0_1,19,periodic,identity,0.9828,match,1.0,oracle,0.0,False,True,0.9782,True
car-shadow,0_1,20,periodic,identity,0.9755,match,1.0,oracle,0.0,False,True,0.9769,True
car-shadow,0_1,21,periodic,identity,0.976,match,1.0,oracle,0.0,False,True,0.9771,True
car-shadow,0_1,22,periodic,identity,0.9776,match,1.0,oracle,0.0,False,True,0.9726,True
car-shadow,0_1,23,periodic,identity,0.9824,match,1.0,oracle,0.0,False,True,0.9703,True
car-shadow,0_1,24,periodic,identity,0.9758,match,1.0,oracle,0.0,False,True,0.9707,True
car-shadow,0_1,25,periodic,identity,0.9813,match,1.0,oracle,0.0,False,True,0.9723,True
car-shadow,0_1,26,periodic,identity,0.9732,match,1.0,oracle,0.0,False,True,0.9703,True
car-shadow,0_1,27,periodic,identity,0.9757,match,1.0,oracle,0.0,False,True,0.9714,True
car-shadow,0_1,28,periodic,identity,0.9749,match,1.0,oracle,0.0,False,True,0.968,True
car-shadow,0_1,29,periodic,identity,0.9759,match,1.0,oracle,0.0,False,True,0.9729,True
car-shadow,0_1,30,periodic,identity,0.9716,match,1.0,oracle,0.0,False,True,0.9669,True
car-shadow,0_1,31,periodic,identity,0.9802,match,1.0,oracle,0.0,False,True,0.969,True
car-shadow,0_1,32,periodic,identity,0.9699,match,1.0,oracle,0.0,False,True,0.9707,True
car-shadow,0_1,33,periodic,identity,0.9727,match,1.0,oracle,0.0,False,True,0.9697,True
car-shadow,0_1,34,periodic,identity,0.9656,match,1.0,oracle,0.0,False,True,0.9689,True
car-shadow,0_1,35,periodic,identity,0.9643,match,1.0,oracle,0.0,False,True,0.9646,True
car-shadow,0_1,36,periodic,identity,0.9741,match,1.0,oracle,0.0,False,True,0.9663,True
car-shadow,0_1,37,periodic,identity,0.9736,match,1.0,oracle,0.0,False,True,0.9701,True
car-shadow,0_1,38,periodic,identity,0.9712,match,1.0,oracle,0.0,False,True,0.9718,True
car-shadow,0_1,39,periodic,identity,0.9737,match,1.0,oracle,0.0,False,True,0.9643,True
cows,0_1,1,periodic,identity,0.9845,match,1.0,oracle,0.0,False,True,0.9524,True
cows,0_1,2,periodic,identity,0.9894,match,1.0,oracle,0.0,False,True,0.9527,True
cows,0_1,3,periodic,identity,0.9865,match,1.0,oracle,0.0,False,True,0.9528,True
cows,0_1,4,periodic,identity,0.9885,match,1.0,oracle,0.0,False,True,0.9523,True
cows,0_1,5,periodic,identity,0.9806,match,1.0,oracle,0.0,False,True,0.9526,True
cows,0_1,6,periodic,identity,0.9889,match,1.0,oracle,0.0,False,True,0.9484,True
cows,0_1,7,periodic,identity,0.9857,match,1.0,oracle,0.0,False,True,0.9508,True
cows,0_1,8,periodic,identity,0.9849,match,1.0,oracle,0.0,False,True,0.9514,True
cows,0_1,9,periodic,identity,0.9875,match,1.0,oracle,0.0,False,True,0.9502,True
cows,0_1,10,periodic,identity,0.9855,match,1.0,oracle,0.0,False,True,0.9502,True
cows,0_1,11,periodic,identity,0.9813,match,1.0,oracle,0.0,False,True,0.9506,True
cows,0_1,12,periodic,identity,0.9765,match,1.0,oracle,0.0,False,True,0.9504,True
cows,0_1,13,periodic,identity,0.9754,match,1.0,oracle,0.0,False,True,0.9464,True
cows,0_1,14,periodic,identity,0.9787,match,1.0,oracle,0.0,False,True,0.9468,True
cows,0_1,15,periodic,identity,0.9773,match,1.0,oracle,0.0,False,True,0.9456,True
cows,0_1,16,periodic,identity,0.9796,match,1.0,oracle,0.0,False,True,0.9465,True
cows,0_1,17,periodic,identity,0.9772,match,1.0,oracle,0.0,False,True,0.9496,True
cows,0_1,18,periodic,identity,0.9767,match,1.0,oracle,0.0,False,True,0.9472,True
cows,0_1,19,periodic,identity,0.9791,match,1.0,oracle,0.0,False,True,0.9491,True
cows,0_1,20,periodic,identity,0.9784,match,1.0,oracle,0.0,False,True,0.948,True
cows,0_1,21,periodic,identity,0.9808,match,1.0,oracle,0.0,False,True,0.9496,True
cows,0_1,22,periodic,identity,0.9746,match,1.0,oracle,0.0,False,True,0.9501,True
cows,0_1,23,periodic,identity,0.9756,match,1.0,oracle,0.0,False,True,0.9499,True
cows,0_1,24,periodic,identity,0.9791,match,1.0,oracle,0.0,False,True,0.9525,True
cows,0_1,25,periodic,identity,0.9767,match,1.0,oracle,0.0,False,True,0.951,True
cows,0_1,26,periodic,identity,0.9762,match,1.0,oracle,0.0,False,True,0.9522,True
cows,0_1,27,periodic,identity,0.9736,match,1.0,oracle,0.0,False,True,0.9539,True
cows,0_1,28,periodic,identity,0.9729,match,1.0,oracle,0.0,False,True,0.9532,True
cows,0_1,29,periodic,identity,0.9741,match,1.0,oracle,0.0,False,True,0.951,True
cows,0_1,30,periodic,identity,0.9745,match,1.0,oracle,0.0,False,True,0.9527,True
cows,0_1,31,periodic,identity,0.9785,match,1.0,oracle,0.0,False,True,0.9529,True
cows,0_1,32,periodic,identity,0.9802,match,1.0,oracle,0.0,False,True,0.9515,True
cows,0_1,33,periodic,identity,0.9814,match,1.0,oracle,0.0,False,True,0.9504,True
cows,0_1,34,periodic,identity,0.9811,match,1.0,oracle,0.0,False,True,0.9512,True
cows,0_1,35,periodic,identity,0.9777,match,1.0,oracle,0.0,False,True,0.9496,True
cows,0_1,36,periodic,identity,0.9879,match,1.0,oracle,0.0,False,True,0.9518,True
cows,0_1,37,periodic,identity,0.9845,match,1.0,oracle,0.0,False,True,0.9507,True
cows,0_1,38,periodic,identity,0.9731,match,1.0,oracle,0.0,False,True,0.9469,True
cows,0_1,39,periodic,identity,0.9785,match,1.0,oracle,0.0,False,True,0.9478,True
cows,0_1,40,periodic,identity,0.9759,match,1.0,oracle,0.0,False,True,0.9518,True
cows,0_1,41,periodic,identity,0.9723,match,1.0,oracle,0.0,False,True,0.9537,True
cows,0_1,42,periodic,identity,0.9727,match,1.0,oracle,0.0,False,True,0.952,True
cows,0_1,43,periodic,identity,0.9678,match,1.0,oracle,0.0,False,True,0.9512,True
cows,0_1,44,periodic,identity,0.9676,match,1.0,oracle,0.0,False,True,0.9508,True
cows,0_1,45,periodic,identity,0.9655,match,1.0,oracle,0.0,False,True,0.9486,True
cows,0_1,46,periodic,identity,0.9725,match,1.0,oracle,0.0,False,True,0.9469,True
cows,0_1,47,periodic,identity,0.9691,match,1.0,oracle,0.0,False,True,0.9479,True
cows,0_1,48,periodic,identity,0.9635,match,1.0,oracle,0.0,False,True,0.9395,True
cows,0_1,49,periodic,identity,0.9669,match,1.0,oracle,0.0,False,True,0.9391,True
cows,0_1,50,periodic,identity,0.9686,match,1.0,oracle,0.0,False,True,0.94,True
cows,0_1,51,periodic,identity,0.9715,match,1.0,oracle,0.0,False,True,0.9402,True
cows,0_1,52,periodic,identity,0.9721,match,1.0,oracle,0.0,False,True,0.94,True
cows,0_1,53,periodic,identity,0.9753,match,1.0,oracle,0.0,False,True,0.9424,True
cows,0_1,54,periodic,identity,0.9752,match,1.0,oracle,0.0,False,True,0.9464,True
cows,0_1,55,periodic,identity,0.9753,match,1.0,oracle,0.0,False,True,0.9422,True
cows,0_1,56,periodic,identity,0.9797,match,1.0,oracle,0.0,False,True,0.9443,True
cows,0_1,57,periodic,identity,0.9718,match,1.0,oracle,0.0,False,True,0.9402,True
cows,0_1,58,periodic,identity,0.9691,match,1.0,oracle,0.0,False,True,0.9369,True
cows,0_1,59,periodic,identity,0.9717,match,1.0,oracle,0.0,False,True,0.9504,True
cows,0_1,60,periodic,identity,0.9684,match,1.0,oracle,0.0,False,True,0.9497,True
cows,0_1,61,periodic,identity,0.9574,match,1.0,oracle,0.0,False,True,0.9398,True
cows,0_1,62,periodic,identity,0.9626,match,1.0,oracle,0.0,False,True,0.9478,True
cows,0_1,63,periodic,identity,0.9578,match,1.0,oracle,0.0,False,True,0.9453,True
cows,0_1,64,periodic,identity,0.9657,match,1.0,oracle,0.0,False,True,0.9424,True
cows,0_1,65,periodic,identity,0.9669,match,1.0,oracle,0.0,False,True,0.943,True
cows,0_1,66,periodic,identity,0.9723,match,1.0,oracle,0.0,False,True,0.9423,True
cows,0_1,67,periodic,identity,0.9719,match,1.0,oracle,0.0,False,True,0.9444,True
cows,0_1,68,periodic,identity,0.9719,match,1.0,oracle,0.0,False,True,0.9399,True
cows,0_1,69,periodic,identity,0.9777,match,1.0,oracle,0.0,False,True,0.9454,True
cows,0_1,70,periodic,identity,0.9779,match,1.0,oracle,0.0,False,True,0.9429,True
cows,0_1,71,periodic,identity,0.977,match,1.0,oracle,0.0,False,True,0.9453,True
cows,0_1,72,periodic,identity,0.9774,match,1.0,oracle,0.0,False,True,0.9432,True
cows,0_1,73,periodic,identity,0.9769,match,1.0,oracle,0.0,False,True,0.9412,True
cows,0_1,74,periodic,identity,0.9744,match,1.0,oracle,0.0,False,True,0.9398,True
cows,0_1,75,periodic,identity,0.9729,match,1.0,oracle,0.0,False,True,0.9396,True
cows,0_1,76,periodic,identity,0.9679,match,1.0,oracle,0.0,False,True,0.9418,True
cows,0_1,77,periodic,identity,0.9709,match,1.0,oracle,0.0,False,True,0.9457,True
cows,0_1,78,periodic,identity,0.9711,match,1.0,oracle,0.0,False,True,0.9512,True
cows,0_1,79,periodic,identity,0.976,match,1.0,oracle,0.0,False,True,0.948,True
cows,0_1,80,periodic,identity,0.9758,match,1.0,oracle,0.0,False,True,0.948,True
cows,0_1,81,periodic,identity,0.978,match,1.0,oracle,0.0,False,True,0.9438,True
cows,0_1,82,periodic,identity,0.9749,match,1.0,oracle,0.0,False,True,0.9487,True
cows,0_1,83,periodic,identity,0.9783,match,1.0,oracle,0.0,False,True,0.9493,True
cows,0_1,84,periodic,identity,0.9647,match,1.0,oracle,0.0,False,True,0.9493,True
cows,0_1,85,periodic,identity,0.9683,match,1.0,oracle,0.0,False,True,0.9477,True
cows,0_1,86,periodic,identity,0.9631,match,1.0,oracle,0.0,False,True,0.9496,True
cows,0_1,87,periodic,identity,0.9667,match,1.0,oracle,0.0,False,True,0.9461,True
cows,0_1,88,periodic,identity,0.9669,match,1.0,oracle,0.0,False,True,0.9493,True
cows,0_1,89,periodic,identity,0.9596,match,1.0,oracle,0.0,False,True,0.9518,True
cows,0_1,90,periodic,identity,0.954,match,1.0,oracle,0.0,False,True,0.9394,True
cows,0_1,91,periodic,identity,0.9595,match,1.0,oracle,0.0,False,True,0.9428,True
cows,0_1,92,periodic,identity,0.9572,match,1.0,oracle,0.0,False,True,0.9472,True
cows,0_1,93,periodic,identity,0.9617,match,1.0,oracle,0.0,False,True,0.9509,True
cows,0_1,94,periodic,identity,0.9598,match,1.0,oracle,0.0,False,True,0.9535,True
cows,0_1,95,periodic,identity,0.9566,match,1.0,oracle,0.0,False,True,0.9441,True
cows,0_1,96,periodic,identity,0.9595,match,1.0,oracle,0.0,False,True,0.9437,True
cows,0_1,97,periodic,identity,0.9636,match,1.0,oracle,0.0,False,True,0.9544,True
cows,0_1,98,periodic,identity,0.9558,match,1.0,oracle,0.0,False,True,0.9538,True
cows,0_1,99,periodic,identity,0.9612,match,1.0,oracle,0.0,False,True,0.9485,True
cows,0_1,100,periodic,identity,0.952,match,1.0,oracle,0.0,False,True,0.9623,True
cows,0_1,101,periodic,identity,0.9643,match,1.0,oracle,0.0,False,True,0.9707,True
cows,0_1,102,periodic,identity,0.9697,match,1.0,oracle,0.0,False,True,0.9677,True
cows,0_1,103,periodic,identity,0.9725,match,1.0,oracle,0.0,False,True,0.9646,True
dance-twirl,0_1,1,periodic,identity,0.9396,match,1.0,oracle,0.0,False,True,0.8963,True
dance-twirl,0_1,2,periodic,identity,0.9454,match,1.0,oracle,0.0,False,True,0.8968,True
dance-twirl,0_1,3,periodic,identity,0.9295,match,1.0,oracle,0.0,False,True,0.9034,True
dance-twirl,0_1,4,periodic,identity,0.9344,match,1.0,oracle,0.0,False,True,0.9019,True
dance-twirl,0_1,5,periodic,identity,0.9392,match,1.0,oracle,0.0,False,True,0.8993,True
dance-twirl,0_1,6,periodic,identity,0.9378,match,1.0,oracle,0.0,False,True,0.9212,True
dance-twirl,0_1,7,periodic,identity,0.9342,match,1.0,oracle,0.0,False,True,0.9054,True
dance-twirl,0_1,8,periodic,identity,0.8935,match,1.0,oracle,0.0,False,True,0.9271,True
dance-twirl,0_1,9,periodic,identity,0.8676,match,1.0,oracle,0.0,False,True,0.9132,True
dance-twirl,0_1,10,periodic,identity,0.9132,match,1.0,oracle,0.0,False,True,0.9403,True
dance-twirl,0_1,11,periodic,identity,0.9268,match,1.0,oracle,0.0,False,True,0.9407,True
dance-twirl,0_1,12,periodic,identity,0.9006,match,1.0,oracle,0.0,False,True,0.9519,True
dance-twirl,0_1,13,periodic,identity,0.9187,match,1.0,oracle,0.0,False,True,0.9388,True
dance-twirl,0_1,14,periodic,identity,0.9143,match,1.0,oracle,0.0,False,True,0.9407,True
dance-twirl,0_1,15,periodic,identity,0.9235,match,1.0,oracle,0.0,False,True,0.9271,True
dance-twirl,0_1,16,periodic,identity,0.9211,match,1.0,oracle,0.0,False,True,0.9185,True
dance-twirl,0_1,17,periodic,identity,0.9283,match,1.0,oracle,0.0,False,True,0.942,True
dance-twirl,0_1,18,periodic,identity,0.9509,match,1.0,oracle,0.0,False,True,0.9162,True
dance-twirl,0_1,19,periodic,identity,0.9309,match,1.0,oracle,0.0,False,True,0.9333,True
dance-twirl,0_1,20,periodic,identity,0.9155,match,1.0,oracle,0.0,False,True,0.9186,True
dance-twirl,0_1,21,periodic,identity,0.9109,match,1.0,oracle,0.0,False,True,0.9051,True
dance-twirl,0_1,22,periodic,identity,0.9298,match,1.0,oracle,0.0,False,True,0.9076,True
dance-twirl,0_1,23,periodic,identity,0.8858,match,1.0,oracle,0.0,False,True,0.878,True
dance-twirl,0_1,24,periodic,identity,0.8615,match,1.0,oracle,0.0,False,True,0.8535,True
dance-twirl,0_1,25,periodic,identity,0.9071,match,1.0,oracle,0.0,False,True,0.8843,True
dance-twirl,0_1,26,periodic,identity,0.8996,match,1.0,oracle,0.0,False,True,0.9173,True
dance-twirl,0_1,27,periodic,identity,0.9125,match,1.0,oracle,0.0,False,True,0.929,True
dance-twirl,0_1,28,periodic,identity,0.9237,match,1.0,oracle,0.0,False,True,0.9251,True
dance-twirl,0_1,29,periodic,identity,0.8876,match,1.0,oracle,0.0,False,True,0.9286,True
dance-twirl,0_1,30,periodic,identity,0.8886,match,1.0,oracle,0.0,False,True,0.9177,True
dance-twirl,0_1,31,periodic,identity,0.9033,match,1.0,oracle,0.0,False,True,0.9123,True
dance-twirl,0_1,32,periodic,identity,0.8563,match,1.0,oracle,0.0,False,True,0.887,True
dance-twirl,0_1,33,periodic,identity,0.8559,match,1.0,oracle,0.0,False,True,0.9157,True
dance-twirl,0_1,34,periodic,identity,0.8794,match,1.0,oracle,0.0,False,True,0.8939,True
dance-twirl,0_1,35,periodic,identity,0.8868,match,1.0,oracle,0.0,False,True,0.8269,True
dance-twirl,0_1,36,periodic,identity,0.8554,match,1.0,oracle,0.0,False,True,0.8047,True
dance-twirl,0_1,37,periodic,identity,0.8568,match,1.0,oracle,0.0,False,True,0.7641,True
dance-twirl,0_1,38,periodic,identity,0.833,match,1.0,oracle,0.0,False,True,0.8688,True
dance-twirl,0_1,39,periodic,identity,0.8699,match,1.0,oracle,0.0,False,True,0.8742,True
dance-twirl,0_1,40,periodic,identity,0.8971,match,1.0,oracle,0.0,False,True,0.8369,True
dance-twirl,0_1,41,periodic,identity,0.9123,match,1.0,oracle,0.0,False,True,0.8349,True
dance-twirl,0_1,42,periodic,identity,0.9188,match,1.0,oracle,0.0,False,True,0.8404,True
dance-twirl,0_1,43,periodic,identity,0.9037,match,1.0,oracle,0.0,False,True,0.8243,True
dance-twirl,0_1,44,periodic,identity,0.9287,match,1.0,oracle,0.0,False,True,0.8991,True
dance-twirl,0_1,45,periodic,identity,0.9263,match,1.0,oracle,0.0,False,True,0.9356,True
dance-twirl,0_1,46,periodic,identity,0.9165,match,1.0,oracle,0.0,False,True,0.9255,True
dance-twirl,0_1,47,periodic,identity,0.9057,match,1.0,oracle,0.0,False,True,0.9205,True
dance-twirl,0_1,48,periodic,identity,0.9112,match,1.0,oracle,0.0,False,True,0.9123,True
dance-twirl,0_1,49,periodic,identity,0.9238,match,1.0,oracle,0.0,False,True,0.8499,True
dance-twirl,0_1,50,periodic,identity,0.9022,match,1.0,oracle,0.0,False,True,0.9319,True
dance-twirl,0_1,51,periodic,identity,0.9147,match,1.0,oracle,0.0,False,True,0.9386,True
dance-twirl,0_1,52,periodic,identity,0.9343,match,1.0,oracle,0.0,False,True,0.9259,True
dance-twirl,0_1,53,periodic,identity,0.9098,match,1.0,oracle,0.0,False,True,0.9276,True
dance-twirl,0_1,54,periodic,identity,0.9204,match,1.0,oracle,0.0,False,True,0.9463,True
dance-twirl,0_1,55,periodic,identity,0.9258,match,1.0,oracle,0.0,False,True,0.9423,True
dance-twirl,0_1,56,periodic,identity,0.9305,match,1.0,oracle,0.0,False,True,0.9405,True
dance-twirl,0_1,57,periodic,identity,0.9258,match,1.0,oracle,0.0,False,True,0.9446,True
dance-twirl,0_1,58,periodic,identity,0.906,match,1.0,oracle,0.0,False,True,0.9502,True
dance-twirl,0_1,59,periodic,identity,0.8973,match,1.0,oracle,0.0,False,True,0.9584,True
dance-twirl,0_1,60,periodic,identity,0.9069,match,1.0,oracle,0.0,False,True,0.9596,True
dance-twirl,0_1,61,periodic,identity,0.9326,match,1.0,oracle,0.0,False,True,0.9603,True
dance-twirl,0_1,62,periodic,identity,0.9174,match,1.0,oracle,0.0,False,True,0.9462,True
dance-twirl,0_1,63,periodic,identity,0.9288,match,1.0,oracle,0.0,False,True,0.9375,True
dance-twirl,0_1,64,periodic,identity,0.9315,match,1.0,oracle,0.0,False,True,0.944,True
dance-twirl,0_1,65,periodic,identity,0.9336,match,1.0,oracle,0.0,False,True,0.9345,True
dance-twirl,0_1,66,periodic,identity,0.9276,match,1.0,oracle,0.0,False,True,0.9542,True
dance-twirl,0_1,67,periodic,identity,0.914,match,1.0,oracle,0.0,False,True,0.9504,True
dance-twirl,0_1,68,periodic,identity,0.9208,match,1.0,oracle,0.0,False,True,0.9518,True
dance-twirl,0_1,69,periodic,identity,0.9116,match,1.0,oracle,0.0,False,True,0.9553,True
dance-twirl,0_1,70,periodic,identity,0.9191,match,1.0,oracle,0.0,False,True,0.9655,True
dance-twirl,0_1,71,periodic,identity,0.932,match,1.0,oracle,0.0,False,True,0.9634,True
dance-twirl,0_1,72,periodic,identity,0.917,match,1.0,oracle,0.0,False,True,0.9597,True
dance-twirl,0_1,73,periodic,identity,0.9319,match,1.0,oracle,0.0,False,True,0.9584,True
dance-twirl,0_1,74,periodic,identity,0.9182,match,1.0,oracle,0.0,False,True,0.9627,True
dance-twirl,0_1,75,periodic,identity,0.9248,match,1.0,oracle,0.0,False,True,0.9657,True
dance-twirl,0_1,76,periodic,identity,0.9298,match,1.0,oracle,0.0,False,True,0.9689,True
dance-twirl,0_1,77,periodic,identity,0.9097,match,1.0,oracle,0.0,False,True,0.9694,True
dance-twirl,0_1,78,periodic,identity,0.9308,match,1.0,oracle,0.0,False,True,0.9669,True
dance-twirl,0_1,79,periodic,identity,0.9121,match,1.0,oracle,0.0,False,True,0.9669,True
dance-twirl,0_1,80,periodic,identity,0.9346,match,1.0,oracle,0.0,False,True,0.9726,True
dance-twirl,0_1,81,periodic,identity,0.9439,match,1.0,oracle,0.0,False,True,0.9705,True
dance-twirl,0_1,82,periodic,identity,0.9408,match,1.0,oracle,0.0,False,True,0.968,True
dance-twirl,0_1,83,periodic,identity,0.9409,match,1.0,oracle,0.0,False,True,0.9657,True
dance-twirl,0_1,84,periodic,identity,0.9337,match,1.0,oracle,0.0,False,True,0.9563,True
dance-twirl,0_1,85,periodic,identity,0.93,match,1.0,oracle,0.0,False,True,0.952,True
dance-twirl,0_1,86,periodic,identity,0.9388,match,1.0,oracle,0.0,False,True,0.9491,True
dance-twirl,0_1,87,periodic,identity,0.9373,match,1.0,oracle,0.0,False,True,0.9393,True
dance-twirl,0_1,88,periodic,identity,0.9268,match,1.0,oracle,0.0,False,True,0.9398,True
dance-twirl,0_1,89,periodic,identity,0.9151,match,1.0,oracle,0.0,False,True,0.9488,True
dog,0_1,1,periodic,identity,0.9568,match,1.0,oracle,0.0,False,True,0.9383,True
dog,0_1,2,periodic,identity,0.9428,match,1.0,oracle,0.0,False,True,0.9506,True
dog,0_1,3,periodic,identity,0.8992,match,1.0,oracle,0.0,False,True,0.95,True
dog,0_1,4,periodic,identity,0.9098,match,1.0,oracle,0.0,False,True,0.9553,True
dog,0_1,5,periodic,identity,0.9239,match,1.0,oracle,0.0,False,True,0.9586,True
dog,0_1,6,periodic,identity,0.939,match,1.0,oracle,0.0,False,True,0.9502,True
dog,0_1,7,periodic,identity,0.9215,match,1.0,oracle,0.0,False,True,0.9564,True
dog,0_1,8,periodic,identity,0.9332,match,1.0,oracle,0.0,False,True,0.9586,True
dog,0_1,9,periodic,identity,0.9339,match,1.0,oracle,0.0,False,True,0.9642,True
dog,0_1,10,periodic,identity,0.9289,match,1.0,oracle,0.0,False,True,0.9617,True
dog,0_1,11,periodic,identity,0.9436,match,1.0,oracle,0.0,False,True,0.9616,True
dog,0_1,12,periodic,identity,0.9286,match,1.0,oracle,0.0,False,True,0.9573,True
dog,0_1,13,periodic,identity,0.906,match,1.0,oracle,0.0,False,True,0.9544,True
dog,0_1,14,periodic,identity,0.8764,match,1.0,oracle,0.0,False,True,0.9516,True
dog,0_1,15,periodic,identity,0.8912,match,1.0,oracle,0.0,False,True,0.967,True
dog,0_1,16,periodic,identity,0.9279,match,1.0,oracle,0.0,False,True,0.9654,True
dog,0_1,17,periodic,identity,0.9165,match,1.0,oracle,0.0,False,True,0.9671,True
dog,0_1,18,periodic,identity,0.9183,match,1.0,oracle,0.0,False,True,0.9686,True
dog,0_1,19,periodic,identity,0.904,match,1.0,oracle,0.0,False,True,0.973,True
dog,0_1,20,periodic,identity,0.8994,match,1.0,oracle,0.0,False,True,0.9674,True
dog,0_1,21,periodic,identity,0.8719,match,1.0,oracle,0.0,False,True,0.9609,True
dog,0_1,22,periodic,identity,0.8735,match,1.0,oracle,0.0,False,True,0.9734,True
dog,0_1,23,periodic,identity,0.7863,match,1.0,oracle,0.0,False,True,0.9627,True
dog,0_1,24,periodic,identity,0.7191,match,1.0,oracle,0.0,False,True,0.961,True
dog,0_1,25,periodic,identity,0.8558,match,1.0,oracle,0.0,False,True,0.9586,True
dog,0_1,26,periodic,identity,0.9139,match,1.0,oracle,0.0,False,True,0.9728,True
dog,0_1,27,periodic,identity,0.8989,match,1.0,oracle,0.0,False,True,0.9731,True
dog,0_1,28,periodic,identity,0.9028,match,1.0,oracle,0.0,False,True,0.9681,True
dog,0_1,29,periodic,identity,0.9126,match,1.0,oracle,0.0,False,True,0.9652,True
dog,0_1,30,periodic,identity,0.8953,match,1.0,oracle,0.0,False,True,0.9625,True
dog,0_1,31,periodic,identity,0.9159,match,1.0,oracle,0.0,False,True,0.9649,True
dog,0_1,32,periodic,identity,0.9223,match,1.0,oracle,0.0,False,True,0.9691,True
dog,0_1,33,periodic,identity,0.9243,match,1.0,oracle,0.0,False,True,0.9701,True
dog,0_1,34,periodic,identity,0.9164,match,1.0,oracle,0.0,False,True,0.9641,True
dog,0_1,35,periodic,identity,0.9053,match,1.0,oracle,0.0,False,True,0.9721,True
dog,0_1,36,periodic,identity,0.9171,match,1.0,oracle,0.0,False,True,0.9636,True
dog,0_1,37,periodic,identity,0.9142,match,1.0,oracle,0.0,False,True,0.962,True
dog,0_1,38,periodic,identity,0.9187,match,1.0,oracle,0.0,False,True,0.963,True
dog,0_1,39,periodic,identity,0.9192,match,1.0,oracle,0.0,False,True,0.9571,True
dog,0_1,40,periodic,identity,0.9293,match,1.0,oracle,0.0,False,True,0.9676,True
dog,0_1,41,periodic,identity,0.9327,match,1.0,oracle,0.0,False,True,0.9699,True
dog,0_1,42,periodic,identity,0.9237,match,1.0,oracle,0.0,False,True,0.9706,True
dog,0_1,43,periodic,identity,0.9365,match,1.0,oracle,0.0,False,True,0.9719,True
dog,0_1,44,periodic,identity,0.9338,match,1.0,oracle,0.0,False,True,0.966,True
dog,0_1,45,periodic,identity,0.9475,match,1.0,oracle,0.0,False,True,0.9649,True
dog,0_1,46,periodic,identity,0.9112,match,1.0,oracle,0.0,False,True,0.95,True
dog,0_1,47,periodic,identity,0.883,match,1.0,oracle,0.0,False,True,0.9591,True
dog,0_1,48,periodic,identity,0.9066,match,1.0,oracle,0.0,False,True,0.9507,True
dog,0_1,49,periodic,identity,0.9284,match,1.0,oracle,0.0,False,True,0.9571,True
dog,0_1,50,periodic,identity,0.9187,match,1.0,oracle,0.0,False,True,0.9594,True
dog,0_1,51,periodic,identity,0.9017,match,1.0,oracle,0.0,False,True,0.9658,True
dog,0_1,52,periodic,identity,0.9158,match,1.0,oracle,0.0,False,True,0.9681,True
dog,0_1,53,periodic,identity,0.9336,match,1.0,oracle,0.0,False,True,0.9711,True
dog,0_1,54,periodic,identity,0.9259,match,1.0,oracle,0.0,False,True,0.9682,True
dog,0_1,55,periodic,identity,0.9276,match,1.0,oracle,0.0,False,True,0.9734,True
dog,0_1,56,periodic,identity,0.9158,match,1.0,oracle,0.0,False,True,0.9738,True
dog,0_1,57,periodic,identity,0.887,match,1.0,oracle,0.0,False,True,0.9702,True
dog,0_1,58,periodic,identity,0.9067,match,1.0,oracle,0.0,False,True,0.9704,True
dog,0_1,59,periodic,identity,0.9234,match,1.0,oracle,0.0,False,True,0.9701,True
dogs-jump,0_3,1,periodic,identity,0.9478,match,1.0,oracle,0.0,False,True,0.9511,True
dogs-jump,0_3,2,periodic,identity,0.9561,match,1.0,oracle,0.0,False,True,0.9502,True
dogs-jump,0_3,3,periodic,identity,0.9427,match,1.0,oracle,0.0,False,True,0.9507,True
dogs-jump,0_3,4,periodic,identity,0.9518,match,1.0,oracle,0.0,False,True,0.9512,True
dogs-jump,0_3,5,periodic,identity,0.9408,match,1.0,oracle,0.0,False,True,0.9479,True
dogs-jump,0_3,6,periodic,identity,0.894,match,1.0,oracle,0.0,False,True,0.9383,True
dogs-jump,0_3,7,periodic,identity,0.7311,match,1.0,oracle,0.0,False,True,0.8812,True
dogs-jump,0_3,8,periodic,identity,0.5468,match,1.0,oracle,0.0,False,True,0.867,True
dogs-jump,0_3,9,periodic,identity,0.5022,match,1.0,oracle,0.0,False,True,0.8985,True
dogs-jump,0_3,10,periodic,identity,0.4646,match,1.0,oracle,0.0,False,True,0.8853,True
dogs-jump,0_3,11,periodic,identity,0.8357,match,1.0,oracle,0.0,False,True,0.9229,True
dogs-jump,0_3,12,periodic,identity,0.7258,match,1.0,oracle,0.0,False,True,0.8721,True
dogs-jump,0_3,13,periodic,identity,0.7115,match,1.0,oracle,0.0,False,True,0.8584,True
dogs-jump,0_3,14,periodic,identity,0.8652,match,1.0,oracle,0.0,False,True,0.9384,True
dogs-jump,0_3,15,periodic,identity,0.9123,match,1.0,oracle,0.0,False,True,0.9622,True
dogs-jump,0_3,16,periodic,identity,0.9494,match,1.0,oracle,0.0,False,True,0.9658,True
dogs-jump,0_3,17,periodic,identity,0.9426,match,1.0,oracle,0.0,False,True,0.9625,True
dogs-jump,0_3,18,periodic,identity,0.9599,match,1.0,oracle,0.0,False,True,0.9626,True
dogs-jump,0_3,19,periodic,identity,0.9634,match,1.0,oracle,0.0,False,True,0.9602,True
dogs-jump,0_3,20,periodic,identity,0.9533,match,1.0,oracle,0.0,False,True,0.9589,True
dogs-jump,0_3,21,periodic,identity,0.9669,match,1.0,oracle,0.0,False,True,0.9614,True
dogs-jump,0_3,22,periodic,identity,0.9698,match,1.0,oracle,0.0,False,True,0.9569,True
dogs-jump,0_3,23,periodic,identity,0.9665,match,1.0,oracle,0.0,False,True,0.956,True
dogs-jump,0_3,24,periodic,identity,0.9697,match,1.0,oracle,0.0,False,True,0.9543,True
dogs-jump,0_3,25,periodic,identity,0.9634,match,1.0,oracle,0.0,False,True,0.9541,True
dogs-jump,0_3,26,periodic,identity,0.9607,match,1.0,oracle,0.0,False,True,0.9559,True
dogs-jump,0_3,27,periodic,identity,0.9587,match,1.0,oracle,0.0,False,True,0.9534,True
dogs-jump,0_3,28,periodic,identity,0.9557,match,1.0,oracle,0.0,False,True,0.9538,True
dogs-jump,0_3,29,periodic,identity,0.9573,match,1.0,oracle,0.0,False,True,0.9515,True
dogs-jump,0_3,30,periodic,identity,0.948,match,1.0,oracle,0.0,False,True,0.9525,True
dogs-jump,0_3,31,periodic,identity,0.9514,match,1.0,oracle,0.0,False,True,0.9515,True
dogs-jump,0_3,32,periodic,identity,0.9705,match,1.0,oracle,0.0,False,True,0.954,True
dogs-jump,0_3,33,periodic,identity,0.9774,match,1.0,oracle,0.0,False,True,0.955,True
dogs-jump,0_3,34,periodic,identity,0.9811,match,1.0,oracle,0.0,False,True,0.9533,True
dogs-jump,0_3,35,periodic,identity,0.9669,match,1.0,oracle,0.0,False,True,0.9582,True
dogs-jump,0_3,36,periodic,identity,0.9695,match,1.0,oracle,0.0,False,True,0.9505,True
dogs-jump,0_3,37,periodic,identity,0.961,match,1.0,oracle,0.0,False,True,0.9544,True
dogs-jump,0_3,38,periodic,identity,0.9604,match,1.0,oracle,0.0,False,True,0.9534,True
dogs-jump,0_3,39,periodic,identity,0.9672,match,1.0,oracle,0.0,False,True,0.9491,True
dogs-jump,0_3,40,periodic,identity,0.9555,match,1.0,oracle,0.0,False,True,0.954,True
dogs-jump,0_3,41,periodic,identity,0.9561,match,1.0,oracle,0.0,False,True,0.9482,True
dogs-jump,0_3,42,periodic,identity,0.9255,match,1.0,oracle,0.0,False,True,0.9511,True
dogs-jump,0_3,43,periodic,identity,0.8973,match,1.0,oracle,0.0,False,True,0.9293,True
dogs-jump,0_3,44,periodic,identity,0.7893,match,1.0,oracle,0.0,False,True,0.9195,True
dogs-jump,0_3,45,periodic,identity,0.8131,match,1.0,oracle,0.0,False,True,0.9082,True
dogs-jump,0_3,46,periodic,identity,0.9045,match,1.0,oracle,0.0,False,True,0.9084,True
dogs-jump,0_3,47,periodic,identity,0.884,match,1.0,oracle,0.0,False,True,0.9342,True
dogs-jump,0_3,48,periodic,identity,0.9226,match,1.0,oracle,0.0,False,True,0.9335,True
dogs-jump,0_3,49,periodic,identity,0.9257,match,1.0,oracle,0.0,False,True,0.9195,True
dogs-jump,0_3,50,periodic,identity,0.9063,match,1.0,oracle,0.0,False,True,0.9191,True
dogs-jump,0_3,51,periodic,identity,0.7832,match,1.0,oracle,0.0,False,True,0.9113,True
dogs-jump,0_3,52,periodic,identity,0.918,match,1.0,oracle,0.0,False,True,0.9469,True
dogs-jump,0_3,53,periodic,identity,0.9188,match,1.0,oracle,0.0,False,True,0.95,True
dogs-jump,0_3,54,periodic,identity,0.9334,match,1.0,oracle,0.0,False,True,0.9504,True
dogs-jump,0_3,55,periodic,identity,0.9448,match,1.0,oracle,0.0,False,True,0.9541,True
dogs-jump,0_3,56,periodic,identity,0.9571,match,1.0,oracle,0.0,False,True,0.953,True
dogs-jump,0_3,57,periodic,identity,0.963,match,1.0,oracle,0.0,False,True,0.9559,True
dogs-jump,0_3,58,periodic,identity,0.9546,match,1.0,oracle,0.0,False,True,0.951,True
dogs-jump,0_3,59,periodic,identity,0.9525,match,1.0,oracle,0.0,False,True,0.9562,True
dogs-jump,0_3,60,periodic,identity,0.936,match,1.0,oracle,0.0,False,True,0.9549,True
dogs-jump,0_3,61,periodic,identity,0.9581,match,1.0,oracle,0.0,False,True,0.955,True
dogs-jump,0_3,62,periodic,identity,0.9658,match,1.0,oracle,0.0,False,True,0.9539,True
dogs-jump,0_3,63,periodic,identity,0.9667,match,1.0,oracle,0.0,False,True,0.9504,True
dogs-jump,0_3,64,periodic,identity,0.9553,match,1.0,oracle,0.0,False,True,0.9528,True
dogs-jump,0_3,65,periodic,identity,0.9461,match,1.0,oracle,0.0,False,True,0.9555,True
dogs-jump,0_1,1,periodic,identity,0.9375,no_match,1.0,oracle,0.0,False,True,0.0,True
dogs-jump,0_1,2,periodic,identity,0.9157,no_match,1.0,oracle,0.0,False,True,0.0,True
dogs-jump,0_1,3,periodic,identity,0.8571,no_match,1.0,oracle,0.0,False,True,0.0,True
dogs-jump,0_1,4,periodic,identity,0.7787,no_match,1.0,oracle,0.0,False,True,0.0004,True
dogs-jump,0_1,5,periodic,identity,0.8213,no_match,1.0,oracle,0.0,False,True,0.0014,True
dogs-jump,0_1,6,periodic,identity,0.8802,no_match,1.0,oracle,0.0,False,True,0.0017,True
dogs-jump,0_1,7,periodic,identity,0.8808,no_match,1.0,oracle,0.0,False,True,0.0014,True
dogs-jump,0_1,8,periodic,identity,0.8635,no_match,1.0,oracle,0.0,False,True,0.0024,True
dogs-jump,0_1,9,periodic,identity,0.8605,no_match,1.0,oracle,0.0,False,True,0.0224,True
dogs-jump,0_1,10,periodic,identity,0.831,no_match,1.0,oracle,0.0,False,True,0.0311,True
dogs-jump,0_1,11,periodic,identity,0.8384,no_match,1.0,oracle,0.0,False,True,0.009,True
dogs-jump,0_1,12,periodic,identity,0.8767,no_match,1.0,oracle,0.0,False,True,0.0,True
dogs-jump,0_1,13,periodic,identity,0.8435,no_match,1.0,oracle,0.0,False,True,0.0,True
dogs-jump,0_1,14,periodic,identity,0.8621,no_match,1.0,oracle,0.0,False,True,0.0,True
dogs-jump,0_1,15,periodic,identity,0.8346,no_match,1.0,oracle,0.0,False,True,0.0,True
dogs-jump,0_1,16,periodic,identity,0.8767,no_match,1.0,oracle,0.0,False,True,0.0,True
dogs-jump,0_1,17,periodic,identity,0.8927,no_match,1.0,oracle,0.0,False,True,0.0,True
dogs-jump,0_1,18,periodic,identity,0.8932,no_match,1.0,oracle,0.0,False,True,0.0,True
dogs-jump,0_1,19,periodic,identity,0.8692,no_match,1.0,oracle,0.0,False,True,0.0,True
dogs-jump,0_1,20,periodic,identity,0.8734,no_match,1.0,oracle,0.0,False,True,0.0,True
dogs-jump,0_1,21,periodic,identity,0.8852,no_match,1.0,oracle,0.0,False,True,0.0,True
dogs-jump,0_1,22,periodic,identity,0.8892,no_match,1.0,oracle,0.0,False,True,0.0,True
dogs-jump,0_1,23,periodic,identity,0.8755,no_match,1.0,oracle,0.0,False,True,0.0,True
dogs-jump,0_1,24,periodic,identity,0.8888,no_match,1.0,oracle,0.0,False,True,0.0,True
dogs-jump,0_1,25,periodic,identity,0.8569,no_match,1.0,oracle,0.0,False,True,0.0,True
dogs-jump,0_1,26,periodic,identity,0.823,no_match,1.0,oracle,0.0,False,True,0.0,True
dogs-jump,0_1,27,periodic,identity,0.8407,no_match,1.0,oracle,0.0,False,True,0.0,True
dogs-jump,0_1,28,periodic,identity,0.8394,no_match,1.0,oracle,0.0,False,True,0.0,True
dogs-jump,0_1,29,periodic,identity,0.8882,no_match,1.0,oracle,0.0,False,True,0.0,True
dogs-jump,0_1,30,periodic,identity,0.8922,no_match,1.0,oracle,0.0,False,True,0.0,True
dogs-jump,0_1,31,periodic,identity,0.9267,no_match,1.0,oracle,0.0,False,True,0.0,True
dogs-jump,0_1,32,periodic,identity,0.9135,no_match,1.0,oracle,0.0,False,True,0.0,True
dogs-jump,0_1,33,periodic,identity,0.8972,no_match,1.0,oracle,0.0,False,True,0.0,True
dogs-jump,0_1,34,periodic,identity,0.8944,no_match,1.0,oracle,0.0,False,True,0.0,True
dogs-jump,0_1,35,periodic,identity,0.9191,no_match,1.0,oracle,0.0,False,True,0.0,True
dogs-jump,0_1,36,periodic,identity,0.9252,no_match,1.0,oracle,0.0,False,True,0.0,True
dogs-jump,0_1,37,periodic,identity,0.9044,no_match,1.0,oracle,0.0,False,True,0.0,True
dogs-jump,0_1,38,periodic,identity,0.88,no_match,1.0,oracle,0.0,False,True,0.0,True
dogs-jump,0_1,39,periodic,identity,0.9136,no_match,1.0,oracle,0.0,False,True,0.0,True
dogs-jump,0_1,40,periodic,identity,0.9018,no_match,1.0,oracle,0.0,False,True,0.0,True
dogs-jump,0_1,41,periodic,identity,0.9334,no_match,1.0,oracle,0.0,False,True,0.0,True
dogs-jump,0_1,42,periodic,identity,0.9301,no_match,1.0,oracle,0.0,False,True,0.0,True
dogs-jump,0_1,43,periodic,identity,0.9307,no_match,1.0,oracle,0.0,False,True,0.0,True
dogs-jump,0_1,44,periodic,identity,0.9083,no_match,1.0,oracle,0.0,False,True,0.0,True
dogs-jump,0_1,45,periodic,identity,0.9185,no_match,1.0,oracle,0.0,False,True,0.0,True
dogs-jump,0_1,46,periodic,identity,0.9171,no_match,1.0,oracle,0.0,False,True,0.0,True
dogs-jump,0_1,47,periodic,identity,0.899,no_match,1.0,oracle,0.0,False,True,0.0,True
dogs-jump,0_1,48,periodic,identity,0.9127,no_match,1.0,oracle,0.0,False,True,0.0,True
dogs-jump,0_1,49,periodic,identity,0.8969,no_match,1.0,oracle,0.0,False,True,0.0,True
dogs-jump,0_1,50,periodic,identity,0.9141,no_match,1.0,oracle,0.0,False,True,0.0,True
dogs-jump,0_1,51,periodic,identity,0.8467,no_match,1.0,oracle,0.0,False,True,0.0,True
dogs-jump,0_1,52,periodic,identity,0.8478,no_match,1.0,oracle,0.0,False,True,0.0,True
dogs-jump,0_1,53,periodic,identity,0.8486,no_match,1.0,oracle,0.0,False,True,0.0,True
dogs-jump,0_1,54,periodic,identity,0.8214,no_match,1.0,oracle,0.0,False,True,0.0,True
dogs-jump,0_1,55,periodic,identity,0.7365,no_match,1.0,oracle,0.0,False,True,0.0,True
dogs-jump,0_1,56,periodic,identity,0.6998,no_match,1.0,oracle,0.0,False,True,0.0,True
dogs-jump,0_1,57,periodic,identity,0.7338,no_match,1.0,oracle,0.0,False,True,0.0,True
dogs-jump,0_1,58,periodic,identity,0.7247,no_match,1.0,oracle,0.0,False,True,0.0,True
dogs-jump,0_1,59,periodic,identity,0.7157,no_match,1.0,oracle,0.0,False,True,0.0,True
dogs-jump,0_1,60,periodic,identity,0.7429,no_match,1.0,oracle,0.0,False,True,0.0,True
dogs-jump,0_1,61,periodic,identity,0.7311,no_match,1.0,oracle,0.0,False,True,0.0,True
dogs-jump,0_1,62,periodic,identity,0.7843,no_match,1.0,oracle,0.0,False,True,0.0,True
dogs-jump,0_1,63,periodic,identity,0.7431,no_match,1.0,oracle,0.0,False,True,0.0,True
dogs-jump,0_1,64,periodic,identity,0.7521,no_match,1.0,oracle,0.0,False,True,0.0,True
dogs-jump,0_1,65,periodic,identity,0.7862,no_match,1.0,oracle,0.0,False,True,0.0,True
dogs-jump,0_2,1,periodic,identity,0.9444,match,1.0,oracle,0.0,False,True,0.9669,True
dogs-jump,0_2,2,periodic,identity,0.9215,match,1.0,oracle,0.0,False,True,0.9576,True
dogs-jump,0_2,3,periodic,identity,0.8586,match,1.0,oracle,0.0,False,True,0.9476,True
dogs-jump,0_2,4,periodic,identity,0.7813,match,1.0,oracle,0.0,False,True,0.9529,True
dogs-jump,0_2,5,periodic,identity,0.8218,match,1.0,oracle,0.0,False,True,0.9519,True
dogs-jump,0_2,6,periodic,identity,0.8802,match,1.0,oracle,0.0,False,True,0.9508,True
dogs-jump,0_2,7,periodic,identity,0.8808,match,1.0,oracle,0.0,False,True,0.9307,True
dogs-jump,0_2,8,periodic,identity,0.8651,match,1.0,oracle,0.0,False,True,0.9124,True
dogs-jump,0_2,9,periodic,identity,0.8643,match,1.0,oracle,0.0,False,True,0.9201,True
dogs-jump,0_2,10,periodic,identity,0.8312,match,1.0,oracle,0.0,False,True,0.9159,True
dogs-jump,0_2,11,periodic,identity,0.8384,match,1.0,oracle,0.0,False,True,0.9436,True
dogs-jump,0_2,12,periodic,identity,0.8767,match,1.0,oracle,0.0,False,True,0.9465,True
dogs-jump,0_2,13,periodic,identity,0.8435,match,1.0,oracle,0.0,False,True,0.9398,True
dogs-jump,0_2,14,periodic,identity,0.862,match,1.0,oracle,0.0,False,True,0.9602,True
dogs-jump,0_2,15,periodic,identity,0.8345,match,1.0,oracle,0.0,False,True,0.9686,True
dogs-jump,0_2,16,periodic,identity,0.8767,match,1.0,oracle,0.0,False,True,0.966,True
dogs-jump,0_2,17,periodic,identity,0.8927,match,1.0,oracle,0.0,False,True,0.9663,True
dogs-jump,0_2,18,periodic,identity,0.8932,match,1.0,oracle,0.0,False,True,0.9627,True
dogs-jump,0_2,19,periodic,identity,0.8692,match,1.0,oracle,0.0,False,True,0.9637,True
dogs-jump,0_2,20,periodic,identity,0.8734,match,1.0,oracle,0.0,False,True,0.9672,True
dogs-jump,0_2,21,periodic,identity,0.8862,match,1.0,oracle,0.0,False,True,0.9618,True
dogs-jump,0_2,22,periodic,identity,0.8928,match,1.0,oracle,0.0,False,True,0.9581,True
dogs-jump,0_2,23,periodic,identity,0.885,match,1.0,oracle,0.0,False,True,0.9641,True
dogs-jump,0_2,24,periodic,identity,0.8888,match,1.0,oracle,0.0,False,True,0.962,True
dogs-jump,0_2,25,periodic,identity,0.8637,match,1.0,oracle,0.0,False,True,0.9667,True
dogs-jump,0_2,26,periodic,identity,0.8304,match,1.0,oracle,0.0,False,True,0.9705,True
dogs-jump,0_2,27,periodic,identity,0.838,match,1.0,oracle,0.0,False,True,0.8893,True
dogs-jump,0_2,28,periodic,identity,0.8417,match,1.0,oracle,0.0,False,True,0.9589,True
dogs-jump,0_2,29,periodic,identity,0.8911,match,1.0,oracle,0.0,False,True,0.9494,True
dogs-jump,0_2,30,periodic,identity,0.8922,match,1.0,oracle,0.0,False,True,0.9596,True
dogs-jump,0_2,31,periodic,identity,0.9267,match,1.0,oracle,0.0,False,True,0.9594,True
dogs-jump,0_2,32,periodic,identity,0.9135,match,1.0,oracle,0.0,False,True,0.9479,True
dogs-jump,0_2,33,periodic,identity,0.8972,match,1.0,oracle,0.0,False,True,0.9543,True
dogs-jump,0_2,34,periodic,identity,0.8944,match,1.0,oracle,0.0,False,True,0.9478,True
dogs-jump,0_2,35,periodic,identity,0.9191,match,1.0,oracle,0.0,False,True,0.9485,True
dogs-jump,0_2,36,periodic,identity,0.9252,match,1.0,oracle,0.0,False,True,0.9566,True
dogs-jump,0_2,37,periodic,identity,0.9044,match,1.0,oracle,0.0,False,True,0.9538,True
dogs-jump,0_2,38,periodic,identity,0.88,match,1.0,oracle,0.0,False,True,0.9662,True
dogs-jump,0_2,39,periodic,identity,0.9135,match,1.0,oracle,0.0,False,True,0.9569,True
dogs-jump,0_2,40,periodic,identity,0.9017,match,1.0,oracle,0.0,False,True,0.9574,True
dogs-jump,0_2,41,periodic,identity,0.9334,match,1.0,oracle,0.0,False,True,0.9569,True
dogs-jump,0_2,42,periodic,identity,0.9301,match,1.0,oracle,0.0,False,True,0.9436,True
dogs-jump,0_2,43,periodic,identity,0.9307,match,1.0,oracle,0.0,False,True,0.9478,True
dogs-jump,0_2,44,periodic,identity,0.9083,match,1.0,oracle,0.0,False,True,0.938,True
dogs-jump,0_2,45,periodic,identity,0.9185,match,1.0,oracle,0.0,False,True,0.9404,True
dogs-jump,0_2,46,periodic,identity,0.9174,match,1.0,oracle,0.0,False,True,0.9411,True
dogs-jump,0_2,47,periodic,identity,0.899,match,1.0,oracle,0.0,False,True,0.9446,True
dogs-jump,0_2,48,periodic,identity,0.9127,match,1.0,oracle,0.0,False,True,0.952,True
dogs-jump,0_2,49,periodic,identity,0.9021,match,1.0,oracle,0.0,False,True,0.9518,True
dogs-jump,0_2,50,periodic,identity,0.9159,match,1.0,oracle,0.0,False,True,0.9247,True
dogs-jump,0_2,51,periodic,identity,0.8466,match,1.0,oracle,0.0,False,True,0.9393,True
dogs-jump,0_2,52,periodic,identity,0.8419,match,1.0,oracle,0.0,False,True,0.9258,True
dogs-jump,0_2,53,periodic,identity,0.848,match,1.0,oracle,0.0,False,True,0.9529,True
dogs-jump,0_2,54,periodic,identity,0.8282,match,1.0,oracle,0.0,False,True,0.9509,True
dogs-jump,0_2,55,periodic,identity,0.7324,match,1.0,oracle,0.0,False,True,0.9369,True
dogs-jump,0_2,56,periodic,identity,0.7044,match,1.0,oracle,0.0,False,True,0.9404,True
dogs-jump,0_2,57,periodic,identity,0.7346,match,1.0,oracle,0.0,False,True,0.9354,True
dogs-jump,0_2,58,periodic,identity,0.7228,match,1.0,oracle,0.0,False,True,0.9079,True
dogs-jump,0_2,59,periodic,identity,0.7215,match,1.0,oracle,0.0,False,True,0.9061,True
dogs-jump,0_2,60,periodic,identity,0.7429,match,1.0,oracle,0.0,False,True,0.9299,True
dogs-jump,0_2,61,periodic,identity,0.7361,match,1.0,oracle,0.0,False,True,0.9207,True
dogs-jump,0_2,62,periodic,identity,0.7864,match,1.0,oracle,0.0,False,True,0.9278,True
dogs-jump,0_2,63,periodic,identity,0.749,match,1.0,oracle,0.0,False,True,0.9264,True
dogs-jump,0_2,64,periodic,identity,0.7579,match,1.0,oracle,0.0,False,True,0.9489,True
dogs-jump,0_2,65,periodic,identity,0.7924,match,1.0,oracle,0.0,False,True,0.9563,True
drift-chicane,0_1,1,periodic,identity,0.7246,match,1.0,oracle,0.0,False,True,0.9003,True
drift-chicane,0_1,2,periodic,identity,0.798,match,1.0,oracle,0.0,False,True,0.9103,True
drift-chicane,0_1,3,periodic,identity,0.8071,match,1.0,oracle,0.0,False,True,0.9163,True
drift-chicane,0_1,4,periodic,identity,0.811,match,1.0,oracle,0.0,False,True,0.8971,True
drift-chicane,0_1,5,periodic,identity,0.8329,match,1.0,oracle,0.0,False,True,0.9142,True
drift-chicane,0_1,6,periodic,identity,0.9397,match,1.0,oracle,0.0,False,True,0.9206,True
drift-chicane,0_1,7,periodic,identity,0.9272,match,1.0,oracle,0.0,False,True,0.9338,True
drift-chicane,0_1,8,periodic,identity,0.9387,match,1.0,oracle,0.0,False,True,0.9422,True
drift-chicane,0_1,9,periodic,identity,0.9572,match,1.0,oracle,0.0,False,True,0.9339,True
drift-chicane,0_1,10,periodic,identity,0.9261,match,1.0,oracle,0.0,False,True,0.9358,True
drift-chicane,0_1,11,periodic,identity,0.9318,match,1.0,oracle,0.0,False,True,0.9189,True
drift-chicane,0_1,12,periodic,identity,0.9059,match,1.0,oracle,0.0,False,True,0.9302,True
drift-chicane,0_1,13,periodic,identity,0.9096,match,1.0,oracle,0.0,False,True,0.9156,True
drift-chicane,0_1,14,periodic,identity,0.9043,match,1.0,oracle,0.0,False,True,0.9093,True
drift-chicane,0_1,15,periodic,identity,0.9046,match,1.0,oracle,0.0,False,True,0.9162,True
drift-chicane,0_1,16,periodic,identity,0.9106,match,1.0,oracle,0.0,False,True,0.9095,True
drift-chicane,0_1,17,periodic,identity,0.9068,match,1.0,oracle,0.0,False,True,0.9011,True
drift-chicane,0_1,18,periodic,identity,0.8938,match,1.0,oracle,0.0,False,True,0.9019,True
drift-chicane,0_1,19,periodic,identity,0.8759,match,1.0,oracle,0.0,False,True,0.8947,True
drift-chicane,0_1,20,periodic,identity,0.8527,match,1.0,oracle,0.0,False,True,0.9049,True
drift-chicane,0_1,21,periodic,identity,0.9118,match,1.0,oracle,0.0,False,True,0.89,True
drift-chicane,0_1,22,periodic,identity,0.9031,match,1.0,oracle,0.0,False,True,0.8913,True
drift-chicane,0_1,23,periodic,identity,0.8899,match,1.0,oracle,0.0,False,True,0.8722,True
drift-chicane,0_1,24,periodic,identity,0.8643,match,1.0,oracle,0.0,False,True,0.8634,True
drift-chicane,0_1,25,periodic,identity,0.8575,match,1.0,oracle,0.0,False,True,0.912,True
drift-chicane,0_1,26,periodic,identity,0.887,match,1.0,oracle,0.0,False,True,0.9019,True
drift-chicane,0_1,27,periodic,identity,0.8916,match,1.0,oracle,0.0,False,True,0.9018,True
drift-chicane,0_1,28,periodic,identity,0.88,match,1.0,oracle,0.0,False,True,0.9104,True
drift-chicane,0_1,29,periodic,identity,0.8894,match,1.0,oracle,0.0,False,True,0.9206,True
drift-chicane,0_1,30,periodic,identity,0.8838,match,1.0,oracle,0.0,False,True,0.9259,True
drift-chicane,0_1,31,periodic,identity,0.909,match,1.0,oracle,0.0,False,True,0.9293,True
drift-chicane,0_1,32,periodic,identity,0.9239,match,1.0,oracle,0.0,False,True,0.9225,True
drift-chicane,0_1,33,periodic,identity,0.9072,match,1.0,oracle,0.0,False,True,0.9143,True
drift-chicane,0_1,34,periodic,identity,0.9076,match,1.0,oracle,0.0,False,True,0.907,True
drift-chicane,0_1,35,periodic,identity,0.8896,match,1.0,oracle,0.0,False,True,0.9117,True
drift-chicane,0_1,36,periodic,identity,0.8872,match,1.0,oracle,0.0,False,True,0.9016,True
drift-chicane,0_1,37,periodic,identity,0.8678,match,1.0,oracle,0.0,False,True,0.9134,True
drift-chicane,0_1,38,periodic,identity,0.8576,match,1.0,oracle,0.0,False,True,0.9223,True
drift-chicane,0_1,39,periodic,identity,0.8653,match,1.0,oracle,0.0,False,True,0.9169,True
drift-chicane,0_1,40,periodic,identity,0.881,match,1.0,oracle,0.0,False,True,0.9366,True
drift-chicane,0_1,41,periodic,identity,0.8824,match,1.0,oracle,0.0,False,True,0.9428,True
drift-chicane,0_1,42,periodic,identity,0.8751,match,1.0,oracle,0.0,False,True,0.9436,True
drift-chicane,0_1,43,periodic,identity,0.8762,match,1.0,oracle,0.0,False,True,0.9471,True
drift-chicane,0_1,44,periodic,identity,0.8664,match,1.0,oracle,0.0,False,True,0.9501,True
drift-chicane,0_1,45,periodic,identity,0.8703,match,1.0,oracle,0.0,False,True,0.9485,True
drift-chicane,0_1,46,periodic,identity,0.8877,match,1.0,oracle,0.0,False,True,0.9407,True
drift-chicane,0_1,47,periodic,identity,0.8681,match,1.0,oracle,0.0,False,True,0.944,True
drift-chicane,0_1,48,periodic,identity,0.8672,match,1.0,oracle,0.0,False,True,0.9519,True
drift-chicane,0_1,49,periodic,identity,0.8761,match,1.0,oracle,0.0,False,True,0.9493,True
drift-chicane,0_1,50,periodic,identity,0.868,match,1.0,oracle,0.0,False,True,0.9515,True
drift-chicane,0_1,51,periodic,identity,0.8933,match,1.0,oracle,0.0,False,True,0.9548,True
drift-straight,0_1,1,periodic,identity,0.9075,match,1.0,oracle,0.0,False,True,0.9321,True
drift-straight,0_1,2,periodic,identity,0.9237,match,1.0,oracle,0.0,False,True,0.9177,True
drift-straight,0_1,3,periodic,identity,0.944,match,1.0,oracle,0.0,False,True,0.9334,True
drift-straight,0_1,4,periodic,identity,0.8933,match,1.0,oracle,0.0,False,True,0.9445,True
drift-straight,0_1,5,periodic,identity,0.9534,match,1.0,oracle,0.0,False,True,0.932,True
drift-straight,0_1,6,periodic,identity,0.958,match,1.0,oracle,0.0,False,True,0.9417,True
drift-straight,0_1,7,periodic,identity,0.9689,match,1.0,oracle,0.0,False,True,0.9507,True
drift-straight,0_1,8,periodic,identity,0.9447,match,1.0,oracle,0.0,False,True,0.9501,True
drift-straight,0_1,9,periodic,identity,0.9555,match,1.0,oracle,0.0,False,True,0.9495,True
drift-straight,0_1,10,periodic,identity,0.9704,match,1.0,oracle,0.0,False,True,0.9413,True
drift-straight,0_1,11,periodic,identity,0.9426,match,1.0,oracle,0.0,False,True,0.9585,True
drift-straight,0_1,12,periodic,identity,0.9396,match,1.0,oracle,0.0,False,True,0.9637,True
drift-straight,0_1,13,periodic,identity,0.9472,match,1.0,oracle,0.0,False,True,0.9655,True
drift-straight,0_1,14,periodic,identity,0.9555,match,1.0,oracle,0.0,False,True,0.9628,True
drift-straight,0_1,15,periodic,identity,0.9653,match,1.0,oracle,0.0,False,True,0.9677,True
drift-straight,0_1,16,periodic,identity,0.9341,match,1.0,oracle,0.0,False,True,0.9666,True
drift-straight,0_1,17,periodic,identity,0.9438,match,1.0,oracle,0.0,False,True,0.9615,True
drift-straight,0_1,18,periodic,identity,0.9379,match,1.0,oracle,0.0,False,True,0.9599,True
drift-straight,0_1,19,periodic,identity,0.9168,match,1.0,oracle,0.0,False,True,0.9571,True
drift-straight,0_1,20,periodic,identity,0.8154,match,1.0,oracle,0.0,False,True,0.9611,True
drift-straight,0_1,21,periodic,identity,0.9471,match,1.0,oracle,0.0,False,True,0.9718,True
drift-straight,0_1,22,periodic,identity,0.9389,match,1.0,oracle,0.0,False,True,0.8974,True
drift-straight,0_1,23,periodic,identity,0.9198,match,1.0,oracle,0.0,False,True,0.9754,True
drift-straight,0_1,24,periodic,identity,0.8522,match,1.0,oracle,0.0,False,True,0.9814,True
drift-straight,0_1,25,periodic,identity,0.8662,match,1.0,oracle,0.0,False,True,0.9837,True
drift-straight,0_1,26,periodic,identity,0.8901,match,1.0,oracle,0.0,False,True,0.9832,True
drift-straight,0_1,27,periodic,identity,0.8873,match,1.0,oracle,0.0,False,True,0.9875,True
drift-straight,0_1,28,periodic,identity,0.8086,match,1.0,oracle,0.0,False,True,0.9844,True
drift-straight,0_1,29,periodic,identity,0.8014,match,1.0,oracle,0.0,False,True,0.9801,True
drift-straight,0_1,30,periodic,identity,0.818,match,1.0,oracle,0.0,False,True,0.9829,True
drift-straight,0_1,31,periodic,identity,0.826,match,1.0,oracle,0.0,False,True,0.9791,True
drift-straight,0_1,32,periodic,identity,0.7821,match,1.0,oracle,0.0,False,True,0.9698,True
drift-straight,0_1,33,periodic,identity,0.8324,match,1.0,oracle,0.0,False,True,0.9665,True
drift-straight,0_1,34,periodic,identity,0.8327,match,1.0,oracle,0.0,False,True,0.9568,True
drift-straight,0_1,35,periodic,identity,0.8217,match,1.0,oracle,0.0,False,True,0.9634,True
drift-straight,0_1,36,periodic,identity,0.7464,match,1.0,oracle,0.0,False,True,0.9661,True
drift-straight,0_1,37,periodic,identity,0.7726,match,1.0,oracle,0.0,False,True,0.9705,True
drift-straight,0_1,38,periodic,identity,0.7784,match,1.0,oracle,0.0,False,True,0.9639,True
drift-straight,0_1,39,periodic,identity,0.7773,match,1.0,oracle,0.0,False,True,0.9691,True
drift-straight,0_1,40,periodic,identity,0.7856,match,1.0,oracle,0.0,False,True,0.9714,True
drift-straight,0_1,41,periodic,identity,0.8114,match,1.0,oracle,0.0,False,True,0.9642,True
drift-straight,0_1,42,periodic,identity,0.8629,match,1.0,oracle,0.0,False,True,0.9576,True
drift-straight,0_1,43,periodic,identity,0.8565,match,1.0,oracle,0.0,False,True,0.9711,True
drift-straight,0_1,44,periodic,identity,0.8354,match,1.0,oracle,0.0,False,True,0.975,True
drift-straight,0_1,45,periodic,identity,0.7944,match,1.0,oracle,0.0,False,True,0.962,True
drift-straight,0_1,46,periodic,identity,0.7853,match,1.0,oracle,0.0,False,True,0.9587,True
drift-straight,0_1,47,periodic,identity,0.8271,match,1.0,oracle,0.0,False,True,0.9616,True
drift-straight,0_1,48,periodic,identity,0.816,match,1.0,oracle,0.0,False,True,0.9557,True
drift-straight,0_1,49,periodic,identity,0.848,match,1.0,oracle,0.0,False,True,0.9496,True
goat,0_1,1,periodic,identity,0.9584,match,1.0,oracle,0.0,False,True,0.9343,True
goat,0_1,2,periodic,identity,0.9573,match,1.0,oracle,0.0,False,True,0.9256,True
goat,0_1,3,periodic,identity,0.9566,match,1.0,oracle,0.0,False,True,0.9193,True
goat,0_1,4,periodic,identity,0.9368,match,1.0,oracle,0.0,False,True,0.9301,True
goat,0_1,5,periodic,identity,0.9486,match,1.0,oracle,0.0,False,True,0.931,True
goat,0_1,6,periodic,identity,0.944,match,1.0,oracle,0.0,False,True,0.9301,True
goat,0_1,7,periodic,identity,0.9572,match,1.0,oracle,0.0,False,True,0.9277,True
goat,0_1,8,periodic,identity,0.9457,match,1.0,oracle,0.0,False,True,0.918,True
goat,0_1,9,periodic,identity,0.9384,match,1.0,oracle,0.0,False,True,0.9247,True
goat,0_1,10,periodic,identity,0.9509,match,1.0,oracle,0.0,False,True,0.9324,True
goat,0_1,11,periodic,identity,0.9557,match,1.0,oracle,0.0,False,True,0.9211,True
goat,0_1,12,periodic,identity,0.9395,match,1.0,oracle,0.0,False,True,0.9205,True
goat,0_1,13,periodic,identity,0.9253,match,1.0,oracle,0.0,False,True,0.9257,True
goat,0_1,14,periodic,identity,0.94,match,1.0,oracle,0.0,False,True,0.9252,True
goat,0_1,15,periodic,identity,0.9299,match,1.0,oracle,0.0,False,True,0.9406,True
goat,0_1,16,periodic,identity,0.9303,match,1.0,oracle,0.0,False,True,0.9372,True
goat,0_1,17,periodic,identity,0.9239,match,1.0,oracle,0.0,False,True,0.9398,True
goat,0_1,18,periodic,identity,0.9297,match,1.0,oracle,0.0,False,True,0.9399,True
goat,0_1,19,periodic,identity,0.9292,match,1.0,oracle,0.0,False,True,0.9291,True
goat,0_1,20,periodic,identity,0.9189,match,1.0,oracle,0.0,False,True,0.9301,True
goat,0_1,21,periodic,identity,0.9317,match,1.0,oracle,0.0,False,True,0.9348,True
goat,0_1,22,periodic,identity,0.9093,match,1.0,oracle,0.0,False,True,0.934,True
goat,0_1,23,periodic,identity,0.9183,match,1.0,oracle,0.0,False,True,0.9268,True
goat,0_1,24,periodic,identity,0.9267,match,1.0,oracle,0.0,False,True,0.9372,True
goat,0_1,25,periodic,identity,0.9174,match,1.0,oracle,0.0,False,True,0.9349,True
goat,0_1,26,periodic,identity,0.905,match,1.0,oracle,0.0,False,True,0.9331,True
goat,0_1,27,periodic,identity,0.9184,match,1.0,oracle,0.0,False,True,0.9323,True
goat,0_1,28,periodic,identity,0.9296,match,1.0,oracle,0.0,False,True,0.9244,True
goat,0_1,29,periodic,identity,0.941,match,1.0,oracle,0.0,False,True,0.9049,True
goat,0_1,30,periodic,identity,0.9162,match,1.0,oracle,0.0,False,True,0.9273,True
goat,0_1,31,periodic,identity,0.9309,match,1.0,oracle,0.0,False,True,0.9362,True
goat,0_1,32,periodic,identity,0.949,match,1.0,oracle,0.0,False,True,0.9081,True
goat,0_1,33,periodic,identity,0.956,match,1.0,oracle,0.0,False,True,0.9062,True
goat,0_1,34,periodic,identity,0.9433,match,1.0,oracle,0.0,False,True,0.9008,True
goat,0_1,35,periodic,identity,0.9493,match,1.0,oracle,0.0,False,True,0.8994,True
goat,0_1,36,periodic,identity,0.9382,match,1.0,oracle,0.0,False,True,0.9153,True
goat,0_1,37,periodic,identity,0.959,match,1.0,oracle,0.0,False,True,0.9201,True
goat,0_1,38,periodic,identity,0.9471,match,1.0,oracle,0.0,False,True,0.9347,True
goat,0_1,39,periodic,identity,0.9321,match,1.0,oracle,0.0,False,True,0.928,True
goat,0_1,40,periodic,identity,0.9374,match,1.0,oracle,0.0,False,True,0.9267,True
goat,0_1,41,periodic,identity,0.9309,match,1.0,oracle,0.0,False,True,0.9258,True
goat,0_1,42,periodic,identity,0.918,match,1.0,oracle,0.0,False,True,0.9167,True
goat,0_1,43,periodic,identity,0.9308,match,1.0,oracle,0.0,False,True,0.9225,True
goat,0_1,44,periodic,identity,0.9468,match,1.0,oracle,0.0,False,True,0.9324,True
goat,0_1,45,periodic,identity,0.9426,match,1.0,oracle,0.0,False,True,0.9412,True
goat,0_1,46,periodic,identity,0.9404,match,1.0,oracle,0.0,False,True,0.9259,True
goat,0_1,47,periodic,identity,0.9232,match,1.0,oracle,0.0,False,True,0.9462,True
goat,0_1,48,periodic,identity,0.9135,match,1.0,oracle,0.0,False,True,0.9424,True
goat,0_1,49,periodic,identity,0.9201,match,1.0,oracle,0.0,False,True,0.9289,True
goat,0_1,50,periodic,identity,0.926,match,1.0,oracle,0.0,False,True,0.945,True
goat,0_1,51,periodic,identity,0.9369,match,1.0,oracle,0.0,False,True,0.9353,True
goat,0_1,52,periodic,identity,0.9377,match,1.0,oracle,0.0,False,True,0.9318,True
goat,0_1,53,periodic,identity,0.9241,match,1.0,oracle,0.0,False,True,0.9326,True
goat,0_1,54,periodic,identity,0.9484,match,1.0,oracle,0.0,False,True,0.9334,True
goat,0_1,55,periodic,identity,0.924,match,1.0,oracle,0.0,False,True,0.9392,True
goat,0_1,56,periodic,identity,0.9407,match,1.0,oracle,0.0,False,True,0.933,True
goat,0_1,57,periodic,identity,0.9399,match,1.0,oracle,0.0,False,True,0.9317,True
goat,0_1,58,periodic,identity,0.936,match,1.0,oracle,0.0,False,True,0.9341,True
goat,0_1,59,periodic,identity,0.9332,match,1.0,oracle,0.0,False,True,0.931,True
goat,0_1,60,periodic,identity,0.9262,match,1.0,oracle,0.0,False,True,0.9274,True
goat,0_1,61,periodic,identity,0.9249,match,1.0,oracle,0.0,False,True,0.9268,True
goat,0_1,62,periodic,identity,0.9546,match,1.0,oracle,0.0,False,True,0.9236,True
goat,0_1,63,periodic,identity,0.9413,match,1.0,oracle,0.0,False,True,0.9339,True
goat,0_1,64,periodic,identity,0.9361,match,1.0,oracle,0.0,False,True,0.9107,True
goat,0_1,65,periodic,identity,0.92,match,1.0,oracle,0.0,False,True,0.905,True
goat,0_1,66,periodic,identity,0.9336,match,1.0,oracle,0.0,False,True,0.9184,True
goat,0_1,67,periodic,identity,0.9095,match,1.0,oracle,0.0,False,True,0.9126,True
goat,0_1,68,periodic,identity,0.9139,match,1.0,oracle,0.0,False,True,0.9185,True
goat,0_1,69,periodic,identity,0.9369,match,1.0,oracle,0.0,False,True,0.917,True
goat,0_1,70,periodic,identity,0.9434,match,1.0,oracle,0.0,False,True,0.9171,True
goat,0_1,71,periodic,identity,0.9276,match,1.0,oracle,0.0,False,True,0.9227,True
goat,0_1,72,periodic,identity,0.9191,match,1.0,oracle,0.0,False,True,0.9105,True
goat,0_1,73,periodic,identity,0.9205,match,1.0,oracle,0.0,False,True,0.913,True
goat,0_1,74,periodic,identity,0.9446,match,1.0,oracle,0.0,False,True,0.9231,True
goat,0_1,75,periodic,identity,0.9251,match,1.0,oracle,0.0,False,True,0.9264,True
goat,0_1,76,periodic,identity,0.936,match,1.0,oracle,0.0,False,True,0.9402,True
goat,0_1,77,periodic,identity,0.9322,match,1.0,oracle,0.0,False,True,0.9219,True
goat,0_1,78,periodic,identity,0.9407,match,1.0,oracle,0.0,False,True,0.9227,True
goat,0_1,79,periodic,identity,0.9324,match,1.0,oracle,0.0,False,True,0.9303,True
goat,0_1,80,periodic,identity,0.9423,match,1.0,oracle,0.0,False,True,0.939,True
goat,0_1,81,periodic,identity,0.9443,match,1.0,oracle,0.0,False,True,0.9329,True
goat,0_1,82,periodic,identity,0.9307,match,1.0,oracle,0.0,False,True,0.9212,True
goat,0_1,83,periodic,identity,0.92,match,1.0,oracle,0.0,False,True,0.9274,True
goat,0_1,84,periodic,identity,0.9228,match,1.0,oracle,0.0,False,True,0.9283,True
goat,0_1,85,periodic,identity,0.9416,match,1.0,oracle,0.0,False,True,0.9293,True
goat,0_1,86,periodic,identity,0.9081,match,1.0,oracle,0.0,False,True,0.9237,True
goat,0_1,87,periodic,identity,0.9152,match,1.0,oracle,0.0,False,True,0.9306,True
goat,0_1,88,periodic,identity,0.9277,match,1.0,oracle,0.0,False,True,0.9314,True
goat,0_1,89,periodic,identity,0.9223,match,1.0,oracle,0.0,False,True,0.9359,True
gold-fish,0_1,1,periodic,identity,0.9625,match,1.0,oracle,0.0,False,True,0.8971,True
gold-fish,0_1,2,periodic,identity,0.962,match,1.0,oracle,0.0,False,True,0.9017,True
gold-fish,0_1,3,periodic,identity,0.9546,match,1.0,oracle,0.0,False,True,0.9025,True
gold-fish,0_1,4,periodic,identity,0.9665,match,1.0,oracle,0.0,False,True,0.9034,True
gold-fish,0_1,5,periodic,identity,0.9596,match,1.0,oracle,0.0,False,True,0.9162,True
gold-fish,0_1,6,periodic,identity,0.9667,match,1.0,oracle,0.0,False,True,0.9004,True
gold-fish,0_1,7,periodic,identity,0.9574,match,1.0,oracle,0.0,False,True,0.8963,True
gold-fish,0_1,8,periodic,identity,0.9584,match,1.0,oracle,0.0,False,True,0.8888,True
gold-fish,0_1,9,periodic,identity,0.9674,match,1.0,oracle,0.0,False,True,0.8777,True
gold-fish,0_1,10,periodic,identity,0.9542,match,1.0,oracle,0.0,False,True,0.864,True
gold-fish,0_1,11,periodic,identity,0.9427,match,1.0,oracle,0.0,False,True,0.8632,True
gold-fish,0_1,12,periodic,identity,0.9583,match,1.0,oracle,0.0,False,True,0.882,True
gold-fish,0_1,13,periodic,identity,0.9686,match,1.0,oracle,0.0,False,True,0.8886,True
gold-fish,0_1,14,periodic,identity,0.9235,match,1.0,oracle,0.0,False,True,0.8929,True
gold-fish,0_1,15,periodic,identity,0.9715,match,1.0,oracle,0.0,False,True,0.8967,True
gold-fish,0_1,16,periodic,identity,0.9688,match,1.0,oracle,0.0,False,True,0.8886,True
gold-fish,0_1,17,periodic,identity,0.967,match,1.0,oracle,0.0,False,True,0.8808,True
gold-fish,0_1,18,periodic,identity,0.9136,match,1.0,oracle,0.0,False,True,0.9023,True
gold-fish,0_1,19,periodic,identity,0.9569,match,1.0,oracle,0.0,False,True,0.8837,True
gold-fish,0_1,20,periodic,identity,0.9625,match,1.0,oracle,0.0,False,True,0.8804,True
gold-fish,0_1,21,periodic,identity,0.9401,match,1.0,oracle,0.0,False,True,0.8546,True
gold-fish,0_1,22,periodic,identity,0.9478,match,1.0,oracle,0.0,False,True,0.8463,True
gold-fish,0_1,23,periodic,identity,0.9241,match,1.0,oracle,0.0,False,True,0.8592,True
gold-fish,0_1,24,periodic,identity,0.9342,match,1.0,oracle,0.0,False,True,0.8848,True
gold-fish,0_1,25,periodic,identity,0.9431,match,1.0,oracle,0.0,False,True,0.8912,True
gold-fish,0_1,26,periodic,identity,0.9588,match,1.0,oracle,0.0,False,True,0.8988,True
gold-fish,0_1,27,periodic,identity,0.9517,match,1.0,oracle,0.0,False,True,0.9019,True
gold-fish,0_1,28,periodic,identity,0.9499,match,1.0,oracle,0.0,False,True,0.8919,True
gold-fish,0_1,29,periodic,identity,0.9261,match,1.0,oracle,0.0,False,True,0.9063,True
gold-fish,0_1,30,periodic,identity,0.9296,match,1.0,oracle,0.0,False,True,0.8877,True
gold-fish,0_1,31,periodic,identity,0.938,match,1.0,oracle,0.0,False,True,0.8872,True
gold-fish,0_1,32,periodic,identity,0.9346,match,1.0,oracle,0.0,False,True,0.8966,True
gold-fish,0_1,33,periodic,identity,0.9255,match,1.0,oracle,0.0,False,True,0.8965,True
gold-fish,0_1,34,periodic,identity,0.9324,match,1.0,oracle,0.0,False,True,0.8943,True
gold-fish,0_1,35,periodic,identity,0.9114,match,1.0,oracle,0.0,False,True,0.8825,True
gold-fish,0_1,36,periodic,identity,0.9241,match,1.0,oracle,0.0,False,True,0.8788,True
gold-fish,0_1,37,periodic,identity,0.8931,match,1.0,oracle,0.0,False,True,0.8791,True
gold-fish,0_1,38,periodic,identity,0.8974,match,1.0,oracle,0.0,False,True,0.8883,True
gold-fish,0_1,39,periodic,identity,0.8509,match,1.0,oracle,0.0,False,True,0.9025,True
gold-fish,0_1,40,periodic,identity,0.8568,match,1.0,oracle,0.0,False,True,0.8987,True
gold-fish,0_1,41,periodic,identity,0.8765,match,1.0,oracle,0.0,False,True,0.8794,True
gold-fish,0_1,42,periodic,identity,0.8708,match,1.0,oracle,0.0,False,True,0.9145,True
gold-fish,0_1,43,periodic,identity,0.8797,match,1.0,oracle,0.0,False,True,0.9178,True
gold-fish,0_1,44,periodic,identity,0.875,match,1.0,oracle,0.0,False,True,0.9486,True
gold-fish,0_1,45,periodic,identity,0.8527,match,1.0,oracle,0.0,False,True,0.9383,True
gold-fish,0_1,46,periodic,identity,0.8873,match,1.0,oracle,0.0,False,True,0.9485,True
gold-fish,0_1,47,periodic,identity,0.8664,match,1.0,oracle,0.0,False,True,0.9563,True
gold-fish,0_1,48,periodic,identity,0.873,match,1.0,oracle,0.0,False,True,0.9535,True
gold-fish,0_1,49,periodic,identity,0.8765,match,1.0,oracle,0.0,False,True,0.9405,True
gold-fish,0_1,50,periodic,identity,0.8452,match,1.0,oracle,0.0,False,True,0.9311,True
gold-fish,0_1,51,periodic,identity,0.8727,match,1.0,oracle,0.0,False,True,0.9174,True
gold-fish,0_1,52,periodic,identity,0.89,match,1.0,oracle,0.0,False,True,0.9343,True
gold-fish,0_1,53,periodic,identity,0.891,match,1.0,oracle,0.0,False,True,0.958,True
gold-fish,0_1,54,periodic,identity,0.875,match,1.0,oracle,0.0,False,True,0.9484,True
gold-fish,0_1,55,periodic,identity,0.8773,match,1.0,oracle,0.0,False,True,0.9498,True
gold-fish,0_1,56,periodic,identity,0.8968,match,1.0,oracle,0.0,False,True,0.9471,True
gold-fish,0_1,57,periodic,identity,0.8941,match,1.0,oracle,0.0,False,True,0.9387,True
gold-fish,0_1,58,periodic,identity,0.881,match,1.0,oracle,0.0,False,True,0.9354,True
gold-fish,0_1,59,periodic,identity,0.8835,match,1.0,oracle,0.0,False,True,0.921,True
gold-fish,0_1,60,periodic,identity,0.8724,match,1.0,oracle,0.0,False,True,0.9126,True
gold-fish,0_1,61,periodic,identity,0.8898,match,1.0,oracle,0.0,False,True,0.9114,True
gold-fish,0_1,62,periodic,identity,0.8799,match,1.0,oracle,0.0,False,True,0.9111,True
gold-fish,0_1,63,periodic,identity,0.8553,match,1.0,oracle,0.0,False,True,0.889,True
gold-fish,0_1,64,periodic,identity,0.8295,match,1.0,oracle,0.0,False,True,0.8957,True
gold-fish,0_1,65,periodic,identity,0.8347,match,1.0,oracle,0.0,False,True,0.8899,True
gold-fish,0_1,66,periodic,identity,0.8258,match,1.0,oracle,0.0,False,True,0.8938,True
gold-fish,0_1,67,periodic,identity,0.8042,match,1.0,oracle,0.0,False,True,0.9141,True
gold-fish,0_1,68,periodic,identity,0.7998,match,1.0,oracle,0.0,False,True,0.926,True
gold-fish,0_1,69,periodic,identity,0.737,match,1.0,oracle,0.0,False,True,0.9049,True
gold-fish,0_1,70,periodic,identity,0.7593,match,1.0,oracle,0.0,False,True,0.8257,True
gold-fish,0_1,71,periodic,identity,0.8067,match,1.0,oracle,0.0,False,True,0.8481,True
gold-fish,0_1,72,periodic,identity,0.8451,match,1.0,oracle,0.0,False,True,0.7611,True
gold-fish,0_1,73,periodic,identity,0.8234,match,1.0,oracle,0.0,False,True,0.7352,True
gold-fish,0_1,74,periodic,identity,0.8052,match,1.0,oracle,0.0,False,True,0.6822,True
gold-fish,0_1,75,periodic,identity,0.789,match,1.0,oracle,0.0,False,True,0.7301,True
gold-fish,0_1,76,periodic,identity,0.8838,match,1.0,oracle,0.0,False,True,0.7433,True
gold-fish,0_1,77,periodic,identity,0.7956,match,1.0,oracle,0.0,False,True,0.6123,True
gold-fish,0_2,1,periodic,identity,0.9631,no_match,1.0,oracle,0.0,False,True,0.0008,True
gold-fish,0_2,2,periodic,identity,0.9615,no_match,1.0,oracle,0.0,False,True,0.0016,True
gold-fish,0_2,3,periodic,identity,0.9663,no_match,1.0,oracle,0.0,False,True,0.0021,True
gold-fish,0_2,4,periodic,identity,0.9725,no_match,1.0,oracle,0.0,False,True,0.0031,True
gold-fish,0_2,5,periodic,identity,0.9639,no_match,1.0,oracle,0.0,False,True,0.0078,True
gold-fish,0_2,6,periodic,identity,0.9736,no_match,1.0,oracle,0.0,False,True,0.0101,True
gold-fish,0_2,7,periodic,identity,0.9578,no_match,1.0,oracle,0.0,False,True,0.0122,True
gold-fish,0_2,8,periodic,identity,0.9591,no_match,1.0,oracle,0.0,False,True,0.0145,True
gold-fish,0_2,9,periodic,identity,0.9669,no_match,1.0,oracle,0.0,False,True,0.0153,True
gold-fish,0_2,10,periodic,identity,0.9552,no_match,1.0,oracle,0.0,False,True,0.0159,True
gold-fish,0_2,11,periodic,identity,0.9431,no_match,1.0,oracle,0.0,False,True,0.0017,True
gold-fish,0_2,12,periodic,identity,0.9581,no_match,1.0,oracle,0.0,False,True,0.0016,True
gold-fish,0_2,13,periodic,identity,0.9115,no_match,1.0,oracle,0.0,False,True,0.0163,True
gold-fish,0_2,14,periodic,identity,0.9649,no_match,1.0,oracle,0.0,False,True,0.017,True
gold-fish,0_2,15,periodic,identity,0.9703,no_match,1.0,oracle,0.0,False,True,0.0151,True
gold-fish,0_2,16,periodic,identity,0.9676,no_match,1.0,oracle,0.0,False,True,0.0169,True
gold-fish,0_2,17,periodic,identity,0.9659,no_match,1.0,oracle,0.0,False,True,0.0147,True
gold-fish,0_2,18,periodic,identity,0.9146,no_match,1.0,oracle,0.0,False,True,0.0015,True
gold-fish,0_2,19,periodic,identity,0.9567,no_match,1.0,oracle,0.0,False,True,0.0021,True
gold-fish,0_2,20,periodic,identity,0.962,no_match,1.0,oracle,0.0,False,True,0.002,True
gold-fish,0_2,21,periodic,identity,0.9399,no_match,1.0,oracle,0.0,False,True,0.0012,True
gold-fish,0_2,22,periodic,identity,0.9488,no_match,1.0,oracle,0.0,False,True,0.0,True
gold-fish,0_2,23,periodic,identity,0.9255,no_match,1.0,oracle,0.0,False,True,0.0001,True
gold-fish,0_2,24,periodic,identity,0.9341,no_match,1.0,oracle,0.0,False,True,0.0001,True
gold-fish,0_2,25,periodic,identity,0.9445,no_match,1.0,oracle,0.0,False,True,0.0002,True
gold-fish,0_2,26,periodic,identity,0.959,no_match,1.0,oracle,0.0,False,True,0.0002,True
gold-fish,0_2,27,periodic,identity,0.9524,no_match,1.0,oracle,0.0,False,True,0.0,True
gold-fish,0_2,28,periodic,identity,0.9505,no_match,1.0,oracle,0.0,False,True,0.0007,True
gold-fish,0_2,29,periodic,identity,0.9337,no_match,1.0,oracle,0.0,False,True,0.0001,True
gold-fish,0_2,30,periodic,identity,0.9388,no_match,1.0,oracle,0.0,False,True,0.0002,True
gold-fish,0_2,31,periodic,identity,0.9446,no_match,1.0,oracle,0.0,False,True,0.0002,True
gold-fish,0_2,32,periodic,identity,0.947,no_match,1.0,oracle,0.0,False,True,0.0002,True
gold-fish,0_2,33,periodic,identity,0.9385,no_match,1.0,oracle,0.0,False,True,0.0002,True
gold-fish,0_2,34,periodic,identity,0.9461,no_match,1.0,oracle,0.0,False,True,0.0002,True
gold-fish,0_2,35,periodic,identity,0.9251,no_match,1.0,oracle,0.0,False,True,0.0006,True
gold-fish,0_2,36,periodic,identity,0.9243,no_match,1.0,oracle,0.0,False,True,0.0037,True
gold-fish,0_2,37,periodic,identity,0.8999,no_match,1.0,oracle,0.0,False,True,0.0012,True
gold-fish,0_2,38,periodic,identity,0.9002,no_match,1.0,oracle,0.0,False,True,0.0004,True
gold-fish,0_2,39,periodic,identity,0.8542,no_match,1.0,oracle,0.0,False,True,0.0,True
gold-fish,0_2,40,periodic,identity,0.8593,no_match,1.0,oracle,0.0,False,True,0.0,True
gold-fish,0_2,41,periodic,identity,0.8788,no_match,1.0,oracle,0.0,False,True,0.0,True
gold-fish,0_2,42,periodic,identity,0.8686,no_match,1.0,oracle,0.0,False,True,0.0,True
gold-fish,0_2,43,periodic,identity,0.8852,no_match,1.0,oracle,0.0,False,True,0.0,True
gold-fish,0_2,44,periodic,identity,0.8794,no_match,1.0,oracle,0.0,False,True,0.0,True
gold-fish,0_2,45,periodic,identity,0.8511,no_match,1.0,oracle,0.0,False,True,0.0001,True
gold-fish,0_2,46,periodic,identity,0.888,no_match,1.0,oracle,0.0,False,True,0.0,True
gold-fish,0_2,47,periodic,identity,0.866,no_match,1.0,oracle,0.0,False,True,0.0,True
gold-fish,0_2,48,periodic,identity,0.8772,no_match,1.0,oracle,0.0,False,True,0.0,True
gold-fish,0_2,49,periodic,identity,0.8785,no_match,1.0,oracle,0.0,False,True,0.0,True
gold-fish,0_2,50,periodic,identity,0.8479,no_match,1.0,oracle,0.0,False,True,0.0,True
gold-fish,0_2,51,periodic,identity,0.8718,no_match,1.0,oracle,0.0,False,True,0.0,True
gold-fish,0_2,52,periodic,identity,0.8915,no_match,1.0,oracle,0.0,False,True,0.0001,True
gold-fish,0_2,53,periodic,identity,0.891,no_match,1.0,oracle,0.0,False,True,0.0001,True
gold-fish,0_2,54,periodic,identity,0.8772,no_match,1.0,oracle,0.0,False,True,0.0,True
gold-fish,0_2,55,periodic,identity,0.8741,no_match,1.0,oracle,0.0,False,True,0.0,True
gold-fish,0_2,56,periodic,identity,0.8981,no_match,1.0,oracle,0.0,False,True,0.0,True
gold-fish,0_2,57,periodic,identity,0.894,no_match,1.0,oracle,0.0,False,True,0.0,True
gold-fish,0_2,58,periodic,identity,0.8718,no_match,1.0,oracle,0.0,False,True,0.0,True
gold-fish,0_2,59,periodic,identity,0.886,no_match,1.0,oracle,0.0,False,True,0.0,True
gold-fish,0_2,60,periodic,identity,0.8715,no_match,1.0,oracle,0.0,False,True,0.0,True
gold-fish,0_2,61,periodic,identity,0.8909,no_match,1.0,oracle,0.0,False,True,0.0,True
gold-fish,0_2,62,periodic,identity,0.8818,no_match,1.0,oracle,0.0,False,True,0.0,True
gold-fish,0_2,63,periodic,identity,0.8578,no_match,1.0,oracle,0.0,False,True,0.0,True
gold-fish,0_2,64,periodic,identity,0.833,no_match,1.0,oracle,0.0,False,True,0.0,True
gold-fish,0_2,65,periodic,identity,0.8374,no_match,1.0,oracle,0.0,False,True,0.0,True
gold-fish,0_2,66,periodic,identity,0.8195,no_match,1.0,oracle,0.0,False,True,0.0,True
gold-fish,0_2,67,periodic,identity,0.81,no_match,1.0,oracle,0.0,False,True,0.0,True
gold-fish,0_2,68,periodic,identity,0.7945,no_match,1.0,oracle,0.0,False,True,0.0,True
gold-fish,0_2,69,periodic,identity,0.7322,no_match,1.0,oracle,0.0,False,True,0.0,True
gold-fish,0_2,70,periodic,identity,0.7559,no_match,1.0,oracle,0.0,False,True,0.0,True
gold-fish,0_2,71,periodic,identity,0.8037,no_match,1.0,oracle,0.0,False,True,0.0,True
gold-fish,0_2,72,periodic,identity,0.8457,no_match,1.0,oracle,0.0,False,True,0.0,True
gold-fish,0_2,73,periodic,identity,0.8216,no_match,1.0,oracle,0.0,False,True,0.0,True
gold-fish,0_2,74,periodic,identity,0.7975,no_match,1.0,oracle,0.0,False,True,0.0,True
gold-fish,0_2,75,periodic,identity,0.7869,no_match,1.0,oracle,0.0,False,True,0.0,True
gold-fish,0_2,76,periodic,identity,0.8825,no_match,1.0,oracle,0.0,False,True,0.0,True
gold-fish,0_2,77,periodic,identity,0.7929,no_match,1.0,oracle,0.0,False,True,0.0,True
gold-fish,0_3,1,periodic,identity,0.9807,no_match,1.0,oracle,0.0,False,True,0.0,True
gold-fish,0_3,2,periodic,identity,0.976,no_match,1.0,oracle,0.0,False,True,0.0,True
gold-fish,0_3,3,periodic,identity,0.9785,no_match,1.0,oracle,0.0,False,True,0.0,True
gold-fish,0_3,4,periodic,identity,0.9754,no_match,1.0,oracle,0.0,False,True,0.0,True
gold-fish,0_3,5,periodic,identity,0.9581,no_match,1.0,oracle,0.0,False,True,0.0,True
gold-fish,0_3,6,periodic,identity,0.9763,no_match,1.0,oracle,0.0,False,True,0.0,True
gold-fish,0_3,7,periodic,identity,0.9712,no_match,1.0,oracle,0.0,False,True,0.0,True
gold-fish,0_3,8,periodic,identity,0.9721,no_match,1.0,oracle,0.0,False,True,0.0,True
gold-fish,0_3,9,periodic,identity,0.974,no_match,1.0,oracle,0.0,False,True,0.0,True
gold-fish,0_3,10,periodic,identity,0.9737,no_match,1.0,oracle,0.0,False,True,0.0,True
gold-fish,0_3,11,periodic,identity,0.9798,no_match,1.0,oracle,0.0,False,True,0.0,True
gold-fish,0_3,12,periodic,identity,0.9744,no_match,1.0,oracle,0.0,False,True,0.0,True
gold-fish,0_3,13,periodic,identity,0.9696,no_match,1.0,oracle,0.0,False,True,0.0,True
gold-fish,0_3,14,periodic,identity,0.9659,no_match,1.0,oracle,0.0,False,True,0.0,True
gold-fish,0_3,15,periodic,identity,0.9702,no_match,1.0,oracle,0.0,False,True,0.0,True
gold-fish,0_3,16,periodic,identity,0.9698,no_match,1.0,oracle,0.0,False,True,0.0,True
gold-fish,0_3,17,periodic,identity,0.9662,no_match,1.0,oracle,0.0,False,True,0.0,True
gold-fish,0_3,18,periodic,identity,0.9675,no_match,1.0,oracle,0.0,False,True,0.0,True
gold-fish,0_3,19,periodic,identity,0.9745,no_match,1.0,oracle,0.0,False,True,0.0,True
gold-fish,0_3,20,periodic,identity,0.9821,no_match,1.0,oracle,0.0,False,True,0.0,True
gold-fish,0_3,21,periodic,identity,0.9789,no_match,1.0,oracle,0.0,False,True,0.0,True
gold-fish,0_3,22,periodic,identity,0.9509,no_match,1.0,oracle,0.0,False,True,0.0,True
gold-fish,0_3,23,periodic,identity,0.9657,no_match,1.0,oracle,0.0,False,True,0.0,True
gold-fish,0_3,24,periodic,identity,0.9533,no_match,1.0,oracle,0.0,False,True,0.0,True
gold-fish,0_3,25,periodic,identity,0.96,no_match,1.0,oracle,0.0,False,True,0.0,True
gold-fish,0_3,26,periodic,identity,0.9456,no_match,1.0,oracle,0.0,False,True,0.0,True
gold-fish,0_3,27,periodic,identity,0.9645,no_match,1.0,oracle,0.0,False,True,0.0,True
gold-fish,0_3,28,periodic,identity,0.9658,no_match,1.0,oracle,0.0,False,True,0.0,True
gold-fish,0_3,29,periodic,identity,0.9479,no_match,1.0,oracle,0.0,False,True,0.0,True
gold-fish,0_3,30,periodic,identity,0.9547,no_match,1.0,oracle,0.0,False,True,0.0,True
gold-fish,0_3,31,periodic,identity,0.9534,no_match,1.0,oracle,0.0,False,True,0.0,True
gold-fish,0_3,32,periodic,identity,0.9522,no_match,1.0,oracle,0.0,False,True,0.0,True
gold-fish,0_3,33,periodic,identity,0.9484,no_match,1.0,oracle,0.0,False,True,0.0,True
gold-fish,0_3,34,periodic,identity,0.9451,no_match,1.0,oracle,0.0,False,True,0.0,True
gold-fish,0_3,35,periodic,identity,0.9718,no_match,1.0,oracle,0.0,False,True,0.0,True
gold-fish,0_3,36,periodic,identity,0.9741,no_match,1.0,oracle,0.0,False,True,0.0,True
gold-fish,0_3,37,periodic,identity,0.9652,no_match,1.0,oracle,0.0,False,True,0.0,True
gold-fish,0_3,38,periodic,identity,0.9633,no_match,1.0,oracle,0.0,False,True,0.0,True
gold-fish,0_3,39,periodic,identity,0.9646,no_match,1.0,oracle,0.0,False,True,0.0,True
gold-fish,0_3,40,periodic,identity,0.9761,no_match,1.0,oracle,0.0,False,True,0.0,True
gold-fish,0_3,41,periodic,identity,0.9797,no_match,1.0,oracle,0.0,False,True,0.0,True
gold-fish,0_3,42,periodic,identity,0.965,no_match,1.0,oracle,0.0,False,True,0.0,True
gold-fish,0_3,43,periodic,identity,0.9658,no_match,1.0,oracle,0.0,False,True,0.0,True
gold-fish,0_3,44,periodic,identity,0.9604,no_match,1.0,oracle,0.0,False,True,0.0,True
gold-fish,0_3,45,periodic,identity,0.9625,no_match,1.0,oracle,0.0,False,True,0.0,True
gold-fish,0_3,46,periodic,identity,0.9634,no_match,1.0,oracle,0.0,False,True,0.0,True
gold-fish,0_3,47,periodic,identity,0.9624,no_match,1.0,oracle,0.0,False,True,0.0,True
gold-fish,0_3,48,periodic,identity,0.9675,no_match,1.0,oracle,0.0,False,True,0.0,True
gold-fish,0_3,49,periodic,identity,0.9735,no_match,1.0,oracle,0.0,False,True,0.0,True
gold-fish,0_3,50,periodic,identity,0.9717,no_match,1.0,oracle,0.0,False,True,0.0,True
gold-fish,0_3,51,periodic,identity,0.9714,no_match,1.0,oracle,0.0,False,True,0.0,True
gold-fish,0_3,52,periodic,identity,0.9706,no_match,1.0,oracle,0.0,False,True,0.0,True
gold-fish,0_3,53,periodic,identity,0.9645,no_match,1.0,oracle,0.0,False,True,0.0,True
gold-fish,0_3,54,periodic,identity,0.9565,no_match,1.0,oracle,0.0,False,True,0.0,True
gold-fish,0_3,55,periodic,identity,0.9456,no_match,1.0,oracle,0.0,False,True,0.0,True
gold-fish,0_3,56,periodic,identity,0.9649,no_match,1.0,oracle,0.0,False,True,0.0,True
gold-fish,0_3,57,periodic,identity,0.9442,no_match,1.0,oracle,0.0,False,True,0.0,True
gold-fish,0_3,58,periodic,identity,0.9565,no_match,1.0,oracle,0.0,False,True,0.0,True
gold-fish,0_3,59,periodic,identity,0.9541,no_match,1.0,oracle,0.0,False,True,0.0,True
gold-fish,0_3,60,periodic,identity,0.9312,no_match,1.0,oracle,0.0,False,True,0.0,True
gold-fish,0_3,61,periodic,identity,0.9551,no_match,1.0,oracle,0.0,False,True,0.0,True
gold-fish,0_3,62,periodic,identity,0.9564,no_match,1.0,oracle,0.0,False,True,0.0,True
gold-fish,0_3,63,periodic,identity,0.9426,no_match,1.0,oracle,0.0,False,True,0.0,True
gold-fish,0_3,64,periodic,identity,0.9531,no_match,1.0,oracle,0.0,False,True,0.0,True
gold-fish,0_3,65,periodic,identity,0.9594,no_match,1.0,oracle,0.0,False,True,0.0,True
gold-fish,0_3,66,periodic,identity,0.9705,no_match,1.0,oracle,0.0,False,True,0.0,True
gold-fish,0_3,67,periodic,identity,0.9749,no_match,1.0,oracle,0.0,False,True,0.0,True
gold-fish,0_3,68,periodic,identity,0.9699,no_match,1.0,oracle,0.0,False,True,0.0,True
gold-fish,0_3,69,periodic,identity,0.9733,no_match,1.0,oracle,0.0,False,True,0.0,True
gold-fish,0_3,70,periodic,identity,0.9725,no_match,1.0,oracle,0.0,False,True,0.0,True
gold-fish,0_3,71,periodic,identity,0.9679,no_match,1.0,oracle,0.0,False,True,0.0,True
gold-fish,0_3,72,periodic,identity,0.9653,no_match,1.0,oracle,0.0,False,True,0.0,True
gold-fish,0_3,73,periodic,identity,0.962,no_match,1.0,oracle,0.0,False,True,0.0,True
gold-fish,0_3,74,periodic,identity,0.9684,no_match,1.0,oracle,0.0,False,True,0.0,True
gold-fish,0_3,75,periodic,identity,0.9614,no_match,1.0,oracle,0.0,False,True,0.0,True
gold-fish,0_3,76,periodic,identity,0.964,no_match,1.0,oracle,0.0,False,True,0.0,True
gold-fish,0_3,77,periodic,identity,0.9704,no_match,1.0,oracle,0.0,False,True,0.0,True
gold-fish,0_4,1,periodic,identity,0.956,no_match,1.0,oracle,0.0,False,True,0.0,True
gold-fish,0_4,2,periodic,identity,0.9551,no_match,1.0,oracle,0.0,False,True,0.0,True
gold-fish,0_4,3,periodic,identity,0.9585,no_match,1.0,oracle,0.0,False,True,0.0,True
gold-fish,0_4,4,periodic,identity,0.963,no_match,1.0,oracle,0.0,False,True,0.0,True
gold-fish,0_4,5,periodic,identity,0.9592,no_match,1.0,oracle,0.0,False,True,0.0,True
gold-fish,0_4,6,periodic,identity,0.9676,no_match,1.0,oracle,0.0,False,True,0.0,True
gold-fish,0_4,7,periodic,identity,0.9581,no_match,1.0,oracle,0.0,False,True,0.0,True
gold-fish,0_4,8,periodic,identity,0.9597,no_match,1.0,oracle,0.0,False,True,0.0,True
gold-fish,0_4,9,periodic,identity,0.967,no_match,1.0,oracle,0.0,False,True,0.0,True
gold-fish,0_4,10,periodic,identity,0.9556,no_match,1.0,oracle,0.0,False,True,0.0,True
gold-fish,0_4,11,periodic,identity,0.9432,no_match,1.0,oracle,0.0,False,True,0.0,True
gold-fish,0_4,12,periodic,identity,0.9578,no_match,1.0,oracle,0.0,False,True,0.0,True
gold-fish,0_4,13,periodic,identity,0.9117,no_match,1.0,oracle,0.0,False,True,0.0,True
gold-fish,0_4,14,periodic,identity,0.9653,no_match,1.0,oracle,0.0,False,True,0.0,True
gold-fish,0_4,15,periodic,identity,0.9713,no_match,1.0,oracle,0.0,False,True,0.0,True
gold-fish,0_4,16,periodic,identity,0.9678,no_match,1.0,oracle,0.0,False,True,0.0,True
gold-fish,0_4,17,periodic,identity,0.9658,no_match,1.0,oracle,0.0,False,True,0.0,True
gold-fish,0_4,18,periodic,identity,0.9139,no_match,1.0,oracle,0.0,False,True,0.0,True
gold-fish,0_4,19,periodic,identity,0.9559,no_match,1.0,oracle,0.0,False,True,0.0,True
gold-fish,0_4,20,periodic,identity,0.9619,no_match,1.0,oracle,0.0,False,True,0.0,True
gold-fish,0_4,21,periodic,identity,0.9398,no_match,1.0,oracle,0.0,False,True,0.0,True
gold-fish,0_4,22,periodic,identity,0.9486,no_match,1.0,oracle,0.0,False,True,0.0,True
gold-fish,0_4,23,periodic,identity,0.9252,no_match,1.0,oracle,0.0,False,True,0.0,True
gold-fish,0_4,24,periodic,identity,0.9339,no_match,1.0,oracle,0.0,False,True,0.0,True
gold-fish,0_4,25,periodic,identity,0.9444,no_match,1.0,oracle,0.0,False,True,0.0,True
gold-fish,0_4,26,periodic,identity,0.959,no_match,1.0,oracle,0.0,False,True,0.0,True
gold-fish,0_4,27,periodic,identity,0.9524,no_match,1.0,oracle,0.0,False,True,0.0,True
gold-fish,0_4,28,periodic,identity,0.9503,no_match,1.0,oracle,0.0,False,True,0.0,True
gold-fish,0_4,29,periodic,identity,0.9385,no_match,1.0,oracle,0.0,False,True,0.0,True
gold-fish,0_4,30,periodic,identity,0.9373,no_match,1.0,oracle,0.0,False,True,0.0,True
gold-fish,0_4,31,periodic,identity,0.9454,no_match,1.0,oracle,0.0,False,True,0.0,True
gold-fish,0_4,32,periodic,identity,0.9491,no_match,1.0,oracle,0.0,False,True,0.0,True
gold-fish,0_4,33,periodic,identity,0.938,no_match,1.0,oracle,0.0,False,True,0.0,True
gold-fish,0_4,34,periodic,identity,0.9506,no_match,1.0,oracle,0.0,False,True,0.0,True
gold-fish,0_4,35,periodic,identity,0.9241,no_match,1.0,oracle,0.0,False,True,0.0,True
gold-fish,0_4,36,periodic,identity,0.9191,no_match,1.0,oracle,0.0,False,True,0.0,True
gold-fish,0_4,37,periodic,identity,0.9001,no_match,1.0,oracle,0.0,False,True,0.0,True
gold-fish,0_4,38,periodic,identity,0.894,no_match,1.0,oracle,0.0,False,True,0.0001,True
gold-fish,0_4,39,periodic,identity,0.8529,no_match,1.0,oracle,0.0,False,True,0.0,True
gold-fish,0_4,40,periodic,identity,0.8599,no_match,1.0,oracle,0.0,False,True,0.0001,True
gold-fish,0_4,41,periodic,identity,0.8791,no_match,1.0,oracle,0.0,False,True,0.0,True
gold-fish,0_4,42,periodic,identity,0.8702,no_match,1.0,oracle,0.0,False,True,0.0,True
gold-fish,0_4,43,periodic,identity,0.8852,no_match,1.0,oracle,0.0,False,True,0.0,True
gold-fish,0_4,44,periodic,identity,0.8817,no_match,1.0,oracle,0.0,False,True,0.0,True
gold-fish,0_4,45,periodic,identity,0.8474,no_match,1.0,oracle,0.0,False,True,0.0,True
gold-fish,0_4,46,periodic,identity,0.8846,no_match,1.0,oracle,0.0,False,True,0.0,True
gold-fish,0_4,47,periodic,identity,0.8642,no_match,1.0,oracle,0.0,False,True,0.0002,True
gold-fish,0_4,48,periodic,identity,0.872,no_match,1.0,oracle,0.0,False,True,0.0001,True
gold-fish,0_4,49,periodic,identity,0.8738,no_match,1.0,oracle,0.0,False,True,0.0,True
gold-fish,0_4,50,periodic,identity,0.8488,no_match,1.0,oracle,0.0,False,True,0.0012,True
gold-fish,0_4,51,periodic,identity,0.8778,no_match,1.0,oracle,0.0,False,True,0.0009,True
gold-fish,0_4,52,periodic,identity,0.8894,no_match,1.0,oracle,0.0,False,True,0.001,True
gold-fish,0_4,53,periodic,identity,0.8845,no_match,1.0,oracle,0.0,False,True,0.0007,True
gold-fish,0_4,54,periodic,identity,0.8768,no_match,1.0,oracle,0.0,False,True,0.0011,True
gold-fish,0_4,55,periodic,identity,0.8769,no_match,1.0,oracle,0.0,False,True,0.0027,True
gold-fish,0_4,56,periodic,identity,0.9026,no_match,1.0,oracle,0.0,False,True,0.0031,True
gold-fish,0_4,57,periodic,identity,0.903,no_match,1.0,oracle,0.0,False,True,0.0025,True
gold-fish,0_4,58,periodic,identity,0.8902,no_match,1.0,oracle,0.0,False,True,0.0038,True
gold-fish,0_4,59,periodic,identity,0.8952,no_match,1.0,oracle,0.0,False,True,0.0065,True
gold-fish,0_4,60,periodic,identity,0.8846,no_match,1.0,oracle,0.0,False,True,0.0068,True
gold-fish,0_4,61,periodic,identity,0.8972,no_match,1.0,oracle,0.0,False,True,0.0071,True
gold-fish,0_4,62,periodic,identity,0.8861,no_match,1.0,oracle,0.0,False,True,0.0056,True
gold-fish,0_4,63,periodic,identity,0.8578,no_match,1.0,oracle,0.0,False,True,0.0001,True
gold-fish,0_4,64,periodic,identity,0.8352,no_match,1.0,oracle,0.0,False,True,0.0,True
gold-fish,0_4,65,periodic,identity,0.8438,no_match,1.0,oracle,0.0,False,True,0.0,True
gold-fish,0_4,66,periodic,identity,0.8427,no_match,1.0,oracle,0.0,False,True,0.0,True
gold-fish,0_4,67,periodic,identity,0.8166,no_match,1.0,oracle,0.0,False,True,0.0,True
gold-fish,0_4,68,periodic,identity,0.8043,no_match,1.0,oracle,0.0,False,True,0.0,True
gold-fish,0_4,69,periodic,identity,0.7405,no_match,1.0,oracle,0.0,False,True,0.0,True
gold-fish,0_4,70,periodic,identity,0.7708,no_match,1.0,oracle,0.0,False,True,0.0,True
gold-fish,0_4,71,periodic,identity,0.8127,no_match,1.0,oracle,0.0,False,True,0.0,True
gold-fish,0_4,72,periodic,identity,0.8611,no_match,1.0,oracle,0.0,False,True,0.0,True
gold-fish,0_4,73,periodic,identity,0.8364,no_match,1.0,oracle,0.0,False,True,0.0,True
gold-fish,0_4,74,periodic,identity,0.8186,no_match,1.0,oracle,0.0,False,True,0.0,True
gold-fish,0_4,75,periodic,identity,0.7995,no_match,1.0,oracle,0.0,False,True,0.0,True
gold-fish,0_4,76,periodic,identity,0.8881,no_match,1.0,oracle,0.0,False,True,0.0,True
gold-fish,0_4,77,periodic,identity,0.8023,no_match,1.0,oracle,0.0,False,True,0.0,True
gold-fish,0_5,1,periodic,identity,0.9592,no_match,1.0,oracle,0.0,False,True,0.0,True
gold-fish,0_5,2,periodic,identity,0.9573,no_match,1.0,oracle,0.0,False,True,0.0,True
gold-fish,0_5,3,periodic,identity,0.9629,no_match,1.0,oracle,0.0,False,True,0.0,True
gold-fish,0_5,4,periodic,identity,0.9683,no_match,1.0,oracle,0.0,False,True,0.0,True
gold-fish,0_5,5,periodic,identity,0.9634,no_match,1.0,oracle,0.0,False,True,0.0,True
gold-fish,0_5,6,periodic,identity,0.9728,no_match,1.0,oracle,0.0,False,True,0.0,True
gold-fish,0_5,7,periodic,identity,0.9579,no_match,1.0,oracle,0.0,False,True,0.0,True
gold-fish,0_5,8,periodic,identity,0.9571,no_match,1.0,oracle,0.0,False,True,0.0,True
gold-fish,0_5,9,periodic,identity,0.9675,no_match,1.0,oracle,0.0,False,True,0.0,True
gold-fish,0_5,10,periodic,identity,0.9553,no_match,1.0,oracle,0.0,False,True,0.0,True
gold-fish,0_5,11,periodic,identity,0.9429,no_match,1.0,oracle,0.0,False,True,0.0,True
gold-fish,0_5,12,periodic,identity,0.9586,no_match,1.0,oracle,0.0,False,True,0.0,True
gold-fish,0_5,13,periodic,identity,0.9115,no_match,1.0,oracle,0.0,False,True,0.0,True
gold-fish,0_5,14,periodic,identity,0.9647,no_match,1.0,oracle,0.0,False,True,0.0,True
gold-fish,0_5,15,periodic,identity,0.97,no_match,1.0,oracle,0.0,False,True,0.0,True
gold-fish,0_5,16,periodic,identity,0.9657,no_match,1.0,oracle,0.0,False,True,0.0,True
gold-fish,0_5,17,periodic,identity,0.9658,no_match,1.0,oracle,0.0,False,True,0.0,True
gold-fish,0_5,18,periodic,identity,0.9147,no_match,1.0,oracle,0.0,False,True,0.0,True
gold-fish,0_5,19,periodic,identity,0.9549,no_match,1.0,oracle,0.0,False,True,0.0,True
gold-fish,0_5,20,periodic,identity,0.9617,no_match,1.0,oracle,0.0,False,True,0.0,True
gold-fish,0_5,21,periodic,identity,0.9397,no_match,1.0,oracle,0.0,False,True,0.0,True
gold-fish,0_5,22,periodic,identity,0.9483,no_match,1.0,oracle,0.0,False,True,0.0,True
gold-fish,0_5,23,periodic,identity,0.9249,no_match,1.0,oracle,0.0,False,True,0.0,True
gold-fish,0_5,24,periodic,identity,0.9335,no_match,1.0,oracle,0.0,False,True,0.0,True
gold-fish,0_5,25,periodic,identity,0.9439,no_match,1.0,oracle,0.0,False,True,0.0,True
gold-fish,0_5,26,periodic,identity,0.9588,no_match,1.0,oracle,0.0,False,True,0.0,True
gold-fish,0_5,27,periodic,identity,0.9501,no_match,1.0,oracle,0.0,False,True,0.0,True
gold-fish,0_5,28,periodic,identity,0.9501,no_match,1.0,oracle,0.0,False,True,0.0,True
gold-fish,0_5,29,periodic,identity,0.9333,no_match,1.0,oracle,0.0,False,True,0.0,True
gold-fish,0_5,30,periodic,identity,0.9334,no_match,1.0,oracle,0.0,False,True,0.0,True
gold-fish,0_5,31,periodic,identity,0.9389,no_match,1.0,oracle,0.0,False,True,0.0,True
gold-fish,0_5,32,periodic,identity,0.94,no_match,1.0,oracle,0.0,False,True,0.0,True
gold-fish,0_5,33,periodic,identity,0.932,no_match,1.0,oracle,0.0,False,True,0.0,True
gold-fish,0_5,34,periodic,identity,0.946,no_match,1.0,oracle,0.0,False,True,0.0,True
gold-fish,0_5,35,periodic,identity,0.9224,no_match,1.0,oracle,0.0,False,True,0.0,True
gold-fish,0_5,36,periodic,identity,0.9188,no_match,1.0,oracle,0.0,False,True,0.0,True
gold-fish,0_5,37,periodic,identity,0.8972,no_match,1.0,oracle,0.0,False,True,0.0,True
gold-fish,0_5,38,periodic,identity,0.8909,no_match,1.0,oracle,0.0,False,True,0.0,True
gold-fish,0_5,39,periodic,identity,0.849,no_match,1.0,oracle,0.0,False,True,0.0,True
gold-fish,0_5,40,periodic,identity,0.8578,no_match,1.0,oracle,0.0,False,True,0.0,True
gold-fish,0_5,41,periodic,identity,0.8804,no_match,1.0,oracle,0.0,False,True,0.0,True
gold-fish,0_5,42,periodic,identity,0.8673,no_match,1.0,oracle,0.0,False,True,0.0,True
gold-fish,0_5,43,periodic,identity,0.8841,no_match,1.0,oracle,0.0,False,True,0.0,True
gold-fish,0_5,44,periodic,identity,0.8785,no_match,1.0,oracle,0.0,False,True,0.0,True
gold-fish,0_5,45,periodic,identity,0.8463,no_match,1.0,oracle,0.0,False,True,0.0,True
gold-fish,0_5,46,periodic,identity,0.8822,no_match,1.0,oracle,0.0,False,True,0.0,True
gold-fish,0_5,47,periodic,identity,0.8612,no_match,1.0,oracle,0.0,False,True,0.0,True
gold-fish,0_5,48,periodic,identity,0.869,no_match,1.0,oracle,0.0,False,True,0.0,True
gold-fish,0_5,49,periodic,identity,0.8721,no_match,1.0,oracle,0.0,False,True,0.0,True
gold-fish,0_5,50,periodic,identity,0.8467,no_match,1.0,oracle,0.0,False,True,0.0,True
gold-fish,0_5,51,periodic,identity,0.8751,no_match,1.0,oracle,0.0,False,True,0.0,True
gold-fish,0_5,52,periodic,identity,0.8846,no_match,1.0,oracle,0.0,False,True,0.0,True
gold-fish,0_5,53,periodic,identity,0.8806,no_match,1.0,oracle,0.0,False,True,0.0,True
gold-fish,0_5,54,periodic,identity,0.8735,no_match,1.0,oracle,0.0,False,True,0.0,True
gold-fish,0_5,55,periodic,identity,0.8729,no_match,1.0,oracle,0.0,False,True,0.0,True
gold-fish,0_5,56,periodic,identity,0.9015,no_match,1.0,oracle,0.0,False,True,0.0,True
gold-fish,0_5,57,periodic,identity,0.9009,no_match,1.0,oracle,0.0,False,True,0.0,True
gold-fish,0_5,58,periodic,identity,0.8884,no_match,1.0,oracle,0.0,False,True,0.0,True
gold-fish,0_5,59,periodic,identity,0.8918,no_match,1.0,oracle,0.0,False,True,0.0,True
gold-fish,0_5,60,periodic,identity,0.879,no_match,1.0,oracle,0.0,False,True,0.0,True
gold-fish,0_5,61,periodic,identity,0.892,no_match,1.0,oracle,0.0,False,True,0.0,True
gold-fish,0_5,62,periodic,identity,0.8789,no_match,1.0,oracle,0.0,False,True,0.0,True
gold-fish,0_5,63,periodic,identity,0.8602,no_match,1.0,oracle,0.0,False,True,0.0,True
gold-fish,0_5,64,periodic,identity,0.8282,no_match,1.0,oracle,0.0,False,True,0.0,True
gold-fish,0_5,65,periodic,identity,0.8399,no_match,1.0,oracle,0.0,False,True,0.0,True
gold-fish,0_5,66,periodic,identity,0.8387,no_match,1.0,oracle,0.0,False,True,0.0,True
gold-fish,0_5,67,periodic,identity,0.8078,no_match,1.0,oracle,0.0,False,True,0.0,True
gold-fish,0_5,68,periodic,identity,0.7978,no_match,1.0,oracle,0.0,False,True,0.0,True
gold-fish,0_5,69,periodic,identity,0.7365,no_match,1.0,oracle,0.0,False,True,0.0,True
gold-fish,0_5,70,periodic,identity,0.7651,no_match,1.0,oracle,0.0,False,True,0.0,True
gold-fish,0_5,71,periodic,identity,0.807,no_match,1.0,oracle,0.0,False,True,0.0,True
gold-fish,0_5,72,periodic,identity,0.8527,no_match,1.0,oracle,0.0,False,True,0.0,True
gold-fish,0_5,73,periodic,identity,0.8315,no_match,1.0,oracle,0.0,False,True,0.0,True
gold-fish,0_5,74,periodic,identity,0.8132,no_match,1.0,oracle,0.0,False,True,0.0,True
gold-fish,0_5,75,periodic,identity,0.796,no_match,1.0,oracle,0.0,False,True,0.0,True
gold-fish,0_5,76,periodic,identity,0.8823,no_match,1.0,oracle,0.0,False,True,0.0,True
gold-fish,0_5,77,periodic,identity,0.7974,no_match,1.0,oracle,0.0,False,True,0.0,True
horsejump-high,0_1,1,periodic,identity,0.9057,match,1.0,oracle,0.0,False,True,0.7921,True
horsejump-high,0_1,2,periodic,identity,0.895,match,1.0,oracle,0.0,False,True,0.7911,True
horsejump-high,0_1,3,periodic,identity,0.9047,match,1.0,oracle,0.0,False,True,0.809,True
horsejump-high,0_1,4,periodic,identity,0.8956,match,1.0,oracle,0.0,False,True,0.8076,True
horsejump-high,0_1,5,periodic,identity,0.9041,match,1.0,oracle,0.0,False,True,0.8188,True
horsejump-high,0_1,6,periodic,identity,0.9362,match,1.0,oracle,0.0,False,True,0.8255,True
horsejump-high,0_1,7,periodic,identity,0.9316,match,1.0,oracle,0.0,False,True,0.8218,True
horsejump-high,0_1,8,periodic,identity,0.9326,match,1.0,oracle,0.0,False,True,0.8097,True
horsejump-high,0_1,9,periodic,identity,0.9277,match,1.0,oracle,0.0,False,True,0.8086,True
horsejump-high,0_1,10,periodic,identity,0.9366,match,1.0,oracle,0.0,False,True,0.8192,True
horsejump-high,0_1,11,periodic,identity,0.9182,match,1.0,oracle,0.0,False,True,0.8221,True
horsejump-high,0_1,12,periodic,identity,0.915,match,1.0,oracle,0.0,False,True,0.8124,True
horsejump-high,0_1,13,periodic,identity,0.9044,match,1.0,oracle,0.0,False,True,0.839,True
horsejump-high,0_1,14,periodic,identity,0.8988,match,1.0,oracle,0.0,False,True,0.8297,True
horsejump-high,0_1,15,periodic,identity,0.9019,match,1.0,oracle,0.0,False,True,0.8242,True
horsejump-high,0_1,16,periodic,identity,0.8958,match,1.0,oracle,0.0,False,True,0.8246,True
horsejump-high,0_1,17,periodic,identity,0.8665,match,1.0,oracle,0.0,False,True,0.8335,True
horsejump-high,0_1,18,periodic,identity,0.8438,match,1.0,oracle,0.0,False,True,0.8415,True
horsejump-high,0_1,19,periodic,identity,0.8477,match,1.0,oracle,0.0,False,True,0.8404,True
horsejump-high,0_1,20,periodic,identity,0.8634,match,1.0,oracle,0.0,False,True,0.8312,True
horsejump-high,0_1,21,periodic,identity,0.8731,match,1.0,oracle,0.0,False,True,0.8372,True
horsejump-high,0_1,22,periodic,identity,0.8826,match,1.0,oracle,0.0,False,True,0.8579,True
horsejump-high,0_1,23,periodic,identity,0.9152,match,1.0,oracle,0.0,False,True,0.8497,True
horsejump-high,0_1,24,periodic,identity,0.8883,match,1.0,oracle,0.0,False,True,0.8386,True
horsejump-high,0_1,25,periodic,identity,0.8974,match,1.0,oracle,0.0,False,True,0.8238,True
horsejump-high,0_1,26,periodic,identity,0.8979,match,1.0,oracle,0.0,False,True,0.8297,True
horsejump-high,0_1,27,periodic,identity,0.895,match,1.0,oracle,0.0,False,True,0.8308,True
horsejump-high,0_1,28,periodic,identity,0.8891,match,1.0,oracle,0.0,False,True,0.8222,True
horsejump-high,0_1,29,periodic,identity,0.8653,match,1.0,oracle,0.0,False,True,0.8301,True
horsejump-high,0_1,30,periodic,identity,0.9042,match,1.0,oracle,0.0,False,True,0.8417,True
horsejump-high,0_1,31,periodic,identity,0.8727,match,1.0,oracle,0.0,False,True,0.8052,True
horsejump-high,0_1,32,periodic,identity,0.9209,match,1.0,oracle,0.0,False,True,0.8062,True
horsejump-high,0_1,33,periodic,identity,0.853,match,1.0,oracle,0.0,False,True,0.817,True
horsejump-high,0_1,34,periodic,identity,0.9054,match,1.0,oracle,0.0,False,True,0.799,True
horsejump-high,0_1,35,periodic,identity,0.8972,match,1.0,oracle,0.0,False,True,0.7958,True
horsejump-high,0_1,36,periodic,identity,0.8917,match,1.0,oracle,0.0,False,True,0.8079,True
horsejump-high,0_1,37,periodic,identity,0.9337,match,1.0,oracle,0.0,False,True,0.7887,True
horsejump-high,0_1,38,periodic,identity,0.9365,match,1.0,oracle,0.0,False,True,0.8147,True
horsejump-high,0_1,39,periodic,identity,0.8889,match,1.0,oracle,0.0,False,True,0.811,True
horsejump-high,0_1,40,periodic,identity,0.9208,match,1.0,oracle,0.0,False,True,0.8165,True
horsejump-high,0_1,41,periodic,identity,0.9293,match,1.0,oracle,0.0,False,True,0.8138,True
horsejump-high,0_1,42,periodic,identity,0.9244,match,1.0,oracle,0.0,False,True,0.7844,True
horsejump-high,0_1,43,periodic,identity,0.9167,match,1.0,oracle,0.0,False,True,0.7919,True
horsejump-high,0_1,44,periodic,identity,0.9202,match,1.0,oracle,0.0,False,True,0.7805,True
horsejump-high,0_1,45,periodic,identity,0.9263,match,1.0,oracle,0.0,False,True,0.7816,True
horsejump-high,0_1,46,periodic,identity,0.9234,match,1.0,oracle,0.0,False,True,0.7692,True
horsejump-high,0_1,47,periodic,identity,0.9176,match,1.0,oracle,0.0,False,True,0.7614,True
horsejump-high,0_1,48,periodic,identity,0.9165,match,1.0,oracle,0.0,False,True,0.7739,True
horsejump-high,0_1,49,periodic,identity,0.9141,match,1.0,oracle,0.0,False,True,0.763,True
horsejump-high,0_2,1,periodic,identity,0.9219,no_match,1.0,oracle,0.0,False,True,0.1563,True
horsejump-high,0_2,2,periodic,identity,0.922,no_match,1.0,oracle,0.0,False,True,0.1507,True
horsejump-high,0_2,3,periodic,identity,0.9341,no_match,1.0,oracle,0.0,False,True,0.1504,True
horsejump-high,0_2,4,periodic,identity,0.9231,no_match,1.0,oracle,0.0,False,True,0.1511,True
horsejump-high,0_2,5,periodic,identity,0.929,no_match,1.0,oracle,0.0,False,True,0.1518,True
horsejump-high,0_2,6,periodic,identity,0.9467,no_match,1.0,oracle,0.0,False,True,0.1491,True
horsejump-high,0_2,7,periodic,identity,0.9468,no_match,1.0,oracle,0.0,False,True,0.1527,True
horsejump-high,0_2,8,periodic,identity,0.9387,no_match,1.0,oracle,0.0,False,True,0.1562,True
horsejump-high,0_2,9,periodic,identity,0.9405,no_match,1.0,oracle,0.0,False,True,0.1602,True
horsejump-high,0_2,10,periodic,identity,0.947,no_match,1.0,oracle,0.0,False,True,0.1572,True
horsejump-high,0_2,11,periodic,identity,0.9423,no_match,1.0,oracle,0.0,False,True,0.1611,True
horsejump-high,0_2,12,periodic,identity,0.9449,no_match,1.0,oracle,0.0,False,True,0.1639,True
horsejump-high,0_2,13,periodic,identity,0.9496,no_match,1.0,oracle,0.0,False,True,0.1676,True
horsejump-high,0_2,14,periodic,identity,0.943,no_match,1.0,oracle,0.0,False,True,0.1665,True
horsejump-high,0_2,15,periodic,identity,0.9477,no_match,1.0,oracle,0.0,False,True,0.1756,True
horsejump-high,0_2,16,periodic,identity,0.9533,no_match,1.0,oracle,0.0,False,True,0.1756,True
horsejump-high,0_2,17,periodic,identity,0.9427,no_match,1.0,oracle,0.0,False,True,0.183,True
horsejump-high,0_2,18,periodic,identity,0.955,no_match,1.0,oracle,0.0,False,True,0.1811,True
horsejump-high,0_2,19,periodic,identity,0.941,no_match,1.0,oracle,0.0,False,True,0.1887,True
horsejump-high,0_2,20,periodic,identity,0.9278,no_match,1.0,oracle,0.0,False,True,0.1918,True
horsejump-high,0_2,21,periodic,identity,0.9249,no_match,1.0,oracle,0.0,False,True,0.1891,True
horsejump-high,0_2,22,periodic,identity,0.9201,no_match,1.0,oracle,0.0,False,True,0.1672,True
horsejump-high,0_2,23,periodic,identity,0.9335,no_match,1.0,oracle,0.0,False,True,0.1777,True
horsejump-high,0_2,24,periodic,identity,0.9262,no_match,1.0,oracle,0.0,False,True,0.1773,True
horsejump-high,0_2,25,periodic,identity,0.9175,no_match,1.0,oracle,0.0,False,True,0.1726,True
horsejump-high,0_2,26,periodic,identity,0.9243,no_match,1.0,oracle,0.0,False,True,0.1708,True
horsejump-high,0_2,27,periodic,identity,0.9273,no_match,1.0,oracle,0.0,False,True,0.1695,True
horsejump-high,0_2,28,periodic,identity,0.9405,no_match,1.0,oracle,0.0,False,True,0.1699,True
horsejump-high,0_2,29,periodic,identity,0.9158,no_match,1.0,oracle,0.0,False,True,0.1729,True
horsejump-high,0_2,30,periodic,identity,0.9295,no_match,1.0,oracle,0.0,False,True,0.1548,True
horsejump-high,0_2,31,periodic,identity,0.9366,no_match,1.0,oracle,0.0,False,True,0.1639,True
horsejump-high,0_2,32,periodic,identity,0.9284,no_match,1.0,oracle,0.0,False,True,0.1673,True
horsejump-high,0_2,33,periodic,identity,0.9136,no_match,1.0,oracle,0.0,False,True,0.1609,True
horsejump-high,0_2,34,periodic,identity,0.9369,no_match,1.0,oracle,0.0,False,True,0.1644,True
horsejump-high,0_2,35,periodic,identity,0.9282,no_match,1.0,oracle,0.0,False,True,0.1622,True
horsejump-high,0_2,36,periodic,identity,0.9318,no_match,1.0,oracle,0.0,False,True,0.1656,True
horsejump-high,0_2,37,periodic,identity,0.9462,no_match,1.0,oracle,0.0,False,True,0.1711,True
horsejump-high,0_2,38,periodic,identity,0.9491,no_match,1.0,oracle,0.0,False,True,0.1617,True
horsejump-high,0_2,39,periodic,identity,0.9343,no_match,1.0,oracle,0.0,False,True,0.1646,True
horsejump-high,0_2,40,periodic,identity,0.9462,no_match,1.0,oracle,0.0,False,True,0.1658,True
horsejump-high,0_2,41,periodic,identity,0.958,no_match,1.0,oracle,0.0,False,True,0.1689,True
horsejump-high,0_2,42,periodic,identity,0.9507,no_match,1.0,oracle,0.0,False,True,0.1728,True
horsejump-high,0_2,43,periodic,identity,0.9477,no_match,1.0,oracle,0.0,False,True,0.1719,True
horsejump-high,0_2,44,periodic,identity,0.9511,no_match,1.0,oracle,0.0,False,True,0.1784,True
horsejump-high,0_2,45,periodic,identity,0.9648,no_match,1.0,oracle,0.0,False,True,0.1769,True
horsejump-high,0_2,46,periodic,identity,0.9591,no_match,1.0,oracle,0.0,False,True,0.1762,True
horsejump-high,0_2,47,periodic,identity,0.9603,no_match,1.0,oracle,0.0,False,True,0.1778,True
horsejump-high,0_2,48,periodic,identity,0.9581,no_match,1.0,oracle,0.0,False,True,0.1829,True
horsejump-high,0_2,49,periodic,identity,0.9525,no_match,1.0,oracle,0.0,False,True,0.1861,True
india,0_1,1,periodic,identity,0.9822,match,1.0,oracle,0.0,False,True,0.9077,True
india,0_1,2,periodic,identity,0.9659,match,1.0,oracle,0.0,False,True,0.9008,True
india,0_1,3,periodic,identity,0.9644,match,1.0,oracle,0.0,False,True,0.8952,True
india,0_1,4,periodic,identity,0.9809,match,1.0,oracle,0.0,False,True,0.8924,True
india,0_1,5,periodic,identity,0.9763,match,1.0,oracle,0.0,False,True,0.8941,True
india,0_1,6,periodic,identity,0.9818,match,1.0,oracle,0.0,False,True,0.8899,True
india,0_1,7,periodic,identity,0.9777,match,1.0,oracle,0.0,False,True,0.8997,True
india,0_1,8,periodic,identity,0.9847,match,1.0,oracle,0.0,False,True,0.9062,True
india,0_1,9,periodic,identity,0.9827,match,1.0,oracle,0.0,False,True,0.9198,True
india,0_1,10,periodic,identity,0.9819,match,1.0,oracle,0.0,False,True,0.9324,True
india,0_1,11,periodic,identity,0.973,match,1.0,oracle,0.0,False,True,0.9362,True
india,0_1,12,periodic,identity,0.952,match,1.0,oracle,0.0,False,True,0.9391,True
india,0_1,13,periodic,identity,0.8829,match,1.0,oracle,0.0,False,True,0.9369,True
india,0_1,14,periodic,identity,0.9532,match,1.0,oracle,0.0,False,True,0.9348,True
india,0_1,15,periodic,identity,0.9538,match,1.0,oracle,0.0,False,True,0.9373,True
india,0_1,16,periodic,identity,0.9525,match,1.0,oracle,0.0,False,True,0.9354,True
india,0_1,17,periodic,identity,0.9665,match,1.0,oracle,0.0,False,True,0.9363,True
india,0_1,18,periodic,identity,0.9593,match,1.0,oracle,0.0,False,True,0.9336,True
india,0_1,19,periodic,identity,0.9545,match,1.0,oracle,0.0,False,True,0.9295,True
india,0_1,20,periodic,identity,0.9618,match,1.0,oracle,0.0,False,True,0.9275,True
india,0_1,21,periodic,identity,0.9682,match,1.0,oracle,0.0,False,True,0.9123,True
india,0_1,22,periodic,identity,0.9615,match,1.0,oracle,0.0,False,True,0.923,True
india,0_1,23,periodic,identity,0.9704,match,1.0,oracle,0.0,False,True,0.9241,True
india,0_1,24,periodic,identity,0.9732,match,1.0,oracle,0.0,False,True,0.9211,True
india,0_1,25,periodic,identity,0.9645,match,1.0,oracle,0.0,False,True,0.9189,True
india,0_1,26,periodic,identity,0.9685,match,1.0,oracle,0.0,False,True,0.9056,True
india,0_1,27,periodic,identity,0.9805,match,1.0,oracle,0.0,False,True,0.9064,True
india,0_1,28,periodic,identity,0.9759,match,1.0,oracle,0.0,False,True,0.8994,True
india,0_1,29,periodic,identity,0.9692,match,1.0,oracle,0.0,False,True,0.8939,True
india,0_1,30,periodic,identity,0.9587,match,1.0,oracle,0.0,False,True,0.9062,True
india,0_1,31,periodic,identity,0.9428,match,1.0,oracle,0.0,False,True,0.908,True
india,0_1,32,periodic,identity,0.937,match,1.0,oracle,0.0,False,True,0.9065,True
india,0_1,33,periodic,identity,0.8917,match,1.0,oracle,0.0,False,True,0.8457,True
india,0_1,34,periodic,identity,0.8751,match,1.0,oracle,0.0,False,True,0.822,True
india,0_1,35,periodic,identity,0.8381,match,1.0,oracle,0.0,False,True,0.84,True
india,0_1,36,periodic,identity,0.8246,match,1.0,oracle,0.0,False,True,0.888,True
india,0_1,37,periodic,identity,0.8809,match,1.0,oracle,0.0,False,True,0.9169,True
india,0_1,38,periodic,identity,0.6813,match,1.0,oracle,0.0,False,True,0.7713,True
india,0_1,39,periodic,identity,0.5334,match,1.0,oracle,0.0,False,True,0.6573,True
india,0_1,40,periodic,identity,0.193,match,1.0,oracle,0.0,False,True,0.6297,True
india,0_1,41,periodic,identity,0.2444,match,1.0,oracle,0.0,False,True,0.6645,True
india,0_1,42,periodic,identity,0.734,match,1.0,oracle,0.0,False,True,0.8284,True
india,0_1,43,periodic,identity,0.8668,match,1.0,oracle,0.0,False,True,0.8825,True
india,0_1,44,periodic,identity,0.9219,match,1.0,oracle,0.0,False,True,0.8824,True
india,0_1,45,periodic,identity,0.9287,match,1.0,oracle,0.0,False,True,0.884,True
india,0_1,46,periodic,identity,0.9204,match,1.0,oracle,0.0,False,True,0.8738,True
india,0_1,47,periodic,identity,0.9456,match,1.0,oracle,0.0,False,True,0.87,True
india,0_1,48,periodic,identity,0.9536,match,1.0,oracle,0.0,False,True,0.8718,True
india,0_1,49,periodic,identity,0.9494,match,1.0,oracle,0.0,False,True,0.8777,True
india,0_1,50,periodic,identity,0.947,match,1.0,oracle,0.0,False,True,0.8787,True
india,0_1,51,periodic,identity,0.949,match,1.0,oracle,0.0,False,True,0.8849,True
india,0_1,52,periodic,identity,0.9337,match,1.0,oracle,0.0,False,True,0.9072,True
india,0_1,53,periodic,identity,0.9295,match,1.0,oracle,0.0,False,True,0.9208,True
india,0_1,54,periodic,identity,0.9047,match,1.0,oracle,0.0,False,True,0.895,True
india,0_1,55,periodic,identity,0.8662,match,1.0,oracle,0.0,False,True,0.9042,True
india,0_1,56,periodic,identity,0.8131,match,1.0,oracle,0.0,False,True,0.8896,True
india,0_1,57,periodic,identity,0.787,match,1.0,oracle,0.0,False,True,0.902,True
india,0_1,58,periodic,identity,0.8405,match,1.0,oracle,0.0,False,True,0.8705,True
india,0_1,59,periodic,identity,0.7646,match,1.0,oracle,0.0,False,True,0.8668,True
india,0_1,60,periodic,identity,0.6682,match,1.0,oracle,0.0,False,True,0.8465,True
india,0_1,61,periodic,identity,0.5923,match,1.0,oracle,0.0,False,True,0.5748,True
india,0_1,62,periodic,presence,0.0,not_visible,1.0,oracle,0.0,False,False,1.0,True
india,0_1,63,periodic,presence,0.0,not_visible,1.0,oracle,0.0,False,False,1.0,True
india,0_1,64,periodic,presence,0.0,not_visible,1.0,oracle,0.0,False,False,1.0,True
india,0_1,65,periodic,presence,0.0,not_visible,1.0,oracle,0.0,False,False,1.0,True
india,0_1,66,periodic,presence,0.0,not_visible,1.0,oracle,0.0,False,False,1.0,True
india,0_1,67,periodic,presence,0.0,not_visible,1.0,oracle,0.0,False,False,1.0,True
india,0_1,68,periodic,presence,0.0,not_visible,1.0,oracle,0.0,False,False,1.0,True
india,0_1,69,periodic,presence,0.0,not_visible,1.0,oracle,0.0,False,False,1.0,True
india,0_1,70,periodic,presence,0.0,not_visible,1.0,oracle,0.0,False,False,1.0,True
india,0_1,71,periodic,presence,0.0,not_visible,1.0,oracle,0.0,False,False,1.0,True
india,0_1,72,periodic,presence,0.0,not_visible,1.0,oracle,0.0,False,False,1.0,True
india,0_1,73,periodic,presence,0.0,not_visible,1.0,oracle,0.0,False,False,1.0,True
india,0_1,74,periodic,presence,0.0,not_visible,1.0,oracle,0.0,False,False,1.0,True
india,0_1,75,periodic,presence,0.0,not_visible,1.0,oracle,0.0,False,False,1.0,True
india,0_1,76,periodic,presence,0.0,not_visible,1.0,oracle,0.0,False,False,1.0,True
india,0_1,77,periodic,presence,0.0,not_visible,1.0,oracle,0.0,False,False,1.0,True
india,0_1,78,periodic,presence,0.0,not_visible,1.0,oracle,0.0,False,False,1.0,True
india,0_1,79,periodic,presence,0.0,not_visible,1.0,oracle,0.0,False,False,1.0,True
india,0_1,80,periodic,presence,0.0,not_visible,1.0,oracle,0.0,False,False,1.0,True
india,0_2,1,periodic,identity,0.9259,no_match,1.0,oracle,0.0,False,True,0.0,True
india,0_2,2,periodic,identity,0.9521,no_match,1.0,oracle,0.0,False,True,0.0,True
india,0_2,3,periodic,identity,0.9422,no_match,1.0,oracle,0.0,False,True,0.0,True
india,0_2,4,periodic,identity,0.9457,no_match,1.0,oracle,0.0,False,True,0.0,True
india,0_2,5,periodic,identity,0.9505,no_match,1.0,oracle,0.0,False,True,0.0,True
india,0_2,6,periodic,identity,0.9603,no_match,1.0,oracle,0.0,False,True,0.0,True
india,0_2,7,periodic,identity,0.9624,no_match,1.0,oracle,0.0,False,True,0.0,True
india,0_2,8,periodic,identity,0.9473,no_match,1.0,oracle,0.0,False,True,0.0,True
india,0_2,9,periodic,identity,0.9441,no_match,1.0,oracle,0.0,False,True,0.0,True
india,0_2,10,periodic,identity,0.9499,no_match,1.0,oracle,0.0,False,True,0.0,True
india,0_2,11,periodic,identity,0.947,no_match,1.0,oracle,0.0,False,True,0.0,True
india,0_2,12,periodic,identity,0.9359,no_match,1.0,oracle,0.0,False,True,0.0,True
india,0_2,13,periodic,identity,0.9247,no_match,1.0,oracle,0.0,False,True,0.0,True
india,0_2,14,periodic,identity,0.9443,no_match,1.0,oracle,0.0,False,True,0.0,True
india,0_2,15,periodic,identity,0.9193,no_match,1.0,oracle,0.0,False,True,0.0001,True
india,0_2,16,periodic,identity,0.9405,no_match,1.0,oracle,0.0,False,True,0.0001,True
india,0_2,17,periodic,identity,0.9378,no_match,1.0,oracle,0.0,False,True,0.0001,True
india,0_2,18,periodic,identity,0.9388,no_match,1.0,oracle,0.0,False,True,0.0002,True
india,0_2,19,periodic,identity,0.9241,no_match,1.0,oracle,0.0,False,True,0.0003,True
india,0_2,20,periodic,identity,0.9424,no_match,1.0,oracle,0.0,False,True,0.0003,True
india,0_2,21,periodic,identity,0.9446,no_match,1.0,oracle,0.0,False,True,0.0006,True
india,0_2,22,periodic,identity,0.9406,no_match,1.0,oracle,0.0,False,True,0.0003,True
india,0_2,23,periodic,identity,0.9552,no_match,1.0,oracle,0.0,False,True,0.0005,True
india,0_2,24,periodic,identity,0.9427,no_match,1.0,oracle,0.0,False,True,0.0004,True
india,0_2,25,periodic,identity,0.9385,no_match,1.0,oracle,0.0,False,True,0.0002,True
india,0_2,26,periodic,identity,0.9493,no_match,1.0,oracle,0.0,False,True,0.0002,True
india,0_2,27,periodic,identity,0.9567,no_match,1.0,oracle,0.0,False,True,0.0001,True
india,0_2,28,periodic,identity,0.9115,no_match,1.0,oracle,0.0,False,True,0.0003,True
india,0_2,29,periodic,identity,0.8108,no_match,1.0,oracle,0.0,False,True,0.0002,True
india,0_2,30,periodic,identity,0.9017,no_match,1.0,oracle,0.0,False,True,0.0,True
india,0_2,31,periodic,identity,0.9093,no_match,1.0,oracle,0.0,False,True,0.0,True
india,0_2,32,periodic,identity,0.854,no_match,1.0,oracle,0.0,False,True,0.0,True
india,0_2,33,periodic,identity,0.726,no_match,1.0,oracle,0.0,False,True,0.0,True
india,0_2,34,periodic,identity,0.4649,no_match,1.0,oracle,0.0,False,True,0.0,True
india,0_2,35,periodic,presence,0.0,match,1.0,oracle,0.0,False,True,0.0,True
india,0_2,36,periodic,identity,0.5348,no_match,1.0,oracle,0.0,False,True,0.0,True
india,0_2,37,periodic,identity,0.5408,no_match,1.0,oracle,0.0,False,True,0.0,True
india,0_2,38,periodic,identity,0.8106,no_match,1.0,oracle,0.0,False,True,0.0,True
india,0_2,39,periodic,identity,0.8909,no_match,1.0,oracle,0.0,False,True,0.0,True
india,0_2,40,periodic,identity,0.8766,no_match,1.0,oracle,0.0,False,True,0.0,True
india,0_2,41,periodic,identity,0.8809,no_match,1.0,oracle,0.0,False,True,0.0,True
india,0_2,42,periodic,identity,0.8051,no_match,1.0,oracle,0.0,False,True,0.0,True
india,0_2,43,periodic,identity,0.7384,no_match,1.0,oracle,0.0,False,True,0.0,True
india,0_2,44,periodic,identity,0.6628,no_match,1.0,oracle,0.0,False,True,0.0,True
india,0_2,45,periodic,presence,0.0,match,1.0,oracle,0.0,False,True,0.0,True
india,0_2,46,periodic,presence,0.0,match,1.0,oracle,0.0,False,True,0.0,True
india,0_2,47,periodic,presence,0.0,match,1.0,oracle,0.0,False,True,0.0,True
india,0_2,48,periodic,presence,0.0,match,1.0,oracle,0.0,False,True,0.0,True
india,0_2,49,periodic,presence,0.0,match,1.0,oracle,0.0,False,True,0.0,True
india,0_2,50,periodic,presence,0.0,match,1.0,oracle,0.0,False,True,0.0,True
india,0_2,51,periodic,presence,0.0,match,1.0,oracle,0.0,False,True,0.0,True
india,0_2,52,periodic,presence,0.0,not_visible,1.0,oracle,0.0,False,False,1.0,True
india,0_2,53,periodic,presence,0.0,not_visible,1.0,oracle,0.0,False,False,1.0,True
india,0_2,54,periodic,presence,0.0,not_visible,1.0,oracle,0.0,False,False,1.0,True
india,0_2,55,periodic,presence,0.0,not_visible,1.0,oracle,0.0,False,False,1.0,True
india,0_2,56,periodic,presence,0.0,not_visible,1.0,oracle,0.0,False,False,1.0,True
india,0_2,57,periodic,identity,0.4504,no_match,1.0,oracle,0.0,False,False,0.0,True
india,0_2,58,periodic,identity,0.3481,no_match,1.0,oracle,0.0,False,False,0.0,True
india,0_2,59,periodic,identity,0.4147,no_match,1.0,oracle,0.0,False,False,0.0,True
india,0_2,60,periodic,identity,0.2328,no_match,1.0,oracle,0.0,False,False,0.0,True
india,0_2,61,periodic,identity,0.5545,no_match,1.0,oracle,0.0,False,False,0.0,True
india,0_2,62,periodic,identity,0.6366,no_match,1.0,oracle,0.0,False,False,0.0,True
india,0_2,63,periodic,identity,0.819,no_match,1.0,oracle,0.0,False,False,0.0,True
india,0_2,64,periodic,identity,0.8521,no_match,1.0,oracle,0.0,False,False,0.0,True
india,0_2,65,periodic,identity,0.8882,no_match,1.0,oracle,0.0,False,False,0.0,True
india,0_2,66,periodic,identity,0.8948,no_match,1.0,oracle,0.0,False,True,0.0,True
india,0_2,67,periodic,identity,0.9101,no_match,1.0,oracle,0.0,False,True,0.0,True
india,0_2,68,periodic,identity,0.9222,no_match,1.0,oracle,0.0,False,True,0.0,True
india,0_2,69,periodic,identity,0.9258,no_match,1.0,oracle,0.0,False,True,0.0,True
india,0_2,70,periodic,identity,0.9319,no_match,1.0,oracle,0.0,False,True,0.0,True
india,0_2,71,periodic,identity,0.9175,no_match,1.0,oracle,0.0,False,True,0.0,True
india,0_2,72,periodic,identity,0.9225,no_match,1.0,oracle,0.0,False,True,0.0,True
india,0_2,73,periodic,identity,0.9314,no_match,1.0,oracle,0.0,False,True,0.0,True
india,0_2,74,periodic,identity,0.944,no_match,1.0,oracle,0.0,False,True,0.0,True
india,0_2,75,periodic,identity,0.9614,no_match,1.0,oracle,0.0,False,True,0.0,True
india,0_2,76,periodic,identity,0.9583,no_match,1.0,oracle,0.0,False,True,0.0004,True
india,0_2,77,periodic,identity,0.9661,no_match,1.0,oracle,0.0,False,True,0.0005,True
india,0_2,78,periodic,identity,0.9581,no_match,1.0,oracle,0.0,False,True,0.0017,True
india,0_2,79,periodic,identity,0.9589,no_match,1.0,oracle,0.0,False,True,0.0026,True
india,0_2,80,periodic,identity,0.9531,no_match,1.0,oracle,0.0,False,True,0.0004,True
india,0_3,1,periodic,identity,0.9224,match,1.0,oracle,0.0,False,True,0.8561,True
india,0_3,2,periodic,identity,0.9294,match,1.0,oracle,0.0,False,True,0.8465,True
india,0_3,3,periodic,identity,0.9352,match,1.0,oracle,0.0,False,True,0.8383,True
india,0_3,4,periodic,identity,0.9318,match,1.0,oracle,0.0,False,True,0.8441,True
india,0_3,5,periodic,identity,0.9287,match,1.0,oracle,0.0,False,True,0.8437,True
india,0_3,6,periodic,identity,0.9541,match,1.0,oracle,0.0,False,True,0.8448,True
india,0_3,7,periodic,identity,0.9573,match,1.0,oracle,0.0,False,True,0.8385,True
india,0_3,8,periodic,identity,0.9455,match,1.0,oracle,0.0,False,True,0.83,True
india,0_3,9,periodic,identity,0.9221,match,1.0,oracle,0.0,False,True,0.8195,True
india,0_3,10,periodic,identity,0.93,match,1.0,oracle,0.0,False,True,0.828,True
india,0_3,11,periodic,identity,0.9287,match,1.0,oracle,0.0,False,True,0.8297,True
india,0_3,12,periodic,identity,0.908,match,1.0,oracle,0.0,False,True,0.8321,True
india,0_3,13,periodic,identity,0.9002,match,1.0,oracle,0.0,False,True,0.8321,True
india,0_3,14,periodic,identity,0.9335,match,1.0,oracle,0.0,False,True,0.8374,True
india,0_3,15,periodic,identity,0.918,match,1.0,oracle,0.0,False,True,0.8406,True
india,0_3,16,periodic,identity,0.9295,match,1.0,oracle,0.0,False,True,0.8356,True
india,0_3,17,periodic,identity,0.9399,match,1.0,oracle,0.0,False,True,0.8271,True
india,0_3,18,periodic,identity,0.9383,match,1.0,oracle,0.0,False,True,0.8255,True
india,0_3,19,periodic,identity,0.9301,match,1.0,oracle,0.0,False,True,0.8296,True
india,0_3,20,periodic,identity,0.9519,match,1.0,oracle,0.0,False,True,0.8201,True
india,0_3,21,periodic,identity,0.9546,match,1.0,oracle,0.0,False,True,0.8232,True
india,0_3,22,periodic,identity,0.9447,match,1.0,oracle,0.0,False,True,0.8251,True
india,0_3,23,periodic,identity,0.9461,match,1.0,oracle,0.0,False,True,0.8275,True
india,0_3,24,periodic,identity,0.9433,match,1.0,oracle,0.0,False,True,0.8296,True
india,0_3,25,periodic,identity,0.9435,match,1.0,oracle,0.0,False,True,0.8356,True
india,0_3,26,periodic,identity,0.9596,match,1.0,oracle,0.0,False,True,0.8394,True
india,0_3,27,periodic,identity,0.9679,match,1.0,oracle,0.0,False,True,0.8483,True
india,0_3,28,periodic,identity,0.9036,match,1.0,oracle,0.0,False,True,0.876,True
india,0_3,29,periodic,identity,0.7907,match,1.0,oracle,0.0,False,True,0.8383,True
india,0_3,30,periodic,identity,0.9007,match,1.0,oracle,0.0,False,True,0.904,True
india,0_3,31,periodic,identity,0.8985,match,1.0,oracle,0.0,False,True,0.9043,True
india,0_3,32,periodic,identity,0.8208,match,1.0,oracle,0.0,False,True,0.8163,True
india,0_3,33,periodic,identity,0.6875,match,1.0,oracle,0.0,False,True,0.6933,True
india,0_3,34,periodic,identity,0.478,no_match,1.0,oracle,0.0,False,True,0.3981,True
india,0_3,35,periodic,presence,0.0,not_visible,1.0,oracle,0.0,False,False,1.0,True
india,0_3,36,periodic,identity,0.534,match,1.0,oracle,0.0,False,True,0.5646,True
india,0_3,37,periodic,identity,0.4702,match,1.0,oracle,0.0,False,True,0.7678,True
india,0_3,38,periodic,identity,0.8026,match,1.0,oracle,0.0,False,True,0.9431,True
india,0_3,39,periodic,identity,0.8897,match,1.0,oracle,0.0,False,True,0.9678,True
india,0_3,40,periodic,identity,0.8798,match,1.0,oracle,0.0,False,True,0.9534,True
india,0_3,41,periodic,identity,0.8702,match,1.0,oracle,0.0,False,True,0.895,True
india,0_3,42,periodic,identity,0.7814,match,1.0,oracle,0.0,False,True,0.8634,True
india,0_3,43,periodic,identity,0.7194,match,1.0,oracle,0.0,False,True,0.8016,True
india,0_3,44,periodic,identity,0.6471,match,1.0,oracle,0.0,False,True,0.7319,True
india,0_3,45,periodic,presence,0.0,match,1.0,oracle,0.0,False,True,0.0,True
india,0_3,46,periodic,presence,0.0,not_visible,1.0,oracle,0.0,False,False,1.0,True
india,0_3,47,periodic,presence,0.0,not_visible,1.0,oracle,0.0,False,False,1.0,True
india,0_3,48,periodic,presence,0.0,not_visible,1.0,oracle,0.0,False,False,1.0,True
india,0_3,49,periodic,presence,0.0,not_visible,1.0,oracle,0.0,False,False,1.0,True
india,0_3,50,periodic,presence,0.0,not_visible,1.0,oracle,0.0,False,False,1.0,True
india,0_3,51,periodic,presence,0.0,not_visible,1.0,oracle,0.0,False,False,1.0,True
india,0_3,52,periodic,presence,0.0,not_visible,1.0,oracle,0.0,False,False,1.0,True
india,0_3,53,periodic,presence,0.0,not_visible,1.0,oracle,0.0,False,False,1.0,True
india,0_3,54,periodic,presence,0.0,not_visible,1.0,oracle,0.0,False,False,1.0,True
india,0_3,55,periodic,presence,0.0,match,1.0,oracle,0.0,False,True,0.0,True
india,0_3,56,periodic,presence,0.0,match,1.0,oracle,0.0,False,True,0.0,True
india,0_3,57,periodic,identity,0.4579,match,1.0,oracle,0.0,False,True,0.7348,True
india,0_3,58,periodic,identity,0.3473,match,1.0,oracle,0.0,False,True,0.6823,True
india,0_3,59,periodic,identity,0.4188,no_match,1.0,oracle,0.0,False,True,0.4739,True
india,0_3,60,periodic,identity,0.2325,match,1.0,oracle,0.0,False,True,0.6272,True
india,0_3,61,periodic,identity,0.5599,match,1.0,oracle,0.0,False,True,0.6817,True
india,0_3,62,periodic,identity,0.6237,match,1.0,oracle,0.0,False,True,0.7263,True
india,0_3,63,periodic,identity,0.7939,match,1.0,oracle,0.0,False,True,0.7783,True
india,0_3,64,periodic,identity,0.8391,match,1.0,oracle,0.0,False,True,0.8097,True
india,0_3,65,periodic,identity,0.8754,match,1.0,oracle,0.0,False,True,0.84,True
india,0_3,66,periodic,identity,0.8842,match,1.0,oracle,0.0,False,True,0.8615,True
india,0_3,67,periodic,identity,0.9152,match,1.0,oracle,0.0,False,True,0.8787,True
india,0_3,68,periodic,identity,0.9112,match,1.0,oracle,0.0,False,True,0.8871,True
india,0_3,69,periodic,identity,0.9219,match,1.0,oracle,0.0,False,True,0.9218,True
india,0_3,70,periodic,identity,0.9295,match,1.0,oracle,0.0,False,True,0.9377,True
india,0_3,71,periodic,identity,0.9178,match,1.0,oracle,0.0,False,True,0.9398,True
india,0_3,72,periodic,identity,0.9181,match,1.0,oracle,0.0,False,True,0.9382,True
india,0_3,73,periodic,identity,0.9286,match,1.0,oracle,0.0,False,True,0.931,True
india,0_3,74,periodic,identity,0.945,match,1.0,oracle,0.0,False,True,0.9239,True
india,0_3,75,periodic,identity,0.9608,match,1.0,oracle,0.0,False,True,0.9168,True
india,0_3,76,periodic,identity,0.9536,match,1.0,oracle,0.0,False,True,0.9057,True
india,0_3,77,periodic,identity,0.9642,match,1.0,oracle,0.0,False,True,0.9111,True
india,0_3,78,periodic,identity,0.951,match,1.0,oracle,0.0,False,True,0.9145,True
india,0_3,79,periodic,identity,0.9512,match,1.0,oracle,0.0,False,True,0.9179,True
india,0_3,80,periodic,identity,0.9406,match,1.0,oracle,0.0,False,True,0.9294,True
judo,0_2,1,periodic,identity,0.9674,no_match,1.0,oracle,0.0,False,True,0.0255,True
judo,0_2,2,periodic,identity,0.968,no_match,1.0,oracle,0.0,False,True,0.0251,True
judo,0_2,3,periodic,identity,0.962,no_match,1.0,oracle,0.0,False,True,0.0266,True
judo,0_2,4,periodic,identity,0.9656,no_match,1.0,oracle,0.0,False,True,0.0375,True
judo,0_2,5,periodic,identity,0.9633,no_match,1.0,oracle,0.0,False,True,0.0409,True
judo,0_2,6,periodic,identity,0.9758,no_match,1.0,oracle,0.0,False,True,0.0441,True
judo,0_2,7,periodic,identity,0.9699,no_match,1.0,oracle,0.0,False,True,0.0485,True
judo,0_2,8,periodic,identity,0.9664,no_match,1.0,oracle,0.0,False,True,0.0502,True
judo,0_2,9,periodic,identity,0.9756,no_match,1.0,oracle,0.0,False,True,0.0571,True
judo,0_2,10,periodic,identity,0.9498,no_match,1.0,oracle,0.0,False,True,0.0642,True
judo,0_2,11,periodic,identity,0.9256,no_match,1.0,oracle,0.0,False,True,0.0594,True
judo,0_2,12,periodic,identity,0.9154,no_match,1.0,oracle,0.0,False,True,0.0917,True
judo,0_2,13,periodic,identity,0.86,no_match,1.0,oracle,0.0,False,True,0.0004,True
judo,0_2,14,periodic,identity,0.9448,no_match,1.0,oracle,0.0,False,True,0.0003,True
judo,0_2,15,periodic,identity,0.9404,no_match,1.0,oracle,0.0,False,True,0.0027,True
judo,0_2,16,periodic,identity,0.9593,no_match,1.0,oracle,0.0,False,True,0.0044,True
judo,0_2,17,periodic,identity,0.9421,no_match,1.0,oracle,0.0,False,True,0.0015,True
judo,0_2,18,periodic,identity,0.9333,no_match,1.0,oracle,0.0,False,True,0.0101,True
judo,0_2,19,periodic,identity,0.82,no_match,1.0,oracle,0.0,False,True,0.0585,True
judo,0_2,20,periodic,identity,0.8015,no_match,1.0,oracle,0.0,False,True,0.0745,True
judo,0_2,21,periodic,identity,0.7754,no_match,1.0,oracle,0.0,False,True,0.0052,True
judo,0_2,22,periodic,identity,0.8736,no_match,1.0,oracle,0.0,False,True,0.0058,True
judo,0_2,23,periodic,identity,0.8326,no_match,1.0,oracle,0.0,False,True,0.01,True
judo,0_2,24,periodic,identity,0.8951,no_match,1.0,oracle,0.0,False,True,0.0013,True
judo,0_2,25,periodic,identity,0.8659,no_match,1.0,oracle,0.0,False,True,0.0053,True
judo,0_2,26,periodic,identity,0.9402,no_match,1.0,oracle,0.0,False,True,0.0062,True
judo,0_2,27,periodic,identity,0.9485,no_match,1.0,oracle,0.0,False,True,0.0069,True
judo,0_2,28,periodic,identity,0.9441,no_match,1.0,oracle,0.0,False,True,0.0079,True
judo,0_2,29,periodic,identity,0.9539,no_match,1.0,oracle,0.0,False,True,0.0071,True
judo,0_2,30,periodic,identity,0.9544,no_match,1.0,oracle,0.0,False,True,0.0081,True
judo,0_2,31,periodic,identity,0.953,no_match,1.0,oracle,0.0,False,True,0.0123,True
judo,0_2,32,periodic,identity,0.9585,no_match,1.0,oracle,0.0,False,True,0.0084,True
judo,0_2,33,periodic,identity,0.9573,no_match,1.0,oracle,0.0,False,True,0.007,True
judo,0_1,1,periodic,identity,0.97,match,1.0,oracle,0.0,False,True,0.9152,True
judo,0_1,2,periodic,identity,0.9673,match,1.0,oracle,0.0,False,True,0.9216,True
judo,0_1,3,periodic,identity,0.9593,match,1.0,oracle,0.0,False,True,0.9215,True
judo,0_1,4,periodic,identity,0.9613,match,1.0,oracle,0.0,False,True,0.9068,True
judo,0_1,5,periodic,identity,0.9574,match,1.0,oracle,0.0,False,True,0.9021,True
judo,0_1,6,periodic,identity,0.9729,match,1.0,oracle,0.0,False,True,0.8976,True
judo,0_1,7,periodic,identity,0.9673,match,1.0,oracle,0.0,False,True,0.8938,True
judo,0_1,8,periodic,identity,0.9632,match,1.0,oracle,0.0,False,True,0.8823,True
judo,0_1,9,periodic,identity,0.9755,match,1.0,oracle,0.0,False,True,0.8627,True
judo,0_1,10,periodic,identity,0.9432,match,1.0,oracle,0.0,False,True,0.8527,True
judo,0_1,11,periodic,identity,0.916,match,1.0,oracle,0.0,False,True,0.8106,True
judo,0_1,12,periodic,identity,0.9064,match,1.0,oracle,0.0,False,True,0.7955,True
judo,0_1,13,periodic,identity,0.8546,match,1.0,oracle,0.0,False,True,0.8458,True
judo,0_1,14,periodic,identity,0.944,match,1.0,oracle,0.0,False,True,0.8522,True
judo,0_1,15,periodic,identity,0.9403,match,1.0,oracle,0.0,False,True,0.8056,True
judo,0_1,16,periodic,identity,0.948,match,1.0,oracle,0.0,False,True,0.7739,True
judo,0_1,17,periodic,identity,0.9419,match,1.0,oracle,0.0,False,True,0.7938,True
judo,0_1,18,periodic,identity,0.9333,match,1.0,oracle,0.0,False,True,0.8164,True
judo,0_1,19,periodic,identity,0.8159,match,1.0,oracle,0.0,False,True,0.7584,True
judo,0_1,20,periodic,identity,0.7978,match,1.0,oracle,0.0,False,True,0.7493,True
judo,0_1,21,periodic,identity,0.7787,match,1.0,oracle,0.0,False,True,0.8355,True
judo,0_1,22,periodic,identity,0.8768,match,1.0,oracle,0.0,False,True,0.8262,True
judo,0_1,23,periodic,identity,0.8365,match,1.0,oracle,0.0,False,True,0.9016,True
judo,0_1,24,periodic,identity,0.8752,match,1.0,oracle,0.0,False,True,0.8279,True
judo,0_1,25,periodic,identity,0.8473,match,1.0,oracle,0.0,False,True,0.9028,True
judo,0_1,26,periodic,identity,0.9167,match,1.0,oracle,0.0,False,True,0.9283,True
judo,0_1,27,periodic,identity,0.9394,match,1.0,oracle,0.0,False,True,0.9355,True
judo,0_1,28,periodic,identity,0.936,match,1.0,oracle,0.0,False,True,0.9363,True
judo,0_1,29,periodic,identity,0.952,match,1.0,oracle,0.0,False,True,0.9337,True
judo,0_1,30,periodic,identity,0.9543,match,1.0,oracle,0.0,False,True,0.9231,True
judo,0_1,31,periodic,identity,0.9529,match,1.0,oracle,0.0,False,True,0.9179,True
judo,0_1,32,periodic,identity,0.9585,match,1.0,oracle,0.0,False,True,0.9239,True
judo,0_1,33,periodic,identity,0.9573,match,1.0,oracle,0.0,False,True,0.9305,True
kite-surf,0_1,1,periodic,identity,0.7812,no_match,1.0,oracle,0.0,False,True,0.3261,True
kite-surf,0_1,2,periodic,identity,0.7046,no_match,1.0,oracle,0.0,False,True,0.255,True
kite-surf,0_1,3,periodic,identity,0.9017,no_match,1.0,oracle,0.0,False,True,0.2471,True
kite-surf,0_1,4,periodic,identity,0.9125,no_match,1.0,oracle,0.0,False,True,0.2423,True
kite-surf,0_1,5,periodic,identity,0.9233,no_match,1.0,oracle,0.0,False,True,0.2525,True
kite-surf,0_1,6,periodic,identity,0.9279,no_match,1.0,oracle,0.0,False,True,0.2476,True
kite-surf,0_1,7,periodic,identity,0.9,no_match,1.0,oracle,0.0,False,True,0.2561,True
kite-surf,0_1,8,periodic,identity,0.8902,no_match,1.0,oracle,0.0,False,True,0.2412,True
kite-surf,0_1,9,periodic,identity,0.9066,no_match,1.0,oracle,0.0,False,True,0.2371,True
kite-surf,0_1,10,periodic,identity,0.8693,no_match,1.0,oracle,0.0,False,True,0.2441,True
kite-surf,0_1,11,periodic,identity,0.897,no_match,1.0,oracle,0.0,False,True,0.2455,True
kite-surf,0_1,12,periodic,identity,0.8881,no_match,1.0,oracle,0.0,False,True,0.2554,True
kite-surf,0_1,13,periodic,identity,0.8818,no_match,1.0,oracle,0.0,False,True,0.2569,True
kite-surf,0_1,14,periodic,identity,0.8965,no_match,1.0,oracle,0.0,False,True,0.2572,True
kite-surf,0_1,15,periodic,identity,0.8775,no_match,1.0,oracle,0.0,False,True,0.2627,True
kite-surf,0_1,16,periodic,identity,0.9234,no_match,1.0,oracle,0.0,False,True,0.2603,True
kite-surf,0_1,17,periodic,identity,0.9316,no_match,1.0,oracle,0.0,False,True,0.2553,True
kite-surf,0_1,18,periodic,identity,0.9173,no_match,1.0,oracle,0.0,False,True,0.2598,True
kite-surf,0_1,19,periodic,identity,0.9103,no_match,1.0,oracle,0.0,False,True,0.2572,True
kite-surf,0_1,20,periodic,identity,0.8939,no_match,1.0,oracle,0.0,False,True,0.2649,True
kite-surf,0_1,21,periodic,identity,0.9111,no_match,1.0,oracle,0.0,False,True,0.2625,True
kite-surf,0_1,22,periodic,identity,0.8362,no_match,1.0,oracle,0.0,False,True,0.2507,True
kite-surf,0_1,23,periodic,identity,0.8881,no_match,1.0,oracle,0.0,False,True,0.2455,True
kite-surf,0_1,24,periodic,identity,0.8835,no_match,1.0,oracle,0.0,False,True,0.2353,True
kite-surf,0_1,25,periodic,identity,0.8921,no_match,1.0,oracle,0.0,False,True,0.2287,True
kite-surf,0_1,26,periodic,identity,0.905,no_match,1.0,oracle,0.0,False,True,0.2309,True
kite-surf,0_1,27,periodic,identity,0.8902,no_match,1.0,oracle,0.0,False,True,0.2316,True
kite-surf,0_1,28,periodic,identity,0.8829,no_match,1.0,oracle,0.0,False,True,0.2345,True
kite-surf,0_1,29,periodic,identity,0.8741,no_match,1.0,oracle,0.0,False,True,0.2394,True
kite-surf,0_1,30,periodic,identity,0.8781,no_match,1.0,oracle,0.0,False,True,0.2519,True
kite-surf,0_1,31,periodic,identity,0.9044,no_match,1.0,oracle,0.0,False,True,0.2441,True
kite-surf,0_1,32,periodic,identity,0.9179,no_match,1.0,oracle,0.0,False,True,0.2453,True
kite-surf,0_1,33,periodic,identity,0.9223,no_match,1.0,oracle,0.0,False,True,0.2466,True
kite-surf,0_1,34,periodic,identity,0.9047,no_match,1.0,oracle,0.0,False,True,0.2504,True
kite-surf,0_1,35,periodic,identity,0.8961,no_match,1.0,oracle,0.0,False,True,0.2553,True
kite-surf,0_1,36,periodic,identity,0.8932,no_match,1.0,oracle,0.0,False,True,0.2627,True
kite-surf,0_1,37,periodic,identity,0.8947,no_match,1.0,oracle,0.0,False,True,0.2709,True
kite-surf,0_1,38,periodic,identity,0.8594,no_match,1.0,oracle,0.0,False,True,0.2597,True
kite-surf,0_1,39,periodic,identity,0.8499,no_match,1.0,oracle,0.0,False,True,0.2513,True
kite-surf,0_1,40,periodic,identity,0.8207,no_match,1.0,oracle,0.0,False,True,0.2443,True
kite-surf,0_1,41,periodic,identity,0.8835,no_match,1.0,oracle,0.0,False,True,0.233,True
kite-surf,0_1,42,periodic,identity,0.9051,no_match,1.0,oracle,0.0,False,True,0.2379,True
kite-surf,0_1,43,periodic,identity,0.8495,no_match,1.0,oracle,0.0,False,True,0.2303,True
kite-surf,0_1,44,periodic,identity,0.8626,no_match,1.0,oracle,0.0,False,True,0.2241,True
kite-surf,0_1,45,periodic,identity,0.8522,no_match,1.0,oracle,0.0,False,True,0.227,True
kite-surf,0_1,46,periodic,identity,0.8799,no_match,1.0,oracle,0.0,False,True,0.224,True
kite-surf,0_1,47,periodic,identity,0.873,no_match,1.0,oracle,0.0,False,True,0.2166,True
kite-surf,0_1,48,periodic,identity,0.8747,no_match,1.0,oracle,0.0,False,True,0.2129,True
kite-surf,0_1,49,periodic,identity,0.869,no_match,1.0,oracle,0.0,False,True,0.2071,True
kite-surf,0_2,1,periodic,identity,0.7091,no_match,1.0,oracle,0.0,False,True,0.2685,True
kite-surf,0_2,2,periodic,identity,0.7716,no_match,1.0,oracle,0.0,False,True,0.1959,True
kite-surf,0_2,3,periodic,identity,0.6999,no_match,1.0,oracle,0.0,False,True,0.2981,True
kite-surf,0_2,4,periodic,identity,0.6607,no_match,1.0,oracle,0.0,False,True,0.2885,True
kite-surf,0_2,5,periodic,identity,0.7124,no_match,1.0,oracle,0.0,False,True,0.4159,True
kite-surf,0_2,6,periodic,identity,0.6704,match,1.0,oracle,0.0,False,True,0.5486,True
kite-surf,0_2,7,periodic,identity,0.7622,match,1.0,oracle,0.0,False,True,0.6346,True
kite-surf,0_2,8,periodic,identity,0.7135,match,1.0,oracle,0.0,False,True,0.593,True
kite-surf,0_2,9,periodic,identity,0.7934,match,1.0,oracle,0.0,False,True,0.6693,True
kite-surf,0_2,10,periodic,identity,0.8321,match,1.0,oracle,0.0,False,True,0.6016,True
kite-surf,0_2,11,periodic,identity,0.8214,match,1.0,oracle,0.0,False,True,0.6254,True
kite-surf,0_2,12,periodic,identity,0.8121,match,1.0,oracle,0.0,False,True,0.6127,True
kite-surf,0_2,13,periodic,presence,0.0,match,1.0,oracle,0.0,False,True,0.4163,True
kite-surf,0_2,14,periodic,presence,0.0,match,1.0,oracle,0.0,False,True,0.0,True
kite-surf,0_2,15,periodic,presence,0.0,match,1.0,oracle,0.0,False,True,0.0,True
kite-surf,0_2,16,periodic,presence,0.0,not_visible,1.0,oracle,0.0,False,False,1.0,True
kite-surf,0_2,17,periodic,presence,0.0,not_visible,1.0,oracle,0.0,False,False,1.0,True
kite-surf,0_2,18,periodic,presence,0.0,not_visible,1.0,oracle,0.0,False,False,1.0,True
kite-surf,0_2,19,periodic,presence,0.0,not_visible,1.0,oracle,0.0,False,False,1.0,True
kite-surf,0_2,20,periodic,presence,0.0,not_visible,1.0,oracle,0.0,False,False,1.0,True
kite-surf,0_2,21,periodic,identity,0.7789,match,1.0,oracle,0.0,False,True,0.5611,True
kite-surf,0_2,22,periodic,identity,0.6604,match,1.0,oracle,0.0,False,True,0.5231,True
kite-surf,0_2,23,periodic,identity,0.8156,match,1.0,oracle,0.0,False,True,0.6122,True
kite-surf,0_2,24,periodic,identity,0.7933,match,1.0,oracle,0.0,False,True,0.604,True
kite-surf,0_2,25,periodic,identity,0.7898,match,1.0,oracle,0.0,False,True,0.6803,True
kite-surf,0_2,26,periodic,identity,0.6924,match,1.0,oracle,0.0,False,True,0.5562,True
kite-surf,0_2,27,periodic,identity,0.5963,no_match,1.0,oracle,0.0,False,True,0.4561,True
kite-surf,0_2,28,periodic,presence,0.0,match,1.0,oracle,0.0,False,True,0.2889,True
kite-surf,0_2,29,periodic,presence,0.0,match,1.0,oracle,0.0,False,True,0.0,True
kite-surf,0_2,30,periodic,presence,0.0,match,1.0,oracle,0.0,False,True,0.0,True
kite-surf,0_2,31,periodic,presence,0.0,not_visible,1.0,oracle,0.0,False,False,1.0,True
kite-surf,0_2,32,periodic,presence,0.0,not_visible,1.0,oracle,0.0,False,False,1.0,True
kite-surf,0_2,33,periodic,presence,0.0,not_visible,1.0,oracle,0.0,False,False,1.0,True
kite-surf,0_2,34,periodic,presence,0.0,not_visible,1.0,oracle,0.0,False,False,1.0,True
kite-surf,0_2,35,periodic,presence,0.0,not_visible,1.0,oracle,0.0,False,False,1.0,True
kite-surf,0_2,36,periodic,presence,0.0,not_visible,1.0,oracle,0.0,False,False,1.0,True
kite-surf,0_2,37,periodic,presence,0.0,match,1.0,oracle,0.0,False,True,0.0,True
kite-surf,0_2,38,periodic,presence,0.0,match,1.0,oracle,0.0,False,True,0.0,True
kite-surf,0_2,39,periodic,presence,0.0,match,1.0,oracle,0.0,False,True,0.0,True
kite-surf,0_2,40,periodic,presence,0.0,match,1.0,oracle,0.0,False,True,0.0,True
kite-surf,0_2,41,periodic,presence,0.0,match,1.0,oracle,0.0,False,True,0.0,True
kite-surf,0_2,42,periodic,presence,0.0,match,1.0,oracle,0.0,False,True,0.0,True
kite-surf,0_2,43,periodic,presence,0.0,not_visible,1.0,oracle,0.0,False,False,1.0,True
kite-surf,0_2,44,periodic,presence,0.0,match,1.0,oracle,0.0,False,True,0.0,True
kite-surf,0_2,45,periodic,presence,0.0,match,1.0,oracle,0.0,False,True,0.0,True
kite-surf,0_2,46,periodic,presence,0.0,match,1.0,oracle,0.0,False,True,0.0,True
kite-surf,0_2,47,periodic,identity,0.8085,match,1.0,oracle,0.0,False,True,0.5464,True
kite-surf,0_2,48,periodic,presence,0.0,match,1.0,oracle,0.0,False,True,0.6009,True
kite-surf,0_2,49,periodic,presence,0.0,match,1.0,oracle,0.0,False,True,0.6447,True
kite-surf,0_3,1,periodic,identity,0.9533,match,1.0,oracle,0.0,False,True,0.6603,True
kite-surf,0_3,2,periodic,identity,0.9484,match,1.0,oracle,0.0,False,True,0.6825,True
kite-surf,0_3,3,periodic,identity,0.9031,match,1.0,oracle,0.0,False,True,0.674,True
kite-surf,0_3,4,periodic,identity,0.9427,match,1.0,oracle,0.0,False,True,0.6829,True
kite-surf,0_3,5,periodic,identity,0.9558,match,1.0,oracle,0.0,False,True,0.7168,True
kite-surf,0_3,6,periodic,identity,0.968,match,1.0,oracle,0.0,False,True,0.71,True
kite-surf,0_3,7,periodic,identity,0.9607,match,1.0,oracle,0.0,False,True,0.7248,True
kite-surf,0_3,8,periodic,identity,0.9019,match,1.0,oracle,0.0,False,True,0.7116,True
kite-surf,0_3,9,periodic,identity,0.9172,match,1.0,oracle,0.0,False,True,0.714,True
kite-surf,0_3,10,periodic,identity,0.929,match,1.0,oracle,0.0,False,True,0.7289,True
kite-surf,0_3,11,periodic,identity,0.9433,match,1.0,oracle,0.0,False,True,0.726,True
kite-surf,0_3,12,periodic,identity,0.948,match,1.0,oracle,0.0,False,True,0.7354,True
kite-surf,0_3,13,periodic,identity,0.9531,match,1.0,oracle,0.0,False,True,0.7511,True
kite-surf,0_3,14,periodic,identity,0.9604,match,1.0,oracle,0.0,False,True,0.6954,True
kite-surf,0_3,15,periodic,identity,0.9446,match,1.0,oracle,0.0,False,True,0.7084,True
kite-surf,0_3,16,periodic,identity,0.9546,match,1.0,oracle,0.0,False,True,0.7123,True
kite-surf,0_3,17,periodic,identity,0.9537,match,1.0,oracle,0.0,False,True,0.6976,True
kite-surf,0_3,18,periodic,identity,0.9376,match,1.0,oracle,0.0,False,True,0.705,True
kite-surf,0_3,19,periodic,identity,0.9314,match,1.0,oracle,0.0,False,True,0.7173,True
kite-surf,0_3,20,periodic,identity,0.9413,match,1.0,oracle,0.0,False,True,0.7182,True
kite-surf,0_3,21,periodic,identity,0.9315,match,1.0,oracle,0.0,False,True,0.7144,True
kite-surf,0_3,22,periodic,identity,0.9398,match,1.0,oracle,0.0,False,True,0.7065,True
kite-surf,0_3,23,periodic,identity,0.9582,match,1.0,oracle,0.0,False,True,0.7213,True
kite-surf,0_3,24,periodic,identity,0.9138,match,1.0,oracle,0.0,False,True,0.7178,True
kite-surf,0_3,25,periodic,identity,0.9473,match,1.0,oracle,0.0,False,True,0.7454,True
kite-surf,0_3,26,periodic,identity,0.9426,match,1.0,oracle,0.0,False,True,0.758,True
kite-surf,0_3,27,periodic,identity,0.906,match,1.0,oracle,0.0,False,True,0.7441,True
kite-surf,0_3,28,periodic,identity,0.9122,match,1.0,oracle,0.0,False,True,0.7493,True
kite-surf,0_3,29,periodic,identity,0.9202,match,1.0,oracle,0.0,False,True,0.7572,True
kite-surf,0_3,30,periodic,identity,0.9253,match,1.0,oracle,0.0,False,True,0.7464,True
kite-surf,0_3,31,periodic,identity,0.9249,match,1.0,oracle,0.0,False,True,0.7343,True
kite-surf,0_3,32,periodic,identity,0.9365,match,1.0,oracle,0.0,False,True,0.742,True
kite-surf,0_3,33,periodic,identity,0.933,match,1.0,oracle,0.0,False,True,0.7308,True
kite-surf,0_3,34,periodic,identity,0.9403,match,1.0,oracle,0.0,False,True,0.732,True
kite-surf,0_3,35,periodic,identity,0.9339,match,1.0,oracle,0.0,False,True,0.7309,True
kite-surf,0_3,36,periodic,identity,0.9452,match,1.0,oracle,0.0,False,True,0.7256,True
kite-surf,0_3,37,periodic,identity,0.9335,match,1.0,oracle,0.0,False,True,0.6919,True
kite-surf,0_3,38,periodic,identity,0.8736,match,1.0,oracle,0.0,False,True,0.7099,True
kite-surf,0_3,39,periodic,identity,0.9218,match,1.0,oracle,0.0,False,True,0.6893,True
kite-surf,0_3,40,periodic,identity,0.9407,match,1.0,oracle,0.0,False,True,0.6904,True
kite-surf,0_3,41,periodic,identity,0.9405,match,1.0,oracle,0.0,False,True,0.7177,True
kite-surf,0_3,42,periodic,identity,0.9287,match,1.0,oracle,0.0,False,True,0.712,True
kite-surf,0_3,43,periodic,identity,0.9435,match,1.0,oracle,0.0,False,True,0.7228,True
kite-surf,0_3,44,periodic,identity,0.9382,match,1.0,oracle,0.0,False,True,0.7295,True
kite-surf,0_3,45,periodic,identity,0.9453,match,1.0,oracle,0.0,False,True,0.7234,True
kite-surf,0_3,46,periodic,identity,0.9513,match,1.0,oracle,0.0,False,True,0.7325,True
kite-surf,0_3,47,periodic,identity,0.9689,match,1.0,oracle,0.0,False,True,0.7442,True
kite-surf,0_3,48,periodic,identity,0.9512,match,1.0,oracle,0.0,False,True,0.737,True
kite-surf,0_3,49,periodic,identity,0.9643,match,1.0,oracle,0.0,False,True,0.7412,True
lab-coat,0_1,1,periodic,identity,0.8905,no_match,1.0,oracle,0.0,False,True,0.0682,True
lab-coat,0_1,2,periodic,identity,0.8765,no_match,1.0,oracle,0.0,False,True,0.0742,True
lab-coat,0_1,3,periodic,identity,0.878,no_match,1.0,oracle,0.0,False,True,0.0995,True
lab-coat,0_1,4,periodic,presence,0.0,match,1.0,oracle,0.0,False,True,0.1139,True
lab-coat,0_1,5,periodic,identity,0.932,no_match,1.0,oracle,0.0,False,True,0.1027,True
lab-coat,0_1,6,periodic,identity,0.9136,no_match,1.0,oracle,0.0,False,True,0.0894,True
lab-coat,0_1,7,periodic,identity,0.9381,no_match,1.0,oracle,0.0,False,True,0.0924,True
lab-coat,0_1,8,periodic,identity,0.9096,no_match,1.0,oracle,0.0,False,True,0.0791,True
lab-coat,0_1,9,periodic,identity,0.9496,no_match,1.0,oracle,0.0,False,True,0.0975,True
lab-coat,0_1,10,periodic,identity,0.8947,no_match,1.0,oracle,0.0,False,True,0.0693,True
lab-coat,0_1,11,periodic,identity,0.8821,no_match,1.0,oracle,0.0,False,True,0.0601,True
lab-coat,0_1,12,periodic,identity,0.8289,no_match,1.0,oracle,0.0,False,True,0.0175,True
lab-coat,0_1,13,periodic,identity,0.7282,no_match,1.0,oracle,0.0,False,True,0.0309,True
lab-coat,0_1,14,periodic,identity,0.8208,no_match,1.0,oracle,0.0,False,True,0.14,True
lab-coat,0_1,15,periodic,identity,0.8185,no_match,1.0,oracle,0.0,False,True,0.1354,True
lab-coat,0_1,16,periodic,identity,0.8921,no_match,1.0,oracle,0.0,False,True,0.1878,True
lab-coat,0_1,17,periodic,identity,0.8891,no_match,1.0,oracle,0.0,False,True,0.1076,True
lab-coat,0_1,18,periodic,identity,0.7792,no_match,1.0,oracle,0.0,False,True,0.1797,True
lab-coat,0_1,19,periodic,identity,0.9082,no_match,1.0,oracle,0.0,False,True,0.1368,True
lab-coat,0_1,20,periodic,identity,0.8651,no_match,1.0,oracle,0.0,False,True,0.134,True
lab-coat,0_1,21,periodic,identity,0.8634,no_match,1.0,oracle,0.0,False,True,0.1323,True
lab-coat,0_1,22,periodic,identity,0.8908,no_match,1.0,oracle,0.0,False,True,0.1549,True
lab-coat,0_1,23,periodic,identity,0.8866,no_match,1.0,oracle,0.0,False,True,0.0922,True
lab-coat,0_1,24,periodic,identity,0.8514,no_match,1.0,oracle,0.0,False,True,0.1098,True
lab-coat,0_1,25,periodic,identity,0.851,no_match,1.0,oracle,0.0,False,True,0.1188,True
lab-coat,0_1,26,periodic,identity,0.8758,no_match,1.0,oracle,0.0,False,True,0.0882,True
lab-coat,0_1,27,periodic,identity,0.8689,no_match,1.0,oracle,0.0,False,True,0.0908,True
lab-coat,0_1,28,periodic,identity,0.8117,no_match,1.0,oracle,0.0,False,True,0.0542,True
lab-coat,0_1,29,periodic,identity,0.9107,no_match,1.0,oracle,0.0,False,True,0.0655,True
lab-coat,0_1,30,periodic,identity,0.89,no_match,1.0,oracle,0.0,False,True,0.0318,True
lab-coat,0_1,31,periodic,identity,0.7997,no_match,1.0,oracle,0.0,False,True,0.0327,True
lab-coat,0_1,32,periodic,identity,0.7484,no_match,1.0,oracle,0.0,False,True,0.056,True
lab-coat,0_1,33,periodic,identity,0.8138,no_match,1.0,oracle,0.0,False,True,0.0013,True
lab-coat,0_1,34,periodic,identity,0.8879,no_match,1.0,oracle,0.0,False,True,0.0096,True
lab-coat,0_1,35,periodic,identity,0.82,no_match,1.0,oracle,0.0,False,True,0.0067,True
lab-coat,0_1,36,periodic,identity,0.8524,no_match,1.0,oracle,0.0,False,True,0.0051,True
lab-coat,0_1,37,periodic,identity,0.8233,no_match,1.0,oracle,0.0,False,True,0.0073,True
lab-coat,0_1,38,periodic,identity,0.8321,no_match,1.0,oracle,0.0,False,True,0.0051,True
lab-coat,0_1,39,periodic,identity,0.8377,no_match,1.0,oracle,0.0,False,True,0.0055,True
lab-coat,0_1,40,periodic,identity,0.8861,no_match,1.0,oracle,0.0,False,True,0.0057,True
lab-coat,0_1,41,periodic,identity,0.8776,no_match,1.0,oracle,0.0,False,True,0.0047,True
lab-coat,0_1,42,periodic,identity,0.8963,no_match,1.0,oracle,0.0,False,True,0.0067,True
lab-coat,0_1,43,periodic,identity,0.9065,no_match,1.0,oracle,0.0,False,True,0.0057,True
lab-coat,0_1,44,periodic,identity,0.9327,no_match,1.0,oracle,0.0,False,True,0.0036,True
lab-coat,0_1,45,periodic,identity,0.9314,no_match,1.0,oracle,0.0,False,True,0.0064,True
lab-coat,0_1,46,periodic,identity,0.9364,no_match,1.0,oracle,0.0,False,True,0.0091,True
lab-coat,0_2,1,periodic,presence,0.0,match,1.0,oracle,0.0,False,True,0.1154,True
lab-coat,0_2,2,periodic,presence,0.0,match,1.0,oracle,0.0,False,True,0.0125,True
lab-coat,0_2,3,periodic,presence,0.0,match,1.0,oracle,0.0,False,True,0.0581,True
lab-coat,0_2,4,periodic,presence,0.0,match,1.0,oracle,0.0,False,True,0.0674,True
lab-coat,0_2,5,periodic,presence,0.0,match,1.0,oracle,0.0,False,True,0.0654,True
lab-coat,0_2,6,periodic,presence,0.0,match,1.0,oracle,0.0,False,True,0.0273,True
lab-coat,0_2,7,periodic,presence,0.0,match,1.0,oracle,0.0,False,True,0.0085,True
lab-coat,0_2,8,periodic,presence,0.0,match,1.0,oracle,0.0,False,True,0.0085,True
lab-coat,0_2,9,periodic,presence,0.0,match,1.0,oracle,0.0,False,True,0.0231,True
lab-coat,0_2,10,periodic,presence,0.0,match,1.0,oracle,0.0,False,True,0.064,True
lab-coat,0_2,11,periodic,presence,0.0,match,1.0,oracle,0.0,False,True,0.0357,True
lab-coat,0_2,12,periodic,presence,0.0,match,1.0,oracle,0.0,False,True,0.0382,True
lab-coat,0_2,13,periodic,presence,0.0,match,1.0,oracle,0.0,False,True,0.8012,True
lab-coat,0_2,14,periodic,presence,0.0,match,1.0,oracle,0.0,False,True,0.7152,True
lab-coat,0_2,15,periodic,identity,0.851,no_match,1.0,oracle,0.0,False,True,0.0,True
lab-coat,0_2,16,periodic,identity,0.8949,no_match,1.0,oracle,0.0,False,True,0.0,True
lab-coat,0_2,17,periodic,presence,0.0,match,1.0,oracle,0.0,False,True,0.0,True
lab-coat,0_2,18,periodic,identity,0.9252,no_match,1.0,oracle,0.0,False,True,0.0,True
lab-coat,0_2,19,periodic,presence,0.0,match,1.0,oracle,0.0,False,True,0.0,True
lab-coat,0_2,20,periodic,identity,0.8717,no_match,1.0,oracle,0.0,False,True,0.0,True
lab-coat,0_2,21,periodic,identity,0.7578,no_match,1.0,oracle,0.0,False,True,0.0,True
lab-coat,0_2,22,periodic,identity,0.7989,no_match,1.0,oracle,0.0,False,True,0.0,True
lab-coat,0_2,23,periodic,identity,0.8404,no_match,1.0,oracle,0.0,False,True,0.0,True
lab-coat,0_2,24,periodic,identity,0.7609,no_match,1.0,oracle,0.0,False,True,0.0,True
lab-coat,0_2,25,periodic,identity,0.7898,no_match,1.0,oracle,0.0,False,True,0.0,True
lab-coat,0_2,26,periodic,identity,0.8945,no_match,1.0,oracle,0.0,False,True,0.0,True
lab-coat,0_2,27,periodic,identity,0.8351,no_match,1.0,oracle,0.0,False,True,0.0014,True
lab-coat,0_2,28,periodic,identity,0.7342,no_match,1.0,oracle,0.0,False,True,0.0,True
lab-coat,0_2,29,periodic,identity,0.867,no_match,1.0,oracle,0.0,False,True,0.0,True
lab-coat,0_2,30,periodic,identity,0.8374,no_match,1.0,oracle,0.0,False,True,0.0,True
lab-coat,0_2,31,periodic,identity,0.7229,no_match,1.0,oracle,0.0,False,True,0.0,True
lab-coat,0_2,32,periodic,presence,0.0,match,1.0,oracle,0.0,False,True,0.0187,True
lab-coat,0_2,33,periodic,identity,0.8823,no_match,1.0,oracle,0.0,False,True,0.0,True
lab-coat,0_2,34,periodic,identity,0.5414,no_match,1.0,oracle,0.0,False,True,0.0,True
lab-coat,0_2,35,periodic,identity,0.6019,no_match,1.0,oracle,0.0,False,True,0.0,True
lab-coat,0_2,36,periodic,identity,0.6358,no_match,1.0,oracle,0.0,False,True,0.0,True
lab-coat,0_2,37,periodic,identity,0.6121,no_match,1.0,oracle,0.0,False,True,0.0,True
lab-coat,0_2,38,periodic,identity,0.7063,no_match,1.0,oracle,0.0,False,True,0.0,True
lab-coat,0_2,39,periodic,identity,0.6438,no_match,1.0,oracle,0.0,False,True,0.0,True
lab-coat,0_2,40,periodic,identity,0.8024,no_match,1.0,oracle,0.0,False,True,0.0,True
lab-coat,0_2,41,periodic,identity,0.7839,no_match,1.0,oracle,0.0,False,True,0.0,True
lab-coat,0_2,42,periodic,identity,0.8521,no_match,1.0,oracle,0.0,False,True,0.0,True
lab-coat,0_2,43,periodic,identity,0.8592,no_match,1.0,oracle,0.0,False,True,0.0,True
lab-coat,0_2,44,periodic,identity,0.901,no_match,1.0,oracle,0.0,False,True,0.0,True
lab-coat,0_2,45,periodic,identity,0.8973,no_match,1.0,oracle,0.0,False,True,0.0,True
lab-coat,0_2,46,periodic,identity,0.8905,no_match,1.0,oracle,0.0,False,True,0.0,True
lab-coat,0_3,1,periodic,identity,0.9676,match,1.0,oracle,0.0,False,True,0.5076,True
lab-coat,0_3,2,periodic,identity,0.9451,match,1.0,oracle,0.0,False,True,0.532,True
lab-coat,0_3,3,periodic,identity,0.9596,match,1.0,oracle,0.0,False,True,0.5317,True
lab-coat,0_3,4,periodic,identity,0.958,match,1.0,oracle,0.0,False,True,0.5322,True
lab-coat,0_3,5,periodic,identity,0.9677,match,1.0,oracle,0.0,False,True,0.5293,True
lab-coat,0_3,6,periodic,identity,0.9794,match,1.0,oracle,0.0,False,True,0.5337,True
lab-coat,0_3,7,periodic,identity,0.98,match,1.0,oracle,0.0,False,True,0.527,True
lab-coat,0_3,8,periodic,identity,0.9792,match,1.0,oracle,0.0,False,True,0.53,True
lab-coat,0_3,9,periodic,identity,0.9562,match,1.0,oracle,0.0,False,True,0.5365,True
lab-coat,0_3,10,periodic,identity,0.9627,match,1.0,oracle,0.0,False,True,0.5428,True
lab-coat,0_3,11,periodic,identity,0.9671,match,1.0,oracle,0.0,False,True,0.537,True
lab-coat,0_3,12,periodic,identity,0.9613,match,1.0,oracle,0.0,False,True,0.5364,True
lab-coat,0_3,13,periodic,identity,0.9652,match,1.0,oracle,0.0,False,True,0.5386,True
lab-coat,0_3,14,periodic,identity,0.9764,match,1.0,oracle,0.0,False,True,0.5412,True
lab-coat,0_3,15,periodic,identity,0.9666,match,1.0,oracle,0.0,False,True,0.5398,True
lab-coat,0_3,16,periodic,identity,0.9731,match,1.0,oracle,0.0,False,True,0.5448,True
lab-coat,0_3,17,periodic,identity,0.9763,match,1.0,oracle,0.0,False,True,0.5422,True
lab-coat,0_3,18,periodic,identity,0.9695,match,1.0,oracle,0.0,False,True,0.5396,True
lab-coat,0_3,19,periodic,identity,0.9709,match,1.0,oracle,0.0,False,True,0.5402,True
lab-coat,0_3,20,periodic,identity,0.9711,match,1.0,oracle,0.0,False,True,0.5449,True
lab-coat,0_3,21,periodic,identity,0.947,match,1.0,oracle,0.0,False,True,0.5388,True
lab-coat,0_3,22,periodic,identity,0.9652,match,1.0,oracle,0.0,False,True,0.5313,True
lab-coat,0_3,23,periodic,identity,0.9556,match,1.0,oracle,0.0,False,True,0.5271,True
lab-coat,0_3,24,periodic,identity,0.9457,match,1.0,oracle,0.0,False,True,0.5285,True
lab-coat,0_3,25,periodic,identity,0.9445,match,1.0,oracle,0.0,False,True,0.5228,True
lab-coat,0_3,26,periodic,identity,0.9366,match,1.0,oracle,0.0,False,True,0.5196,True
lab-coat,0_3,27,periodic,identity,0.9328,match,1.0,oracle,0.0,False,True,0.525,True
lab-coat,0_3,28,periodic,identity,0.9321,match,1.0,oracle,0.0,False,True,0.5188,True
lab-coat,0_3,29,periodic,identity,0.9391,match,1.0,oracle,0.0,False,True,0.5145,True
lab-coat,0_3,30,periodic,identity,0.9151,match,1.0,oracle,0.0,False,True,0.5111,True
lab-coat,0_3,31,periodic,identity,0.9405,match,1.0,oracle,0.0,False,True,0.5022,True
lab-coat,0_3,32,periodic,identity,0.9276,no_match,1.0,oracle,0.0,False,True,0.4968,True
lab-coat,0_3,33,periodic,identity,0.9009,no_match,1.0,oracle,0.0,False,True,0.4969,True
lab-coat,0_3,34,periodic,identity,0.9056,no_match,1.0,oracle,0.0,False,True,0.492,True
lab-coat,0_3,35,periodic,identity,0.9007,no_match,1.0,oracle,0.0,False,True,0.4989,True
lab-coat,0_3,36,periodic,identity,0.9318,no_match,1.0,oracle,0.0,False,True,0.4968,True
lab-coat,0_3,37,periodic,identity,0.9259,no_match,1.0,oracle,0.0,False,True,0.4965,True
lab-coat,0_3,38,periodic,identity,0.9248,no_match,1.0,oracle,0.0,False,True,0.4935,True
lab-coat,0_3,39,periodic,identity,0.9194,no_match,1.0,oracle,0.0,False,True,0.4919,True
lab-coat,0_3,40,periodic,identity,0.9232,no_match,1.0,oracle,0.0,False,True,0.4913,True
lab-coat,0_3,41,periodic,identity,0.95,no_match,1.0,oracle,0.0,False,True,0.4918,True
lab-coat,0_3,42,periodic,identity,0.9469,no_match,1.0,oracle,0.0,False,True,0.4902,True
lab-coat,0_3,43,periodic,identity,0.9446,no_match,1.0,oracle,0.0,False,True,0.4856,True
lab-coat,0_3,44,periodic,identity,0.9471,no_match,1.0,oracle,0.0,False,True,0.4842,True
lab-coat,0_3,45,periodic,identity,0.9456,no_match,1.0,oracle,0.0,False,True,0.4861,True
lab-coat,0_3,46,periodic,identity,0.9516,no_match,1.0,oracle,0.0,False,True,0.4814,True
lab-coat,0_4,1,periodic,identity,0.8987,no_match,1.0,oracle,0.0,False,True,0.0641,True
lab-coat,0_4,2,periodic,identity,0.9201,no_match,1.0,oracle,0.0,False,True,0.0633,True
lab-coat,0_4,3,periodic,identity,0.9023,no_match,1.0,oracle,0.0,False,True,0.0616,True
lab-coat,0_4,4,periodic,identity,0.9106,no_match,1.0,oracle,0.0,False,True,0.0624,True
lab-coat,0_4,5,periodic,identity,0.9233,no_match,1.0,oracle,0.0,False,True,0.0612,True
lab-coat,0_4,6,periodic,identity,0.9235,no_match,1.0,oracle,0.0,False,True,0.0611,True
lab-coat,0_4,7,periodic,identity,0.9376,no_match,1.0,oracle,0.0,False,True,0.0583,True
lab-coat,0_4,8,periodic,identity,0.9113,no_match,1.0,oracle,0.0,False,True,0.0597,True
lab-coat,0_4,9,periodic,identity,0.9371,no_match,1.0,oracle,0.0,False,True,0.0571,True
lab-coat,0_4,10,periodic,identity,0.9413,no_match,1.0,oracle,0.0,False,True,0.0564,True
lab-coat,0_4,11,periodic,identity,0.9096,no_match,1.0,oracle,0.0,False,True,0.055,True
lab-coat,0_4,12,periodic,identity,0.9037,no_match,1.0,oracle,0.0,False,True,0.0549,True
lab-coat,0_4,13,periodic,identity,0.9004,no_match,1.0,oracle,0.0,False,True,0.0537,True
lab-coat,0_4,14,periodic,identity,0.9023,no_match,1.0,oracle,0.0,False,True,0.0522,True
lab-coat,0_4,15,periodic,identity,0.8628,no_match,1.0,oracle,0.0,False,True,0.0526,True
lab-coat,0_4,16,periodic,identity,0.9139,no_match,1.0,oracle,0.0,False,True,0.0542,True
lab-coat,0_4,17,periodic,identity,0.9387,no_match,1.0,oracle,0.0,False,True,0.0582,True
lab-coat,0_4,18,periodic,identity,0.9226,no_match,1.0,oracle,0.0,False,True,0.0583,True
lab-coat,0_4,19,periodic,identity,0.9124,no_match,1.0,oracle,0.0,False,True,0.0559,True
lab-coat,0_4,20,periodic,identity,0.9268,no_match,1.0,oracle,0.0,False,True,0.0574,True
lab-coat,0_4,21,periodic,identity,0.8912,no_match,1.0,oracle,0.0,False,True,0.0586,True
lab-coat,0_4,22,periodic,identity,0.8883,no_match,1.0,oracle,0.0,False,True,0.0572,True
lab-coat,0_4,23,periodic,identity,0.9085,no_match,1.0,oracle,0.0,False,True,0.0585,True
lab-coat,0_4,24,periodic,identity,0.8907,no_match,1.0,oracle,0.0,False,True,0.0612,True
lab-coat,0_4,25,periodic,identity,0.8644,no_match,1.0,oracle,0.0,False,True,0.061,True
lab-coat,0_4,26,periodic,identity,0.8808,no_match,1.0,oracle,0.0,False,True,0.0641,True
lab-coat,0_4,27,periodic,identity,0.8746,no_match,1.0,oracle,0.0,False,True,0.0656,True
lab-coat,0_4,28,periodic,identity,0.881,no_match,1.0,oracle,0.0,False,True,0.0699,True
lab-coat,0_4,29,periodic,identity,0.8464,no_match,1.0,oracle,0.0,False,True,0.0669,True
lab-coat,0_4,30,periodic,identity,0.8815,no_match,1.0,oracle,0.0,False,True,0.0791,True
lab-coat,0_4,31,periodic,identity,0.9033,no_match,1.0,oracle,0.0,False,True,0.0839,True
lab-coat,0_4,32,periodic,identity,0.8066,no_match,1.0,oracle,0.0,False,True,0.0782,True
lab-coat,0_4,33,periodic,identity,0.8118,no_match,1.0,oracle,0.0,False,True,0.0761,True
lab-coat,0_4,34,periodic,identity,0.8624,no_match,1.0,oracle,0.0,False,True,0.0767,True
lab-coat,0_4,35,periodic,identity,0.8138,no_match,1.0,oracle,0.0,False,True,0.0779,True
lab-coat,0_4,36,periodic,identity,0.8527,no_match,1.0,oracle,0.0,False,True,0.0812,True
lab-coat,0_4,37,periodic,identity,0.8411,no_match,1.0,oracle,0.0,False,True,0.0841,True
lab-coat,0_4,38,periodic,identity,0.8405,no_match,1.0,oracle,0.0,False,True,0.0834,True
lab-coat,0_4,39,periodic,identity,0.8733,no_match,1.0,oracle,0.0,False,True,0.0883,True
lab-coat,0_4,40,periodic,identity,0.8757,no_match,1.0,oracle,0.0,False,True,0.0876,True
lab-coat,0_4,41,periodic,identity,0.8898,no_match,1.0,oracle,0.0,False,True,0.0856,True
lab-coat,0_4,42,periodic,identity,0.8936,no_match,1.0,oracle,0.0,False,True,0.0951,True
lab-coat,0_4,43,periodic,identity,0.8848,no_match,1.0,oracle,0.0,False,True,0.0952,True
lab-coat,0_4,44,periodic,identity,0.8771,no_match,1.0,oracle,0.0,False,True,0.0975,True
lab-coat,0_4,45,periodic,identity,0.8904,no_match,1.0,oracle,0.0,False,True,0.092,True
lab-coat,0_4,46,periodic,identity,0.8666,no_match,1.0,oracle,0.0,False,True,0.1006,True
lab-coat,0_5,1,periodic,identity,0.8131,no_match,1.0,oracle,0.0,False,True,0.0,True
lab-coat,0_5,2,periodic,identity,0.8216,no_match,1.0,oracle,0.0,False,True,0.0,True
lab-coat,0_5,3,periodic,identity,0.8996,no_match,1.0,oracle,0.0,False,True,0.0,True
lab-coat,0_5,4,periodic,identity,0.8631,no_match,1.0,oracle,0.0,False,True,0.0,True
lab-coat,0_5,5,periodic,identity,0.8196,no_match,1.0,oracle,0.0,False,True,0.0,True
lab-coat,0_5,6,periodic,identity,0.9273,no_match,1.0,oracle,0.0,False,True,0.0,True
lab-coat,0_5,7,periodic,identity,0.928,no_match,1.0,oracle,0.0,False,True,0.0,True
lab-coat,0_5,8,periodic,identity,0.955,no_match,1.0,oracle,0.0,False,True,0.0,True
lab-coat,0_5,9,periodic,identity,0.9395,no_match,1.0,oracle,0.0,False,True,0.0,True
lab-coat,0_5,10,periodic,identity,0.9252,no_match,1.0,oracle,0.0,False,True,0.0,True
lab-coat,0_5,11,periodic,identity,0.9162,no_match,1.0,oracle,0.0,False,True,0.0,True
lab-coat,0_5,12,periodic,identity,0.9226,no_match,1.0,oracle,0.0,False,True,0.0,True
lab-coat,0_5,13,periodic,identity,0.9121,no_match,1.0,oracle,0.0,False,True,0.0,True
lab-coat,0_5,14,periodic,identity,0.9146,no_match,1.0,oracle,0.0,False,True,0.0,True
lab-coat,0_5,15,periodic,identity,0.924,no_match,1.0,oracle,0.0,False,True,0.0,True
lab-coat,0_5,16,periodic,identity,0.9289,no_match,1.0,oracle,0.0,False,True,0.0,True
lab-coat,0_5,17,periodic,identity,0.9359,no_match,1.0,oracle,0.0,False,True,0.0,True
lab-coat,0_5,18,periodic,identity,0.9186,no_match,1.0,oracle,0.0,False,True,0.0,True
lab-coat,0_5,19,periodic,identity,0.9175,no_match,1.0,oracle,0.0,False,True,0.0,True
lab-coat,0_5,20,periodic,identity,0.9263,no_match,1.0,oracle,0.0,False,True,0.0,True
lab-coat,0_5,21,periodic,identity,0.8885,no_match,1.0,oracle,0.0,False,True,0.0,True
lab-coat,0_5,22,periodic,identity,0.9175,no_match,1.0,oracle,0.0,False,True,0.0,True
lab-coat,0_5,23,periodic,identity,0.908,no_match,1.0,oracle,0.0,False,True,0.0,True
lab-coat,0_5,24,periodic,identity,0.8936,no_match,1.0,oracle,0.0,False,True,0.0,True
lab-coat,0_5,25,periodic,identity,0.893,no_match,1.0,oracle,0.0,False,True,0.0,True
lab-coat,0_5,26,periodic,identity,0.9099,no_match,1.0,oracle,0.0,False,True,0.0,True
lab-coat,0_5,27,periodic,identity,0.8852,no_match,1.0,oracle,0.0,False,True,0.0,True
lab-coat,0_5,28,periodic,identity,0.8665,no_match,1.0,oracle,0.0,False,True,0.0,True
lab-coat,0_5,29,periodic,identity,0.8546,no_match,1.0,oracle,0.0,False,True,0.0,True
lab-coat,0_5,30,periodic,identity,0.7845,no_match,1.0,oracle,0.0,False,True,0.0,True
lab-coat,0_5,31,periodic,identity,0.7744,no_match,1.0,oracle,0.0,False,True,0.0,True
lab-coat,0_5,32,periodic,identity,0.8208,no_match,1.0,oracle,0.0,False,True,0.0,True
lab-coat,0_5,33,periodic,identity,0.8081,no_match,1.0,oracle,0.0,False,True,0.0,True
lab-coat,0_5,34,periodic,identity,0.8115,no_match,1.0,oracle,0.0,False,True,0.0,True
lab-coat,0_5,35,periodic,identity,0.8025,no_match,1.0,oracle,0.0,False,True,0.0,True
lab-coat,0_5,36,periodic,identity,0.8068,no_match,1.0,oracle,0.0,False,True,0.0,True
lab-coat,0_5,37,periodic,identity,0.7907,no_match,1.0,oracle,0.0,False,True,0.0,True
lab-coat,0_5,38,periodic,identity,0.785,no_match,1.0,oracle,0.0,False,True,0.0,True
lab-coat,0_5,39,periodic,identity,0.7785,no_match,1.0,oracle,0.0,False,True,0.0,True
lab-coat,0_5,40,periodic,identity,0.7662,no_match,1.0,oracle,0.0,False,True,0.0,True
lab-coat,0_5,41,periodic,identity,0.7565,no_match,1.0,oracle,0.0,False,True,0.0,True
lab-coat,0_5,42,periodic,identity,0.7709,no_match,1.0,oracle,0.0,False,True,0.0,True
lab-coat,0_5,43,periodic,identity,0.7698,no_match,1.0,oracle,0.0,False,True,0.0,True
lab-coat,0_5,44,periodic,identity,0.7491,no_match,1.0,oracle,0.0,False,True,0.0,True
lab-coat,0_5,45,periodic,identity,0.7495,no_match,1.0,oracle,0.0,False,True,0.0,True
lab-coat,0_5,46,periodic,identity,0.7748,no_match,1.0,oracle,0.0,False,True,0.0,True
libby,0_1,1,periodic,identity,0.8771,match,1.0,oracle,0.0,False,True,0.9319,True
libby,0_1,2,periodic,identity,0.8911,match,1.0,oracle,0.0,False,True,0.9404,True
libby,0_1,3,periodic,identity,0.8903,match,1.0,oracle,0.0,False,True,0.9335,True
libby,0_1,4,periodic,identity,0.8867,match,1.0,oracle,0.0,False,True,0.936,True
libby,0_1,5,periodic,identity,0.8928,match,1.0,oracle,0.0,False,True,0.9474,True
libby,0_1,6,periodic,identity,0.9459,match,1.0,oracle,0.0,False,True,0.9561,True
libby,0_1,7,periodic,identity,0.931,match,1.0,oracle,0.0,False,True,0.9572,True
libby,0_1,8,periodic,identity,0.9361,match,1.0,oracle,0.0,False,True,0.9564,True
libby,0_1,9,periodic,identity,0.9418,match,1.0,oracle,0.0,False,True,0.9596,True
libby,0_1,10,periodic,identity,0.932,match,1.0,oracle,0.0,False,True,0.9502,True
libby,0_1,11,periodic,identity,0.9263,match,1.0,oracle,0.0,False,True,0.9207,True
libby,0_1,12,periodic,identity,0.9023,match,1.0,oracle,0.0,False,True,0.9392,True
libby,0_1,13,periodic,identity,0.9238,match,1.0,oracle,0.0,False,True,0.9245,True
libby,0_1,14,periodic,identity,0.9098,match,1.0,oracle,0.0,False,True,0.9187,True
libby,0_1,15,periodic,identity,0.9197,match,1.0,oracle,0.0,False,True,0.9298,True
libby,0_1,16,periodic,identity,0.9085,match,1.0,oracle,0.0,False,True,0.9301,True
libby,0_1,17,periodic,identity,0.9087,match,1.0,oracle,0.0,False,True,0.9154,True
libby,0_1,18,periodic,identity,0.9298,match,1.0,oracle,0.0,False,True,0.9286,True
libby,0_1,19,periodic,identity,0.898,match,1.0,oracle,0.0,False,True,0.9371,True
libby,0_1,20,periodic,identity,0.8991,match,1.0,oracle,0.0,False,True,0.9323,True
libby,0_1,21,periodic,identity,0.9202,match,1.0,oracle,0.0,False,True,0.9301,True
libby,0_1,22,periodic,identity,0.9111,match,1.0,oracle,0.0,False,True,0.9309,True
libby,0_1,23,periodic,identity,0.9103,match,1.0,oracle,0.0,False,True,0.9048,True
libby,0_1,24,periodic,identity,0.9007,match,1.0,oracle,0.0,False,True,0.897,True
libby,0_1,25,periodic,identity,0.8567,match,1.0,oracle,0.0,False,True,0.9014,True
libby,0_1,26,periodic,identity,0.8855,match,1.0,oracle,0.0,False,True,0.9145,True
libby,0_1,27,periodic,identity,0.8872,match,1.0,oracle,0.0,False,True,0.9154,True
libby,0_1,28,periodic,identity,0.8812,match,1.0,oracle,0.0,False,True,0.9005,True
libby,0_1,29,periodic,identity,0.8688,match,1.0,oracle,0.0,False,True,0.9018,True
libby,0_1,30,periodic,identity,0.8284,match,1.0,oracle,0.0,False,True,0.867,True
libby,0_1,31,periodic,identity,0.8551,match,1.0,oracle,0.0,False,True,0.9046,True
libby,0_1,32,periodic,identity,0.7816,match,1.0,oracle,0.0,False,True,0.866,True
libby,0_1,33,periodic,identity,0.8679,match,1.0,oracle,0.0,False,True,0.854,True
libby,0_1,34,periodic,identity,0.8529,match,1.0,oracle,0.0,False,True,0.9072,True
libby,0_1,35,periodic,identity,0.8212,match,1.0,oracle,0.0,False,True,0.8975,True
libby,0_1,36,periodic,identity,0.832,match,1.0,oracle,0.0,False,True,0.8523,True
libby,0_1,37,periodic,identity,0.856,match,1.0,oracle,0.0,False,True,0.8827,True
libby,0_1,38,periodic,identity,0.7755,match,1.0,oracle,0.0,False,True,0.8799,True
libby,0_1,39,periodic,identity,0.8294,match,1.0,oracle,0.0,False,True,0.8947,True
libby,0_1,40,periodic,identity,0.8422,match,1.0,oracle,0.0,False,True,0.9183,True
libby,0_1,41,periodic,identity,0.8644,match,1.0,oracle,0.0,False,True,0.8958,True
libby,0_1,42,periodic,identity,0.8159,match,1.0,oracle,0.0,False,True,0.8989,True
libby,0_1,43,periodic,identity,0.7492,match,1.0,oracle,0.0,False,True,0.8683,True
libby,0_1,44,periodic,identity,0.7774,match,1.0,oracle,0.0,False,True,0.8846,True
libby,0_1,45,periodic,identity,0.8514,match,1.0,oracle,0.0,False,True,0.8843,True
libby,0_1,46,periodic,identity,0.8229,match,1.0,oracle,0.0,False,True,0.8641,True
libby,0_1,47,periodic,identity,0.8303,match,1.0,oracle,0.0,False,True,0.8731,True
libby,0_1,48,periodic,identity,0.8815,match,1.0,oracle,0.0,False,True,0.9016,True
loading,0_1,1,periodic,identity,0.9788,no_match,1.0,oracle,0.0,False,True,0.0,True
loading,0_1,2,periodic,identity,0.9785,no_match,1.0,oracle,0.0,False,True,0.0,True
loading,0_1,3,periodic,identity,0.9712,no_match,1.0,oracle,0.0,False,True,0.0,True
loading,0_1,4,periodic,identity,0.9518,no_match,1.0,oracle,0.0,False,True,0.0,True
loading,0_1,5,periodic,identity,0.9446,no_match,1.0,oracle,0.0,False,True,0.0,True
loading,0_1,6,periodic,identity,0.9446,no_match,1.0,oracle,0.0,False,True,0.0,True
loading,0_1,7,periodic,identity,0.964,no_match,1.0,oracle,0.0,False,True,0.0,True
loading,0_1,8,periodic,identity,0.9683,no_match,1.0,oracle,0.0,False,True,0.0,True
loading,0_1,9,periodic,identity,0.9763,no_match,1.0,oracle,0.0,False,True,0.0,True
loading,0_1,10,periodic,identity,0.9759,no_match,1.0,oracle,0.0,False,True,0.0,True
loading,0_1,11,periodic,identity,0.9732,no_match,1.0,oracle,0.0,False,True,0.0,True
loading,0_1,12,periodic,identity,0.9688,no_match,1.0,oracle,0.0,False,True,0.0,True
loading,0_1,13,periodic,identity,0.9651,no_match,1.0,oracle,0.0,False,True,0.0,True
loading,0_1,14,periodic,identity,0.953,no_match,1.0,oracle,0.0,False,True,0.0,True
loading,0_1,15,periodic,identity,0.9583,no_match,1.0,oracle,0.0,False,True,0.0,True
loading,0_1,16,periodic,identity,0.9489,no_match,1.0,oracle,0.0,False,True,0.0,True
loading,0_1,17,periodic,identity,0.9578,no_match,1.0,oracle,0.0,False,True,0.0,True
loading,0_1,18,periodic,identity,0.9342,no_match,1.0,oracle,0.0,False,True,0.0,True
loading,0_1,19,periodic,identity,0.9279,no_match,1.0,oracle,0.0,False,True,0.0,True
loading,0_1,20,periodic,identity,0.9153,no_match,1.0,oracle,0.0,False,True,0.0,True
loading,0_1,21,periodic,identity,0.9179,no_match,1.0,oracle,0.0,False,True,0.0,True
loading,0_1,22,periodic,identity,0.9182,no_match,1.0,oracle,0.0,False,True,0.0,True
loading,0_1,23,periodic,identity,0.8943,no_match,1.0,oracle,0.0,False,True,0.0,True
loading,0_1,24,periodic,identity,0.8681,no_match,1.0,oracle,0.0,False,True,0.0,True
loading,0_1,25,periodic,identity,0.8616,no_match,1.0,oracle,0.0,False,True,0.0,True
loading,0_1,26,periodic,identity,0.8731,no_match,1.0,oracle,0.0,False,True,0.0,True
loading,0_1,27,periodic,identity,0.8856,no_match,1.0,oracle,0.0,False,True,0.0,True
loading,0_1,28,periodic,identity,0.8638,no_match,1.0,oracle,0.0,False,True,0.0,True
loading,0_1,29,periodic,identity,0.8689,no_match,1.0,oracle,0.0,False,True,0.0,True
loading,0_1,30,periodic,identity,0.8736,no_match,1.0,oracle,0.0,False,True,0.0,True
loading,0_1,31,periodic,identity,0.8862,no_match,1.0,oracle,0.0,False,True,0.0,True
loading,0_1,32,periodic,identity,0.8406,no_match,1.0,oracle,0.0,False,True,0.0,True
loading,0_1,33,periodic,identity,0.8362,no_match,1.0,oracle,0.0,False,True,0.0,True
loading,0_1,34,periodic,identity,0.8029,no_match,1.0,oracle,0.0,False,True,0.0,True
loading,0_1,35,periodic,identity,0.8684,no_match,1.0,oracle,0.0,False,True,0.0001,True
loading,0_1,36,periodic,identity,0.9022,no_match,1.0,oracle,0.0,False,True,0.0002,True
loading,0_1,37,periodic,identity,0.8901,no_match,1.0,oracle,0.0,False,True,0.0004,True
loading,0_1,38,periodic,identity,0.8583,no_match,1.0,oracle,0.0,False,True,0.001,True
loading,0_1,39,periodic,identity,0.8481,no_match,1.0,oracle,0.0,False,True,0.0021,True
loading,0_1,40,periodic,identity,0.8313,no_match,1.0,oracle,0.0,False,True,0.002,True
loading,0_1,41,periodic,identity,0.7958,no_match,1.0,oracle,0.0,False,True,0.0029,True
loading,0_1,42,periodic,identity,0.7471,no_match,1.0,oracle,0.0,False,True,0.0032,True
loading,0_1,43,periodic,identity,0.6202,no_match,1.0,oracle,0.0,False,True,0.0003,True
loading,0_1,44,periodic,identity,0.567,no_match,1.0,oracle,0.0,False,True,0.0,True
loading,0_1,45,periodic,identity,0.5987,no_match,1.0,oracle,0.0,False,True,0.0001,True
loading,0_1,46,periodic,identity,0.6576,no_match,1.0,oracle,0.0,False,True,0.0003,True
loading,0_1,47,periodic,identity,0.7213,no_match,1.0,oracle,0.0,False,True,0.0004,True
loading,0_1,48,periodic,identity,0.7839,no_match,1.0,oracle,0.0,False,True,0.0003,True
loading,0_1,49,periodic,identity,0.7529,no_match,1.0,oracle,0.0,False,True,0.0004,True
loading,0_2,1,periodic,identity,0.9548,no_match,1.0,oracle,0.0,False,True,0.1851,True
loading,0_2,2,periodic,identity,0.9445,no_match,1.0,oracle,0.0,False,True,0.2025,True
loading,0_2,3,periodic,identity,0.9276,no_match,1.0,oracle,0.0,False,True,0.2411,True
loading,0_2,4,periodic,identity,0.9055,no_match,1.0,oracle,0.0,False,True,0.266,True
loading,0_2,5,periodic,identity,0.8911,no_match,1.0,oracle,0.0,False,True,0.299,True
loading,0_2,6,periodic,identity,0.9517,no_match,1.0,oracle,0.0,False,True,0.3091,True
loading,0_2,7,periodic,identity,0.9543,no_match,1.0,oracle,0.0,False,True,0.316,True
loading,0_2,8,periodic,identity,0.9582,no_match,1.0,oracle,0.0,False,True,0.3146,True
loading,0_2,9,periodic,identity,0.9471,no_match,1.0,oracle,0.0,False,True,0.2961,True
loading,0_2,10,periodic,identity,0.9444,no_match,1.0,oracle,0.0,False,True,0.2918,True
loading,0_2,11,periodic,identity,0.9532,no_match,1.0,oracle,0.0,False,True,0.2924,True
loading,0_2,12,periodic,identity,0.9496,no_match,1.0,oracle,0.0,False,True,0.2955,True
loading,0_2,13,periodic,identity,0.9432,no_match,1.0,oracle,0.0,False,True,0.2971,True
loading,0_2,14,periodic,identity,0.9472,no_match,1.0,oracle,0.0,False,True,0.2955,True
loading,0_2,15,periodic,identity,0.9518,no_match,1.0,oracle,0.0,False,True,0.2961,True
loading,0_2,16,periodic,identity,0.9124,no_match,1.0,oracle,0.0,False,True,0.2744,True
loading,0_2,17,periodic,identity,0.9112,no_match,1.0,oracle,0.0,False,True,0.2672,True
loading,0_2,18,periodic,identity,0.9083,no_match,1.0,oracle,0.0,False,True,0.2767,True
loading,0_2,19,periodic,identity,0.8616,no_match,1.0,oracle,0.0,False,True,0.3943,True
loading,0_2,20,periodic,identity,0.9051,match,1.0,oracle,0.0,False,True,0.5785,True
loading,0_2,21,periodic,identity,0.9131,match,1.0,oracle,0.0,False,True,0.6923,True
loading,0_2,22,periodic,identity,0.9103,match,1.0,oracle,0.0,False,True,0.7574,True
loading,0_2,23,periodic,identity,0.8714,match,1.0,oracle,0.0,False,True,0.7954,True
loading,0_2,24,periodic,identity,0.8735,match,1.0,oracle,0.0,False,True,0.8051,True
loading,0_2,25,periodic,identity,0.8784,match,1.0,oracle,0.0,False,True,0.8456,True
loading,0_2,26,periodic,identity,0.91,match,1.0,oracle,0.0,False,True,0.8576,True
loading,0_2,27,periodic,identity,0.9102,match,1.0,oracle,0.0,False,True,0.8588,True
loading,0_2,28,periodic,identity,0.9093,match,1.0,oracle,0.0,False,True,0.8532,True
loading,0_2,29,periodic,identity,0.9218,match,1.0,oracle,0.0,False,True,0.8441,True
loading,0_2,30,periodic,identity,0.9232,match,1.0,oracle,0.0,False,True,0.8553,True
loading,0_2,31,periodic,identity,0.9376,match,1.0,oracle,0.0,False,True,0.872,True
loading,0_2,32,periodic,identity,0.9291,match,1.0,oracle,0.0,False,True,0.889,True
loading,0_2,33,periodic,identity,0.9339,match,1.0,oracle,0.0,False,True,0.9102,True
loading,0_2,34,periodic,identity,0.9357,match,1.0,oracle,0.0,False,True,0.8983,True
loading,0_2,35,periodic,identity,0.9206,match,1.0,oracle,0.0,False,True,0.9025,True
loading,0_2,36,periodic,identity,0.9347,match,1.0,oracle,0.0,False,True,0.8992,True
loading,0_2,37,periodic,identity,0.8987,match,1.0,oracle,0.0,False,True,0.9122,True
loading,0_2,38,periodic,identity,0.8971,match,1.0,oracle,0.0,False,True,0.9269,True
loading,0_2,39,periodic,identity,0.8292,match,1.0,oracle,0.0,False,True,0.9416,True
loading,0_2,40,periodic,identity,0.4299,match,1.0,oracle,0.0,False,True,0.6116,True
loading,0_2,41,periodic,identity,0.6312,match,1.0,oracle,0.0,False,True,0.5316,True
loading,0_2,42,periodic,identity,0.6086,no_match,1.0,oracle,0.0,False,True,0.4428,True
loading,0_2,43,periodic,identity,0.5974,no_match,1.0,oracle,0.0,False,True,0.399,True
loading,0_2,44,periodic,identity,0.6068,no_match,1.0,oracle,0.0,False,True,0.3517,True
loading,0_2,45,periodic,identity,0.6271,no_match,1.0,oracle,0.0,False,True,0.2877,True
loading,0_2,46,periodic,identity,0.6309,no_match,1.0,oracle,0.0,False,True,0.2476,True
loading,0_2,47,periodic,identity,0.6516,no_match,1.0,oracle,0.0,False,True,0.2576,True
loading,0_2,48,periodic,identity,0.6997,no_match,1.0,oracle,0.0,False,True,0.2662,True
loading,0_2,49,periodic,identity,0.6728,no_match,1.0,oracle,0.0,False,True,0.3163,True
loading,0_3,1,periodic,identity,0.9788,match,1.0,oracle,0.0,False,True,0.9745,True
loading,0_3,2,periodic,identity,0.9785,match,1.0,oracle,0.0,False,True,0.9746,True
loading,0_3,3,periodic,identity,0.9722,match,1.0,oracle,0.0,False,True,0.9686,True
loading,0_3,4,periodic,identity,0.9508,match,1.0,oracle,0.0,False,True,0.9732,True
loading,0_3,5,periodic,identity,0.9287,match,1.0,oracle,0.0,False,True,0.9702,True
loading,0_3,6,periodic,identity,0.9286,match,1.0,oracle,0.0,False,True,0.967,True
loading,0_3,7,periodic,identity,0.948,match,1.0,oracle,0.0,False,True,0.9606,True
loading,0_3,8,periodic,identity,0.9561,match,1.0,oracle,0.0,False,True,0.9598,True
loading,0_3,9,periodic,identity,0.9748,match,1.0,oracle,0.0,False,True,0.958,True
loading,0_3,10,periodic,identity,0.9756,match,1.0,oracle,0.0,False,True,0.9555,True
loading,0_3,11,periodic,identity,0.9665,match,1.0,oracle,0.0,False,True,0.9675,True
loading,0_3,12,periodic,identity,0.9684,match,1.0,oracle,0.0,False,True,0.9625,True
loading,0_3,13,periodic,identity,0.964,match,1.0,oracle,0.0,False,True,0.9654,True
loading,0_3,14,periodic,identity,0.9488,match,1.0,oracle,0.0,False,True,0.9628,True
loading,0_3,15,periodic,identity,0.9535,match,1.0,oracle,0.0,False,True,0.9564,True
loading,0_3,16,periodic,identity,0.9454,match,1.0,oracle,0.0,False,True,0.9555,True
loading,0_3,17,periodic,identity,0.9494,match,1.0,oracle,0.0,False,True,0.9591,True
loading,0_3,18,periodic,identity,0.934,match,1.0,oracle,0.0,False,True,0.9612,True
loading,0_3,19,periodic,identity,0.9405,match,1.0,oracle,0.0,False,True,0.972,True
loading,0_3,20,periodic,identity,0.9193,match,1.0,oracle,0.0,False,True,0.9646,True
loading,0_3,21,periodic,identity,0.9444,match,1.0,oracle,0.0,False,True,0.9691,True
loading,0_3,22,periodic,identity,0.9387,match,1.0,oracle,0.0,False,True,0.9635,True
loading,0_3,23,periodic,identity,0.908,match,1.0,oracle,0.0,False,True,0.9623,True
loading,0_3,24,periodic,identity,0.8736,match,1.0,oracle,0.0,False,True,0.9548,True
loading,0_3,25,periodic,identity,0.8591,match,1.0,oracle,0.0,False,True,0.961,True
loading,0_3,26,periodic,identity,0.87,match,1.0,oracle,0.0,False,True,0.9619,True
loading,0_3,27,periodic,identity,0.8811,match,1.0,oracle,0.0,False,True,0.9662,True
loading,0_3,28,periodic,identity,0.8616,match,1.0,oracle,0.0,False,True,0.9659,True
loading,0_3,29,periodic,identity,0.8649,match,1.0,oracle,0.0,False,True,0.9673,True
loading,0_3,30,periodic,identity,0.8762,match,1.0,oracle,0.0,False,True,0.9706,True
loading,0_3,31,periodic,identity,0.8899,match,1.0,oracle,0.0,False,True,0.9551,True
loading,0_3,32,periodic,identity,0.8417,match,1.0,oracle,0.0,False,True,0.9346,True
loading,0_3,33,periodic,identity,0.8258,match,1.0,oracle,0.0,False,True,0.9516,True
loading,0_3,34,periodic,identity,0.7985,match,1.0,oracle,0.0,False,True,0.9418,True
loading,0_3,35,periodic,identity,0.8499,match,1.0,oracle,0.0,False,True,0.9553,True
loading,0_3,36,periodic,identity,0.8918,match,1.0,oracle,0.0,False,True,0.9458,True
loading,0_3,37,periodic,identity,0.8798,match,1.0,oracle,0.0,False,True,0.9506,True
loading,0_3,38,periodic,identity,0.8493,match,1.0,oracle,0.0,False,True,0.9545,True
loading,0_3,39,periodic,identity,0.8528,match,1.0,oracle,0.0,False,True,0.9501,True
loading,0_3,40,periodic,identity,0.8294,match,1.0,oracle,0.0,False,True,0.9255,True
loading,0_3,41,periodic,identity,0.805,match,1.0,oracle,0.0,False,True,0.9092,True
loading,0_3,42,periodic,identity,0.7547,match,1.0,oracle,0.0,False,True,0.9138,True
loading,0_3,43,periodic,identity,0.6375,match,1.0,oracle,0.0,False,True,0.9049,True
loading,0_3,44,periodic,identity,0.5674,match,1.0,oracle,0.0,False,True,0.9092,True
loading,0_3,45,periodic,identity,0.5926,match,1.0,oracle,0.0,False,True,0.9431,True
loading,0_3,46,periodic,identity,0.6582,match,1.0,oracle,0.0,False,True,0.9245,True
loading,0_3,47,periodic,identity,0.7118,match,1.0,oracle,0.0,False,True,0.8876,True
loading,0_3,48,periodic,identity,0.7887,match,1.0,oracle,0.0,False,True,0.9218,True
loading,0_3,49,periodic,identity,0.7256,match,1.0,oracle,0.0,False,True,0.9338,True
mbike-trick,0_1,1,periodic,identity,0.9461,match,1.0,oracle,0.0,False,True,0.8394,True
mbike-trick,0_1,2,periodic,identity,0.9236,match,1.0,oracle,0.0,False,True,0.8503,True
mbike-trick,0_1,3,periodic,identity,0.8965,match,1.0,oracle,0.0,False,True,0.8298,True
mbike-trick,0_1,4,periodic,identity,0.9147,match,1.0,oracle,0.0,False,True,0.8298,True
mbike-trick,0_1,5,periodic,identity,0.9165,match,1.0,oracle,0.0,False,True,0.83,True
mbike-trick,0_1,6,periodic,identity,0.9424,match,1.0,oracle,0.0,False,True,0.836,True
mbike-trick,0_1,7,periodic,identity,0.9462,match,1.0,oracle,0.0,False,True,0.8342,True
mbike-trick,0_1,8,periodic,identity,0.9114,match,1.0,oracle,0.0,False,True,0.8336,True
mbike-trick,0_1,9,periodic,identity,0.9429,match,1.0,oracle,0.0,False,True,0.8348,True
mbike-trick,0_1,10,periodic,identity,0.9434,match,1.0,oracle,0.0,False,True,0.836,True
mbike-trick,0_1,11,periodic,identity,0.9418,match,1.0,oracle,0.0,False,True,0.8415,True
mbike-trick,0_1,12,periodic,identity,0.9617,match,1.0,oracle,0.0,False,True,0.8301,True
mbike-trick,0_1,13,periodic,identity,0.9244,match,1.0,oracle,0.0,False,True,0.826,True
mbike-trick,0_1,14,periodic,identity,0.9139,match,1.0,oracle,0.0,False,True,0.8367,True
mbike-trick,0_1,15,periodic,identity,0.9289,match,1.0,oracle,0.0,False,True,0.8414,True
mbike-trick,0_1,16,periodic,identity,0.9489,match,1.0,oracle,0.0,False,True,0.829,True
mbike-trick,0_1,17,periodic,identity,0.9226,match,1.0,oracle,0.0,False,True,0.8464,True
mbike-trick,0_1,18,periodic,identity,0.9505,match,1.0,oracle,0.0,False,True,0.8534,True
mbike-trick,0_1,19,periodic,identity,0.9432,match,1.0,oracle,0.0,False,True,0.8598,True
mbike-trick,0_1,20,periodic,identity,0.9344,match,1.0,oracle,0.0,False,True,0.8536,True
mbike-trick,0_1,21,periodic,identity,0.9409,match,1.0,oracle,0.0,False,True,0.8426,True
mbike-trick,0_1,22,periodic,identity,0.919,match,1.0,oracle,0.0,False,True,0.8315,True
mbike-trick,0_1,23,periodic,identity,0.9357,match,1.0,oracle,0.0,False,True,0.8366,True
mbike-trick,0_1,24,periodic,identity,0.934,match,1.0,oracle,0.0,False,True,0.8048,True
mbike-trick,0_1,25,periodic,identity,0.9051,match,1.0,oracle,0.0,False,True,0.8696,True
mbike-trick,0_1,26,periodic,identity,0.9289,match,1.0,oracle,0.0,False,True,0.8693,True
mbike-trick,0_1,27,periodic,identity,0.9179,match,1.0,oracle,0.0,False,True,0.8679,True
mbike-trick,0_1,28,periodic,identity,0.9019,match,1.0,oracle,0.0,False,True,0.8639,True
mbike-trick,0_1,29,periodic,identity,0.8956,match,1.0,oracle,0.0,False,True,0.8673,True
mbike-trick,0_1,30,periodic,identity,0.9111,match,1.0,oracle,0.0,False,True,0.8531,True
mbike-trick,0_1,31,periodic,identity,0.9324,match,1.0,oracle,0.0,False,True,0.8408,True
mbike-trick,0_1,32,periodic,identity,0.926,match,1.0,oracle,0.0,False,True,0.8399,True
mbike-trick,0_1,33,periodic,identity,0.9044,match,1.0,oracle,0.0,False,True,0.8682,True
mbike-trick,0_1,34,periodic,identity,0.9225,match,1.0,oracle,0.0,False,True,0.8681,True
mbike-trick,0_1,35,periodic,identity,0.9102,match,1.0,oracle,0.0,False,True,0.8773,True
mbike-trick,0_1,36,periodic,identity,0.9028,match,1.0,oracle,0.0,False,True,0.8914,True
mbike-trick,0_1,37,periodic,identity,0.8946,match,1.0,oracle,0.0,False,True,0.8681,True
mbike-trick,0_1,38,periodic,identity,0.9302,match,1.0,oracle,0.0,False,True,0.8492,True
mbike-trick,0_1,39,periodic,identity,0.9228,match,1.0,oracle,0.0,False,True,0.8549,True
mbike-trick,0_1,40,periodic,identity,0.9372,match,1.0,oracle,0.0,False,True,0.8607,True
mbike-trick,0_1,41,periodic,identity,0.9253,match,1.0,oracle,0.0,False,True,0.8707,True
mbike-trick,0_1,42,periodic,identity,0.9264,match,1.0,oracle,0.0,False,True,0.882,True
mbike-trick,0_1,43,periodic,identity,0.9305,match,1.0,oracle,0.0,False,True,0.8723,True
mbike-trick,0_1,44,periodic,identity,0.9267,match,1.0,oracle,0.0,False,True,0.8737,True
mbike-trick,0_1,45,periodic,identity,0.9213,match,1.0,oracle,0.0,False,True,0.8654,True
mbike-trick,0_1,46,periodic,identity,0.9344,match,1.0,oracle,0.0,False,True,0.8661,True
mbike-trick,0_1,47,periodic,identity,0.9549,match,1.0,oracle,0.0,False,True,0.86,True
mbike-trick,0_1,48,periodic,identity,0.9159,match,1.0,oracle,0.0,False,True,0.8661,True
mbike-trick,0_1,49,periodic,identity,0.9334,match,1.0,oracle,0.0,False,True,0.86,True
mbike-trick,0_1,50,periodic,identity,0.9012,match,1.0,oracle,0.0,False,True,0.878,True
mbike-trick,0_1,51,periodic,identity,0.9303,match,1.0,oracle,0.0,False,True,0.8802,True
mbike-trick,0_1,52,periodic,identity,0.9316,match,1.0,oracle,0.0,False,True,0.8634,True
mbike-trick,0_1,53,periodic,identity,0.9287,match,1.0,oracle,0.0,False,True,0.8732,True
mbike-trick,0_1,54,periodic,identity,0.9391,match,1.0,oracle,0.0,False,True,0.8723,True
mbike-trick,0_1,55,periodic,identity,0.9325,match,1.0,oracle,0.0,False,True,0.8676,True
mbike-trick,0_1,56,periodic,identity,0.9391,match,1.0,oracle,0.0,False,True,0.8682,True
mbike-trick,0_1,57,periodic,identity,0.9379,match,1.0,oracle,0.0,False,True,0.8778,True
mbike-trick,0_1,58,periodic,identity,0.9375,match,1.0,oracle,0.0,False,True,0.8736,True
mbike-trick,0_1,59,periodic,identity,0.9305,match,1.0,oracle,0.0,False,True,0.8873,True
mbike-trick,0_1,60,periodic,identity,0.9195,match,1.0,oracle,0.0,False,True,0.859,True
mbike-trick,0_1,61,periodic,identity,0.9399,match,1.0,oracle,0.0,False,True,0.8624,True
mbike-trick,0_1,62,periodic,identity,0.9207,match,1.0,oracle,0.0,False,True,0.8587,True
mbike-trick,0_1,63,periodic,identity,0.8936,match,1.0,oracle,0.0,False,True,0.8421,True
mbike-trick,0_1,64,periodic,identity,0.9069,match,1.0,oracle,0.0,False,True,0.8622,True
mbike-trick,0_1,65,periodic,identity,0.8919,match,1.0,oracle,0.0,False,True,0.8353,True
mbike-trick,0_1,66,periodic,identity,0.9022,match,1.0,oracle,0.0,False,True,0.861,True
mbike-trick,0_1,67,periodic,identity,0.8901,match,1.0,oracle,0.0,False,True,0.8573,True
mbike-trick,0_1,68,periodic,identity,0.8936,match,1.0,oracle,0.0,False,True,0.8499,True
mbike-trick,0_1,69,periodic,identity,0.8948,match,1.0,oracle,0.0,False,True,0.8304,True
mbike-trick,0_1,70,periodic,identity,0.8957,match,1.0,oracle,0.0,False,True,0.8169,True
mbike-trick,0_1,71,periodic,identity,0.8504,match,1.0,oracle,0.0,False,True,0.8045,True
mbike-trick,0_1,72,periodic,identity,0.8729,match,1.0,oracle,0.0,False,True,0.8431,True
mbike-trick,0_1,73,periodic,identity,0.908,match,1.0,oracle,0.0,False,True,0.8399,True
mbike-trick,0_1,74,periodic,identity,0.9046,match,1.0,oracle,0.0,False,True,0.8418,True
mbike-trick,0_1,75,periodic,identity,0.7512,match,1.0,oracle,0.0,False,True,0.9135,True
mbike-trick,0_1,76,periodic,identity,0.8555,match,1.0,oracle,0.0,False,True,0.9324,True
mbike-trick,0_1,77,periodic,identity,0.8534,match,1.0,oracle,0.0,False,True,0.931,True
mbike-trick,0_1,78,periodic,identity,0.8597,match,1.0,oracle,0.0,False,True,0.8612,True
mbike-trick,0_2,1,periodic,identity,0.9656,match,1.0,oracle,0.0,False,True,0.7773,True
mbike-trick,0_2,2,periodic,identity,0.9426,match,1.0,oracle,0.0,False,True,0.7995,True
mbike-trick,0_2,3,periodic,identity,0.9483,match,1.0,oracle,0.0,False,True,0.8095,True
mbike-trick,0_2,4,periodic,identity,0.948,match,1.0,oracle,0.0,False,True,0.8198,True
mbike-trick,0_2,5,periodic,identity,0.9489,match,1.0,oracle,0.0,False,True,0.8249,True
mbike-trick,0_2,6,periodic,identity,0.9705,match,1.0,oracle,0.0,False,True,0.8408,True
mbike-trick,0_2,7,periodic,identity,0.9763,match,1.0,oracle,0.0,False,True,0.8496,True
mbike-trick,0_2,8,periodic,identity,0.975,match,1.0,oracle,0.0,False,True,0.8451,True
mbike-trick,0_2,9,periodic,identity,0.9729,match,1.0,oracle,0.0,False,True,0.8336,True
mbike-trick,0_2,10,periodic,identity,0.9603,match,1.0,oracle,0.0,False,True,0.8396,True
mbike-trick,0_2,11,periodic,identity,0.9682,match,1.0,oracle,0.0,False,True,0.8361,True
mbike-trick,0_2,12,periodic,identity,0.9742,match,1.0,oracle,0.0,False,True,0.8494,True
mbike-trick,0_2,13,periodic,identity,0.9679,match,1.0,oracle,0.0,False,True,0.8346,True
mbike-trick,0_2,14,periodic,identity,0.9656,match,1.0,oracle,0.0,False,True,0.8526,True
mbike-trick,0_2,15,periodic,identity,0.9564,match,1.0,oracle,0.0,False,True,0.8145,True
mbike-trick,0_2,16,periodic,identity,0.9686,match,1.0,oracle,0.0,False,True,0.802,True
mbike-trick,0_2,17,periodic,identity,0.9686,match,1.0,oracle,0.0,False,True,0.7874,True
mbike-trick,0_2,18,periodic,identity,0.9691,match,1.0,oracle,0.0,False,True,0.7823,True
mbike-trick,0_2,19,periodic,identity,0.9734,match,1.0,oracle,0.0,False,True,0.772,True
mbike-trick,0_2,20,periodic,identity,0.9639,match,1.0,oracle,0.0,False,True,0.757,True
mbike-trick,0_2,21,periodic,identity,0.9333,match,1.0,oracle,0.0,False,True,0.8278,True
mbike-trick,0_2,22,periodic,identity,0.9651,match,1.0,oracle,0.0,False,True,0.8628,True
mbike-trick,0_2,23,periodic,identity,0.9657,match,1.0,oracle,0.0,False,True,0.872,True
mbike-trick,0_2,24,periodic,identity,0.9602,match,1.0,oracle,0.0,False,True,0.8575,True
mbike-trick,0_2,25,periodic,identity,0.9572,match,1.0,oracle,0.0,False,True,0.8518,True
mbike-trick,0_2,26,periodic,identity,0.9469,match,1.0,oracle,0.0,False,True,0.8166,True
mbike-trick,0_2,27,periodic,identity,0.9453,match,1.0,oracle,0.0,False,True,0.8055,True
mbike-trick,0_2,28,periodic,identity,0.9307,match,1.0,oracle,0.0,False,True,0.7951,True
mbike-trick,0_2,29,periodic,identity,0.9207,match,1.0,oracle,0.0,False,True,0.7907,True
mbike-trick,0_2,30,periodic,identity,0.9231,match,1.0,oracle,0.0,False,True,0.7919,True
mbike-trick,0_2,31,periodic,identity,0.9376,match,1.0,oracle,0.0,False,True,0.817,True
mbike-trick,0_2,32,periodic,identity,0.9375,match,1.0,oracle,0.0,False,True,0.8033,True
mbike-trick,0_2,33,periodic,identity,0.9255,match,1.0,oracle,0.0,False,True,0.8003,True
mbike-trick,0_2,34,periodic,identity,0.9275,match,1.0,oracle,0.0,False,True,0.8092,True
mbike-trick,0_2,35,periodic,identity,0.8889,match,1.0,oracle,0.0,False,True,0.83,True
mbike-trick,0_2,36,periodic,identity,0.8866,match,1.0,oracle,0.0,False,True,0.8262,True
mbike-trick,0_2,37,periodic,identity,0.9122,match,1.0,oracle,0.0,False,True,0.8241,True
mbike-trick,0_2,38,periodic,identity,0.9147,match,1.0,oracle,0.0,False,True,0.8125,True
mbike-trick,0_2,39,periodic,identity,0.9078,match,1.0,oracle,0.0,False,True,0.8089,True
mbike-trick,0_2,40,periodic,identity,0.9184,match,1.0,oracle,0.0,False,True,0.8179,True
mbike-trick,0_2,41,periodic,identity,0.9304,match,1.0,oracle,0.0,False,True,0.8174,True
mbike-trick,0_2,42,periodic,identity,0.9072,match,1.0,oracle,0.0,False,True,0.835,True
mbike-trick,0_2,43,periodic,identity,0.9338,match,1.0,oracle,0.0,False,True,0.8423,True
mbike-trick,0_2,44,periodic,identity,0.9408,match,1.0,oracle,0.0,False,True,0.8309,True
mbike-trick,0_2,45,periodic,identity,0.9378,match,1.0,oracle,0.0,False,True,0.8375,True
mbike-trick,0_2,46,periodic,identity,0.9235,match,1.0,oracle,0.0,False,True,0.8324,True
mbike-trick,0_2,47,periodic,identity,0.9302,match,1.0,oracle,0.0,False,True,0.8222,True
mbike-trick,0_2,48,periodic,identity,0.9216,match,1.0,oracle,0.0,False,True,0.8174,True
mbike-trick,0_2,49,periodic,identity,0.9284,match,1.0,oracle,0.0,False,True,0.8354,True
mbike-trick,0_2,50,periodic,identity,0.9218,match,1.0,oracle,0.0,False,True,0.8532,True
mbike-trick,0_2,51,periodic,identity,0.9364,match,1.0,oracle,0.0,False,True,0.8712,True
mbike-trick,0_2,52,periodic,identity,0.9399,match,1.0,oracle,0.0,False,True,0.8681,True
mbike-trick,0_2,53,periodic,identity,0.9425,match,1.0,oracle,0.0,False,True,0.8593,True
mbike-trick,0_2,54,periodic,identity,0.9396,match,1.0,oracle,0.0,False,True,0.8577,True
mbike-trick,0_2,55,periodic,identity,0.9449,match,1.0,oracle,0.0,False,True,0.8677,True
mbike-trick,0_2,56,periodic,identity,0.9421,match,1.0,oracle,0.0,False,True,0.8711,True
mbike-trick,0_2,57,periodic,identity,0.9331,match,1.0,oracle,0.0,False,True,0.8864,True
mbike-trick,0_2,58,periodic,identity,0.9412,match,1.0,oracle,0.0,False,True,0.8676,True
mbike-trick,0_2,59,periodic,identity,0.9296,match,1.0,oracle,0.0,False,True,0.88,True
mbike-trick,0_2,60,periodic,identity,0.931,match,1.0,oracle,0.0,False,True,0.8715,True
mbike-trick,0_2,61,periodic,identity,0.9265,match,1.0,oracle,0.0,False,True,0.8688,True
mbike-trick,0_2,62,periodic,identity,0.9335,match,1.0,oracle,0.0,False,True,0.8705,True
mbike-trick,0_2,63,periodic,identity,0.9354,match,1.0,oracle,0.0,False,True,0.8602,True
mbike-trick,0_2,64,periodic,identity,0.9197,match,1.0,oracle,0.0,False,True,0.8649,True
mbike-trick,0_2,65,periodic,identity,0.9292,match,1.0,oracle,0.0,False,True,0.8563,True
mbike-trick,0_2,66,periodic,identity,0.8998,match,1.0,oracle,0.0,False,True,0.8718,True
mbike-trick,0_2,67,periodic,identity,0.9219,match,1.0,oracle,0.0,False,True,0.8729,True
mbike-trick,0_2,68,periodic,identity,0.8982,match,1.0,oracle,0.0,False,True,0.8535,True
mbike-trick,0_2,69,periodic,identity,0.9181,match,1.0,oracle,0.0,False,True,0.8569,True
mbike-trick,0_2,70,periodic,identity,0.9165,match,1.0,oracle,0.0,False,True,0.8514,True
mbike-trick,0_2,71,periodic,identity,0.8966,match,1.0,oracle,0.0,False,True,0.8571,True
mbike-trick,0_2,72,periodic,identity,0.8978,match,1.0,oracle,0.0,False,True,0.8603,True
mbike-trick,0_2,73,periodic,identity,0.8945,match,1.0,oracle,0.0,False,True,0.8773,True
mbike-trick,0_2,74,periodic,identity,0.902,match,1.0,oracle,0.0,False,True,0.8838,True
mbike-trick,0_2,75,periodic,identity,0.8998,match,1.0,oracle,0.0,False,True,0.8921,True
mbike-trick,0_2,76,periodic,identity,0.9003,match,1.0,oracle,0.0,False,True,0.9042,True
mbike-trick,0_2,77,periodic,identity,0.9118,match,1.0,oracle,0.0,False,True,0.9054,True
mbike-trick,0_2,78,periodic,identity,0.9086,match,1.0,oracle,0.0,False,True,0.9067,True
motocross-jump,0_1,1,periodic,identity,0.8621,no_match,1.0,oracle,0.0,False,True,0.4693,True
motocross-jump,0_1,2,periodic,identity,0.8356,no_match,1.0,oracle,0.0,False,True,0.4208,True
motocross-jump,0_1,3,periodic,identity,0.866,no_match,1.0,oracle,0.0,False,True,0.3956,True
motocross-jump,0_1,4,periodic,identity,0.8364,no_match,1.0,oracle,0.0,False,True,0.3788,True
motocross-jump,0_1,5,periodic,identity,0.8431,no_match,1.0,oracle,0.0,False,True,0.3683,True
motocross-jump,0_1,6,periodic,identity,0.8925,no_match,1.0,oracle,0.0,False,True,0.3512,True
motocross-jump,0_1,7,periodic,identity,0.8903,no_match,1.0,oracle,0.0,False,True,0.3288,True
motocross-jump,0_1,8,periodic,identity,0.9029,no_match,1.0,oracle,0.0,False,True,0.3121,True
motocross-jump,0_1,9,periodic,identity,0.9085,no_match,1.0,oracle,0.0,False,True,0.2948,True
motocross-jump,0_1,10,periodic,identity,0.9058,no_match,1.0,oracle,0.0,False,True,0.2848,True
motocross-jump,0_1,11,periodic,identity,0.8833,no_match,1.0,oracle,0.0,False,True,0.2717,True
motocross-jump,0_1,12,periodic,identity,0.8635,no_match,1.0,oracle,0.0,False,True,0.2446,True
motocross-jump,0_1,13,periodic,identity,0.8707,no_match,1.0,oracle,0.0,False,True,0.1996,True
motocross-jump,0_1,14,periodic,identity,0.8232,no_match,1.0,oracle,0.0,False,True,0.1497,True
motocross-jump,0_1,15,periodic,identity,0.8153,no_match,1.0,oracle,0.0,False,True,0.1077,True
motocross-jump,0_1,16,periodic,identity,0.8037,no_match,1.0,oracle,0.0,False,True,0.0913,True
motocross-jump,0_1,17,periodic,identity,0.7797,no_match,1.0,oracle,0.0,False,True,0.0751,True
motocross-jump,0_1,18,periodic,identity,0.7672,no_match,1.0,oracle,0.0,False,True,0.0842,True
motocross-jump,0_1,19,periodic,identity,0.7841,no_match,1.0,oracle,0.0,False,True,0.0954,True
motocross-jump,0_1,20,periodic,identity,0.7813,no_match,1.0,oracle,0.0,False,True,0.0979,True
motocross-jump,0_1,21,periodic,identity,0.7977,no_match,1.0,oracle,0.0,False,True,0.1111,True
motocross-jump,0_1,22,periodic,identity,0.7985,no_match,1.0,oracle,0.0,False,True,0.1206,True
motocross-jump,0_1,23,periodic,identity,0.7985,no_match,1.0,oracle,0.0,False,True,0.1699,True
motocross-jump,0_1,24,periodic,identity,0.81,no_match,1.0,oracle,0.0,False,True,0.1973,True
motocross-jump,0_1,25,periodic,identity,0.8378,no_match,1.0,oracle,0.0,False,True,0.259,True
motocross-jump,0_1,26,periodic,identity,0.8352,no_match,1.0,oracle,0.0,False,True,0.3071,True
motocross-jump,0_1,27,periodic,identity,0.861,no_match,1.0,oracle,0.0,False,True,0.3175,True
motocross-jump,0_1,28,periodic,identity,0.8705,no_match,1.0,oracle,0.0,False,True,0.3289,True
motocross-jump,0_1,29,periodic,identity,0.8618,no_match,1.0,oracle,0.0,False,True,0.3378,True
motocross-jump,0_1,30,periodic,identity,0.8818,no_match,1.0,oracle,0.0,False,True,0.3463,True
motocross-jump,0_1,31,periodic,identity,0.8913,no_match,1.0,oracle,0.0,False,True,0.3558,True
motocross-jump,0_1,32,periodic,identity,0.9092,no_match,1.0,oracle,0.0,False,True,0.3553,True
motocross-jump,0_1,33,periodic,identity,0.8806,no_match,1.0,oracle,0.0,False,True,0.3587,True
motocross-jump,0_1,34,periodic,identity,0.8762,no_match,1.0,oracle,0.0,False,True,0.3705,True
motocross-jump,0_1,35,periodic,identity,0.9026,no_match,1.0,oracle,0.0,False,True,0.3689,True
motocross-jump,0_1,36,periodic,identity,0.8882,no_match,1.0,oracle,0.0,False,True,0.3748,True
motocross-jump,0_1,37,periodic,identity,0.8954,no_match,1.0,oracle,0.0,False,True,0.3796,True
motocross-jump,0_1,38,periodic,identity,0.8463,no_match,1.0,oracle,0.0,False,True,0.3929,True
motocross-jump,0_1,39,periodic,identity,0.8716,no_match,1.0,oracle,0.0,False,True,0.4414,True
motocross-jump,0_2,1,periodic,identity,0.8037,match,1.0,oracle,0.0,False,True,0.7149,True
motocross-jump,0_2,2,periodic,identity,0.7621,match,1.0,oracle,0.0,False,True,0.7518,True
motocross-jump,0_2,3,periodic,identity,0.779,match,1.0,oracle,0.0,False,True,0.7659,True
motocross-jump,0_2,4,periodic,identity,0.7602,match,1.0,oracle,0.0,False,True,0.7732,True
motocross-jump,0_2,5,periodic,identity,0.7591,match,1.0,oracle,0.0,False,True,0.7808,True
motocross-jump,0_2,6,periodic,identity,0.7253,match,1.0,oracle,0.0,False,True,0.772,True
motocross-jump,0_2,7,periodic,identity,0.7151,match,1.0,oracle,0.0,False,True,0.7766,True
motocross-jump,0_2,8,periodic,identity,0.7123,match,1.0,oracle,0.0,False,True,0.8094,True
motocross-jump,0_2,9,periodic,identity,0.7037,match,1.0,oracle,0.0,False,True,0.7896,True
motocross-jump,0_2,10,periodic,identity,0.6847,match,1.0,oracle,0.0,False,True,0.842,True
motocross-jump,0_2,11,periodic,identity,0.7009,match,1.0,oracle,0.0,False,True,0.8504,True
motocross-jump,0_2,12,periodic,identity,0.6708,match,1.0,oracle,0.0,False,True,0.8104,True
motocross-jump,0_2,13,periodic,identity,0.6518,match,1.0,oracle,0.0,False,True,0.7177,True
motocross-jump,0_2,14,periodic,identity,0.6843,match,1.0,oracle,0.0,False,True,0.7444,True
motocross-jump,0_2,15,periodic,identity,0.7014,match,1.0,oracle,0.0,False,True,0.7633,True
motocross-jump,0_2,16,periodic,identity,0.7206,match,1.0,oracle,0.0,False,True,0.8264,True
motocross-jump,0_2,17,periodic,identity,0.6357,match,1.0,oracle,0.0,False,True,0.9065,True
motocross-jump,0_2,18,periodic,identity,0.6239,match,1.0,oracle,0.0,False,True,0.8758,True
motocross-jump,0_2,19,periodic,identity,0.6921,match,1.0,oracle,0.0,False,True,0.8684,True
motocross-jump,0_2,20,periodic,identity,0.6828,match,1.0,oracle,0.0,False,True,0.8626,True
motocross-jump,0_2,21,periodic,identity,0.5832,match,1.0,oracle,0.0,False,True,0.9289,True
motocross-jump,0_2,22,periodic,identity,0.6161,match,1.0,oracle,0.0,False,True,0.9051,True
motocross-jump,0_2,23,periodic,identity,0.5575,match,1.0,oracle,0.0,False,True,0.7753,True
motocross-jump,0_2,24,periodic,identity,0.6021,match,1.0,oracle,0.0,False,True,0.9048,True
motocross-jump,0_2,25,periodic,identity,0.6499,match,1.0,oracle,0.0,False,True,0.9048,True
motocross-jump,0_2,26,periodic,identity,0.6275,match,1.0,oracle,0.0,False,True,0.9116,True
motocross-jump,0_2,27,periodic,identity,0.606,match,1.0,oracle,0.0,False,True,0.9086,True
motocross-jump,0_2,28,periodic,identity,0.5925,match,1.0,oracle,0.0,False,True,0.9285,True
motocross-jump,0_2,29,periodic,identity,0.5979,match,1.0,oracle,0.0,False,True,0.9213,True
motocross-jump,0_2,30,periodic,identity,0.6346,match,1.0,oracle,0.0,False,True,0.9202,True
motocross-jump,0_2,31,periodic,identity,0.6395,match,1.0,oracle,0.0,False,True,0.9087,True
motocross-jump,0_2,32,periodic,identity,0.6497,match,1.0,oracle,0.0,False,True,0.9059,True
motocross-jump,0_2,33,periodic,identity,0.6798,match,1.0,oracle,0.0,False,True,0.8963,True
motocross-jump,0_2,34,periodic,identity,0.6365,match,1.0,oracle,0.0,False,True,0.8762,True
motocross-jump,0_2,35,periodic,identity,0.6826,match,1.0,oracle,0.0,False,True,0.9091,True
motocross-jump,0_2,36,periodic,identity,0.6809,match,1.0,oracle,0.0,False,True,0.8892,True
motocross-jump,0_2,37,periodic,identity,0.7507,match,1.0,oracle,0.0,False,True,0.8861,True
motocross-jump,0_2,38,periodic,identity,0.7595,match,1.0,oracle,0.0,False,True,0.877,True
motocross-jump,0_2,39,periodic,identity,0.8472,match,1.0,oracle,0.0,False,True,0.8871,True
paragliding-launch,0_1,1,periodic,identity,0.9283,match,1.0,oracle,0.0,False,True,0.5427,True
paragliding-launch,0_1,2,periodic,identity,0.9303,no_match,1.0,oracle,0.0,False,True,0.4414,True
paragliding-launch,0_1,3,periodic,identity,0.9254,no_match,1.0,oracle,0.0,False,True,0.4283,True
paragliding-launch,0_1,4,periodic,identity,0.9189,match,1.0,oracle,0.0,False,True,0.5584,True
paragliding-launch,0_1,5,periodic,identity,0.9538,match,1.0,oracle,0.0,False,True,0.5652,True
paragliding-launch,0_1,6,periodic,identity,0.9628,match,1.0,oracle,0.0,False,True,0.5713,True
paragliding-launch,0_1,7,periodic,identity,0.9495,match,1.0,oracle,0.0,False,True,0.587,True
paragliding-launch,0_1,8,periodic,identity,0.9392,match,1.0,oracle,0.0,False,True,0.5933,True
paragliding-launch,0_1,9,periodic,identity,0.9314,match,1.0,oracle,0.0,False,True,0.6086,True
paragliding-launch,0_1,10,periodic,identity,0.9268,match,1.0,oracle,0.0,False,True,0.6195,True
paragliding-launch,0_1,11,periodic,identity,0.9423,match,1.0,oracle,0.0,False,True,0.6489,True
paragliding-launch,0_1,12,periodic,identity,0.9421,match,1.0,oracle,0.0,False,True,0.6631,True
paragliding-launch,0_1,13,periodic,identity,0.9424,match,1.0,oracle,0.0,False,True,0.6683,True
paragliding-launch,0_1,14,periodic,identity,0.936,match,1.0,oracle,0.0,False,True,0.6685,True
paragliding-launch,0_1,15,periodic,identity,0.9235,match,1.0,oracle,0.0,False,True,0.6901,True
paragliding-launch,0_1,16,periodic,identity,0.9323,match,1.0,oracle,0.0,False,True,0.6664,True
paragliding-launch,0_1,17,periodic,identity,0.9272,match,1.0,oracle,0.0,False,True,0.6413,True
paragliding-launch,0_1,18,periodic,identity,0.934,match,1.0,oracle,0.0,False,True,0.6517,True
paragliding-launch,0_1,19,periodic,identity,0.94,match,1.0,oracle,0.0,False,True,0.6542,True
paragliding-launch,0_1,20,periodic,identity,0.9485,match,1.0,oracle,0.0,False,True,0.6471,True
paragliding-launch,0_1,21,periodic,identity,0.9571,match,1.0,oracle,0.0,False,True,0.6424,True
paragliding-launch,0_1,22,periodic,identity,0.9422,match,1.0,oracle,0.0,False,True,0.6291,True
paragliding-launch,0_1,23,periodic,identity,0.9403,match,1.0,oracle,0.0,False,True,0.6274,True
paragliding-launch,0_1,24,periodic,identity,0.952,match,1.0,oracle,0.0,False,True,0.6379,True
paragliding-launch,0_1,25,periodic,identity,0.9446,match,1.0,oracle,0.0,False,True,0.6511,True
paragliding-launch,0_1,26,periodic,identity,0.9461,match,1.0,oracle,0.0,False,True,0.6597,True
paragliding-launch,0_1,27,periodic,identity,0.9473,match,1.0,oracle,0.0,False,True,0.6656,True
paragliding-launch,0_1,28,periodic,identity,0.9496,match,1.0,oracle,0.0,False,True,0.6706,True
paragliding-launch,0_1,29,periodic,identity,0.9463,match,1.0,oracle,0.0,False,True,0.6722,True
paragliding-launch,0_1,30,periodic,identity,0.9371,match,1.0,oracle,0.0,False,True,0.6698,True
paragliding-launch,0_1,31,periodic,identity,0.9426,match,1.0,oracle,0.0,False,True,0.675,True
paragliding-launch,0_1,32,periodic,identity,0.942,match,1.0,oracle,0.0,False,True,0.677,True
paragliding-launch,0_1,33,periodic,identity,0.946,match,1.0,oracle,0.0,False,True,0.6839,True
paragliding-launch,0_1,34,periodic,identity,0.928,match,1.0,oracle,0.0,False,True,0.6939,True
paragliding-launch,0_1,35,periodic,identity,0.9303,match,1.0,oracle,0.0,False,True,0.6886,True
paragliding-launch,0_1,36,periodic,identity,0.9381,match,1.0,oracle,0.0,False,True,0.6737,True
paragliding-launch,0_1,37,periodic,identity,0.9459,match,1.0,oracle,0.0,False,True,0.6662,True
paragliding-launch,0_1,38,periodic,identity,0.923,match,1.0,oracle,0.0,False,True,0.6464,True
paragliding-launch,0_1,39,periodic,identity,0.9268,match,1.0,oracle,0.0,False,True,0.6364,True
paragliding-launch,0_1,40,periodic,identity,0.9162,match,1.0,oracle,0.0,False,True,0.6294,True
paragliding-launch,0_1,41,periodic,identity,0.9427,match,1.0,oracle,0.0,False,True,0.6289,True
paragliding-launch,0_1,42,periodic,identity,0.9536,match,1.0,oracle,0.0,False,True,0.6193,True
paragliding-launch,0_1,43,periodic,identity,0.9419,match,1.0,oracle,0.0,False,True,0.6019,True
paragliding-launch,0_1,44,periodic,identity,0.9188,match,1.0,oracle,0.0,False,True,0.5939,True
paragliding-launch,0_1,45,periodic,identity,0.9269,match,1.0,oracle,0.0,False,True,0.5732,True
paragliding-launch,0_1,46,periodic,identity,0.914,match,1.0,oracle,0.0,False,True,0.5626,True
paragliding-launch,0_1,47,periodic,identity,0.9353,match,1.0,oracle,0.0,False,True,0.5432,True
paragliding-launch,0_1,48,periodic,identity,0.9344,match,1.0,oracle,0.0,False,True,0.5395,True
paragliding-launch,0_1,49,periodic,identity,0.9222,match,1.0,oracle,0.0,False,True,0.5322,True
paragliding-launch,0_1,50,periodic,identity,0.9153,match,1.0,oracle,0.0,False,True,0.5265,True
paragliding-launch,0_1,51,periodic,identity,0.9287,match,1.0,oracle,0.0,False,True,0.5111,True
paragliding-launch,0_1,52,periodic,identity,0.9127,no_match,1.0,oracle,0.0,False,True,0.4963,True
paragliding-launch,0_1,53,periodic,identity,0.9194,no_match,1.0,oracle,0.0,False,True,0.4862,True
paragliding-launch,0_1,54,periodic,identity,0.9169,no_match,1.0,oracle,0.0,False,True,0.455,True
paragliding-launch,0_1,55,periodic,identity,0.9122,no_match,1.0,oracle,0.0,False,True,0.4586,True
paragliding-launch,0_1,56,periodic,identity,0.9136,no_match,1.0,oracle,0.0,False,True,0.4613,True
paragliding-launch,0_1,57,periodic,identity,0.9193,no_match,1.0,oracle,0.0,False,True,0.4491,True
paragliding-launch,0_1,58,periodic,identity,0.9093,no_match,1.0,oracle,0.0,False,True,0.4662,True
paragliding-launch,0_1,59,periodic,identity,0.9358,no_match,1.0,oracle,0.0,False,True,0.4582,True
paragliding-launch,0_1,60,periodic,identity,0.9176,no_match,1.0,oracle,0.0,False,True,0.4627,True
paragliding-launch,0_1,61,periodic,identity,0.9275,no_match,1.0,oracle,0.0,False,True,0.4611,True
paragliding-launch,0_1,62,periodic,identity,0.9256,no_match,1.0,oracle,0.0,False,True,0.4728,True
paragliding-launch,0_1,63,periodic,identity,0.9359,no_match,1.0,oracle,0.0,False,True,0.4797,True
paragliding-launch,0_1,64,periodic,identity,0.9441,match,1.0,oracle,0.0,False,True,0.5065,True
paragliding-launch,0_1,65,periodic,identity,0.9422,match,1.0,oracle,0.0,False,True,0.5115,True
paragliding-launch,0_1,66,periodic,identity,0.9422,match,1.0,oracle,0.0,False,True,0.5246,True
paragliding-launch,0_1,67,periodic,identity,0.9444,match,1.0,oracle,0.0,False,True,0.5419,True
paragliding-launch,0_1,68,periodic,identity,0.9588,match,1.0,oracle,0.0,False,True,0.542,True
paragliding-launch,0_1,69,periodic,identity,0.9456,match,1.0,oracle,0.0,False,True,0.5548,True
paragliding-launch,0_1,70,periodic,identity,0.9602,match,1.0,oracle,0.0,False,True,0.5643,True
paragliding-launch,0_1,71,periodic,identity,0.9649,match,1.0,oracle,0.0,False,True,0.57,True
paragliding-launch,0_1,72,periodic,identity,0.9518,match,1.0,oracle,0.0,False,True,0.5939,True
paragliding-launch,0_1,73,periodic,identity,0.9538,match,1.0,oracle,0.0,False,True,0.6133,True
paragliding-launch,0_1,74,periodic,identity,0.9404,match,1.0,oracle,0.0,False,True,0.6344,True
paragliding-launch,0_1,75,periodic,identity,0.9364,match,1.0,oracle,0.0,False,True,0.6323,True
paragliding-launch,0_1,76,periodic,identity,0.9101,match,1.0,oracle,0.0,False,True,0.6441,True
paragliding-launch,0_1,77,periodic,identity,0.9389,match,1.0,oracle,0.0,False,True,0.6525,True
paragliding-launch,0_1,78,periodic,identity,0.9299,match,1.0,oracle,0.0,False,True,0.6364,True
paragliding-launch,0_1,79,periodic,identity,0.9296,match,1.0,oracle,0.0,False,True,0.6422,True
paragliding-launch,0_2,1,periodic,identity,0.9348,no_match,1.0,oracle,0.0,False,True,0.4016,True
paragliding-launch,0_2,2,periodic,identity,0.9317,no_match,1.0,oracle,0.0,False,True,0.4588,True
paragliding-launch,0_2,3,periodic,identity,0.9453,no_match,1.0,oracle,0.0,False,True,0.4665,True
paragliding-launch,0_2,4,periodic,identity,0.918,no_match,1.0,oracle,0.0,False,True,0.4073,True
paragliding-launch,0_2,5,periodic,identity,0.9472,no_match,1.0,oracle,0.0,False,True,0.4038,True
paragliding-launch,0_2,6,periodic,identity,0.9598,no_match,1.0,oracle,0.0,False,True,0.3944,True
paragliding-launch,0_2,7,periodic,identity,0.9495,no_match,1.0,oracle,0.0,False,True,0.3791,True
paragliding-launch,0_2,8,periodic,identity,0.9372,no_match,1.0,oracle,0.0,False,True,0.3759,True
paragliding-launch,0_2,9,periodic,identity,0.931,no_match,1.0,oracle,0.0,False,True,0.3612,True
paragliding-launch,0_2,10,periodic,identity,0.9287,no_match,1.0,oracle,0.0,False,True,0.3474,True
paragliding-launch,0_2,11,periodic,identity,0.9393,no_match,1.0,oracle,0.0,False,True,0.3214,True
paragliding-launch,0_2,12,periodic,identity,0.94,no_match,1.0,oracle,0.0,False,True,0.3092,True
paragliding-launch,0_2,13,periodic,identity,0.9432,no_match,1.0,oracle,0.0,False,True,0.2995,True
paragliding-launch,0_2,14,periodic,identity,0.931,no_match,1.0,oracle,0.0,False,True,0.2972,True
paragliding-launch,0_2,15,periodic,identity,0.9202,no_match,1.0,oracle,0.0,False,True,0.2804,True
paragliding-launch,0_2,16,periodic,identity,0.9303,no_match,1.0,oracle,0.0,False,True,0.299,True
paragliding-launch,0_2,17,periodic,identity,0.9257,no_match,1.0,oracle,0.0,False,True,0.3156,True
paragliding-launch,0_2,18,periodic,identity,0.9322,no_match,1.0,oracle,0.0,False,True,0.3043,True
paragliding-launch,0_2,19,periodic,identity,0.9384,no_match,1.0,oracle,0.0,False,True,0.2934,True
paragliding-launch,0_2,20,periodic,identity,0.9473,no_match,1.0,oracle,0.0,False,True,0.2961,True
paragliding-launch,0_2,21,periodic,identity,0.9559,no_match,1.0,oracle,0.0,False,True,0.3143,True
paragliding-launch,0_2,22,periodic,identity,0.9416,no_match,1.0,oracle,0.0,False,True,0.3284,True
paragliding-launch,0_2,23,periodic,identity,0.946,no_match,1.0,oracle,0.0,False,True,0.3344,True
paragliding-launch,0_2,24,periodic,identity,0.9514,no_match,1.0,oracle,0.0,False,True,0.327,True
paragliding-launch,0_2,25,periodic,identity,0.9431,no_match,1.0,oracle,0.0,False,True,0.3196,True
paragliding-launch,0_2,26,periodic,identity,0.945,no_match,1.0,oracle,0.0,False,True,0.3071,True
paragliding-launch,0_2,27,periodic,identity,0.9462,no_match,1.0,oracle,0.0,False,True,0.3039,True
paragliding-launch,0_2,28,periodic,identity,0.9485,no_match,1.0,oracle,0.0,False,True,0.2957,True
paragliding-launch,0_2,29,periodic,identity,0.9449,no_match,1.0,oracle,0.0,False,True,0.2885,True
paragliding-launch,0_2,30,periodic,identity,0.9373,no_match,1.0,oracle,0.0,False,True,0.289,True
paragliding-launch,0_2,31,periodic,identity,0.9429,no_match,1.0,oracle,0.0,False,True,0.2863,True
paragliding-launch,0_2,32,periodic,identity,0.9427,no_match,1.0,oracle,0.0,False,True,0.2873,True
paragliding-launch,0_2,33,periodic,identity,0.9454,no_match,1.0,oracle,0.0,False,True,0.2745,True
paragliding-launch,0_2,34,periodic,identity,0.9276,no_match,1.0,oracle,0.0,False,True,0.2707,True
paragliding-launch,0_2,35,periodic,identity,0.9352,no_match,1.0,oracle,0.0,False,True,0.2816,True
paragliding-launch,0_2,36,periodic,identity,0.9382,no_match,1.0,oracle,0.0,False,True,0.2969,True
paragliding-launch,0_2,37,periodic,identity,0.9457,no_match,1.0,oracle,0.0,False,True,0.3064,True
paragliding-launch,0_2,38,periodic,identity,0.9347,no_match,1.0,oracle,0.0,False,True,0.3221,True
paragliding-launch,0_2,39,periodic,identity,0.9327,no_match,1.0,oracle,0.0,False,True,0.331,True
paragliding-launch,0_2,40,periodic,identity,0.9347,no_match,1.0,oracle,0.0,False,True,0.3377,True
paragliding-launch,0_2,41,periodic,identity,0.9518,no_match,1.0,oracle,0.0,False,True,0.34,True
paragliding-launch,0_2,42,periodic,identity,0.96,no_match,1.0,oracle,0.0,False,True,0.3439,True
paragliding-launch,0_2,43,periodic,identity,0.9419,no_match,1.0,oracle,0.0,False,True,0.342,True
paragliding-launch,0_2,44,periodic,identity,0.9263,no_match,1.0,oracle,0.0,False,True,0.3419,True
paragliding-launch,0_2,45,periodic,identity,0.9324,no_match,1.0,oracle,0.0,False,True,0.3508,True
paragliding-launch,0_2,46,periodic,identity,0.9384,no_match,1.0,oracle,0.0,False,True,0.3549,True
paragliding-launch,0_2,47,periodic,identity,0.9414,no_match,1.0,oracle,0.0,False,True,0.3544,True
paragliding-launch,0_2,48,periodic,identity,0.9377,no_match,1.0,oracle,0.0,False,True,0.3659,True
paragliding-launch,0_2,49,periodic,identity,0.9212,no_match,1.0,oracle,0.0,False,True,0.3705,True
paragliding-launch,0_2,50,periodic,identity,0.9134,no_match,1.0,oracle,0.0,False,True,0.3753,True
paragliding-launch,0_2,51,periodic,identity,0.9328,no_match,1.0,oracle,0.0,False,True,0.393,True
paragliding-launch,0_2,52,periodic,identity,0.9272,no_match,1.0,oracle,0.0,False,True,0.3938,True
paragliding-launch,0_2,53,periodic,identity,0.9311,no_match,1.0,oracle,0.0,False,True,0.396,True
paragliding-launch,0_2,54,periodic,identity,0.9168,no_match,1.0,oracle,0.0,False,True,0.388,True
paragliding-launch,0_2,55,periodic,identity,0.9128,no_match,1.0,oracle,0.0,False,True,0.4108,True
paragliding-launch,0_2,56,periodic,identity,0.9171,no_match,1.0,oracle,0.0,False,True,0.4107,True
paragliding-launch,0_2,57,periodic,identity,0.9133,no_match,1.0,oracle,0.0,False,True,0.4173,True
paragliding-launch,0_2,58,periodic,identity,0.9263,no_match,1.0,oracle,0.0,False,True,0.4245,True
paragliding-launch,0_2,59,periodic,identity,0.9388,no_match,1.0,oracle,0.0,False,True,0.4314,True
paragliding-launch,0_2,60,periodic,identity,0.9327,no_match,1.0,oracle,0.0,False,True,0.4369,True
paragliding-launch,0_2,61,periodic,identity,0.9363,no_match,1.0,oracle,0.0,False,True,0.4477,True
paragliding-launch,0_2,62,periodic,identity,0.9336,no_match,1.0,oracle,0.0,False,True,0.4397,True
paragliding-launch,0_2,63,periodic,identity,0.9415,no_match,1.0,oracle,0.0,False,True,0.4299,True
paragliding-launch,0_2,64,periodic,identity,0.9472,no_match,1.0,oracle,0.0,False,True,0.4201,True
paragliding-launch,0_2,65,periodic,identity,0.9419,no_match,1.0,oracle,0.0,False,True,0.4087,True
paragliding-launch,0_2,66,periodic,identity,0.9428,no_match,1.0,oracle,0.0,False,True,0.3932,True
paragliding-launch,0_2,67,periodic,identity,0.9434,no_match,1.0,oracle,0.0,False,True,0.392,True
paragliding-launch,0_2,68,periodic,identity,0.9578,no_match,1.0,oracle,0.0,False,True,0.3893,True
paragliding-launch,0_2,69,periodic,identity,0.9636,no_match,1.0,oracle,0.0,False,True,0.3866,True
paragliding-launch,0_2,70,periodic,identity,0.959,no_match,1.0,oracle,0.0,False,True,0.3875,True
paragliding-launch,0_2,71,periodic,identity,0.9654,no_match,1.0,oracle,0.0,False,True,0.3809,True
paragliding-launch,0_2,72,periodic,identity,0.9533,no_match,1.0,oracle,0.0,False,True,0.3649,True
paragliding-launch,0_2,73,periodic,identity,0.9524,no_match,1.0,oracle,0.0,False,True,0.3519,True
paragliding-launch,0_2,74,periodic,identity,0.9544,no_match,1.0,oracle,0.0,False,True,0.3353,True
paragliding-launch,0_2,75,periodic,identity,0.9371,no_match,1.0,oracle,0.0,False,True,0.3333,True
paragliding-launch,0_2,76,periodic,identity,0.9312,no_match,1.0,oracle,0.0,False,True,0.314,True
paragliding-launch,0_2,77,periodic,identity,0.9531,no_match,1.0,oracle,0.0,False,True,0.3101,True
paragliding-launch,0_2,78,periodic,identity,0.9516,no_match,1.0,oracle,0.0,False,True,0.3135,True
paragliding-launch,0_2,79,periodic,identity,0.9411,no_match,1.0,oracle,0.0,False,True,0.3172,True
paragliding-launch,0_3,1,periodic,identity,0.9247,no_match,1.0,oracle,0.0,False,True,0.0006,True
paragliding-launch,0_3,2,periodic,identity,0.932,no_match,1.0,oracle,0.0,False,True,0.0008,True
paragliding-launch,0_3,3,periodic,identity,0.9431,no_match,1.0,oracle,0.0,False,True,0.0009,True
paragliding-launch,0_3,4,periodic,identity,0.914,no_match,1.0,oracle,0.0,False,True,0.0009,True
paragliding-launch,0_3,5,periodic,identity,0.9447,no_match,1.0,oracle,0.0,False,True,0.0008,True
paragliding-launch,0_3,6,periodic,identity,0.9618,no_match,1.0,oracle,0.0,False,True,0.0017,True
paragliding-launch,0_3,7,periodic,identity,0.9482,no_match,1.0,oracle,0.0,False,True,0.0018,True
paragliding-launch,0_3,8,periodic,identity,0.9355,no_match,1.0,oracle,0.0,False,True,0.0016,True
paragliding-launch,0_3,9,periodic,identity,0.93,no_match,1.0,oracle,0.0,False,True,0.0016,True
paragliding-launch,0_3,10,periodic,identity,0.922,no_match,1.0,oracle,0.0,False,True,0.0019,True
paragliding-launch,0_3,11,periodic,identity,0.941,no_match,1.0,oracle,0.0,False,True,0.0018,True
paragliding-launch,0_3,12,periodic,identity,0.9407,no_match,1.0,oracle,0.0,False,True,0.0024,True
paragliding-launch,0_3,13,periodic,identity,0.9409,no_match,1.0,oracle,0.0,False,True,0.0016,True
paragliding-launch,0_3,14,periodic,identity,0.931,no_match,1.0,oracle,0.0,False,True,0.0016,True
paragliding-launch,0_3,15,periodic,identity,0.922,no_match,1.0,oracle,0.0,False,True,0.0016,True
paragliding-launch,0_3,16,periodic,identity,0.9308,no_match,1.0,oracle,0.0,False,True,0.0022,True
paragliding-launch,0_3,17,periodic,identity,0.9263,no_match,1.0,oracle,0.0,False,True,0.0024,True
paragliding-launch,0_3,18,periodic,identity,0.9247,no_match,1.0,oracle,0.0,False,True,0.0013,True
paragliding-launch,0_3,19,periodic,identity,0.932,no_match,1.0,oracle,0.0,False,True,0.0011,True
paragliding-launch,0_3,20,periodic,identity,0.9421,no_match,1.0,oracle,0.0,False,True,0.0006,True
paragliding-launch,0_3,21,periodic,identity,0.948,no_match,1.0,oracle,0.0,False,True,0.0003,True
paragliding-launch,0_3,22,periodic,identity,0.9323,no_match,1.0,oracle,0.0,False,True,0.0007,True
paragliding-launch,0_3,23,periodic,identity,0.9294,no_match,1.0,oracle,0.0,False,True,0.0002,True
paragliding-launch,0_3,24,periodic,identity,0.9515,no_match,1.0,oracle,0.0,False,True,0.0002,True
paragliding-launch,0_3,25,periodic,identity,0.9412,no_match,1.0,oracle,0.0,False,True,0.0001,True
paragliding-launch,0_3,26,periodic,identity,0.9457,no_match,1.0,oracle,0.0,False,True,0.0001,True
paragliding-launch,0_3,27,periodic,identity,0.9468,no_match,1.0,oracle,0.0,False,True,0.0003,True
paragliding-launch,0_3,28,periodic,identity,0.9497,no_match,1.0,oracle,0.0,False,True,0.0005,True
paragliding-launch,0_3,29,periodic,identity,0.9463,no_match,1.0,oracle,0.0,False,True,0.0003,True
paragliding-launch,0_3,30,periodic,identity,0.9378,no_match,1.0,oracle,0.0,False,True,0.0006,True
paragliding-launch,0_3,31,periodic,identity,0.943,no_match,1.0,oracle,0.0,False,True,0.0009,True
paragliding-launch,0_3,32,periodic,identity,0.9426,no_match,1.0,oracle,0.0,False,True,0.0015,True
paragliding-launch,0_3,33,periodic,identity,0.9459,no_match,1.0,oracle,0.0,False,True,0.001,True
paragliding-launch,0_3,34,periodic,identity,0.9281,no_match,1.0,oracle,0.0,False,True,0.0011,True
paragliding-launch,0_3,35,periodic,identity,0.926,no_match,1.0,oracle,0.0,False,True,0.0009,True
paragliding-launch,0_3,36,periodic,identity,0.9333,no_match,1.0,oracle,0.0,False,True,0.0017,True
paragliding-launch,0_3,37,periodic,identity,0.9384,no_match,1.0,oracle,0.0,False,True,0.0013,True
paragliding-launch,0_3,38,periodic,identity,0.9232,no_match,1.0,oracle,0.0,False,True,0.0006,True
paragliding-launch,0_3,39,periodic,identity,0.9207,no_match,1.0,oracle,0.0,False,True,0.0006,True
paragliding-launch,0_3,40,periodic,identity,0.9219,no_match,1.0,oracle,0.0,False,True,0.0015,True
paragliding-launch,0_3,41,periodic,identity,0.9397,no_match,1.0,oracle,0.0,False,True,0.0014,True
paragliding-launch,0_3,42,periodic,identity,0.9604,no_match,1.0,oracle,0.0,False,True,0.0009,True
paragliding-launch,0_3,43,periodic,identity,0.9427,no_match,1.0,oracle,0.0,False,True,0.0016,True
paragliding-launch,0_3,44,periodic,identity,0.9119,no_match,1.0,oracle,0.0,False,True,0.0014,True
paragliding-launch,0_3,45,periodic,identity,0.9283,no_match,1.0,oracle,0.0,False,True,0.0012,True
paragliding-launch,0_3,46,periodic,identity,0.9306,no_match,1.0,oracle,0.0,False,True,0.0021,True
paragliding-launch,0_3,47,periodic,identity,0.9362,no_match,1.0,oracle,0.0,False,True,0.0012,True
paragliding-launch,0_3,48,periodic,identity,0.9382,no_match,1.0,oracle,0.0,False,True,0.001,True
paragliding-launch,0_3,49,periodic,identity,0.9201,no_match,1.0,oracle,0.0,False,True,0.0014,True
paragliding-launch,0_3,50,periodic,identity,0.9144,no_match,1.0,oracle,0.0,False,True,0.002,True
paragliding-launch,0_3,51,periodic,identity,0.9343,no_match,1.0,oracle,0.0,False,True,0.0019,True
paragliding-launch,0_3,52,periodic,identity,0.928,no_match,1.0,oracle,0.0,False,True,0.0016,True
paragliding-launch,0_3,53,periodic,identity,0.9306,no_match,1.0,oracle,0.0,False,True,0.0016,True
paragliding-launch,0_3,54,periodic,identity,0.9173,no_match,1.0,oracle,0.0,False,True,0.0017,True
paragliding-launch,0_3,55,periodic,identity,0.912,no_match,1.0,oracle,0.0,False,True,0.0016,True
paragliding-launch,0_3,56,periodic,identity,0.9169,no_match,1.0,oracle,0.0,False,True,0.0015,True
paragliding-launch,0_3,57,periodic,identity,0.9181,no_match,1.0,oracle,0.0,False,True,0.0003,True
paragliding-launch,0_3,58,periodic,identity,0.9272,no_match,1.0,oracle,0.0,False,True,0.0003,True
paragliding-launch,0_3,59,periodic,identity,0.9355,no_match,1.0,oracle,0.0,False,True,0.0001,True
paragliding-launch,0_3,60,periodic,identity,0.9331,no_match,1.0,oracle,0.0,False,True,0.0003,True
paragliding-launch,0_3,61,periodic,identity,0.9374,no_match,1.0,oracle,0.0,False,True,0.0008,True
paragliding-launch,0_3,62,periodic,identity,0.9338,no_match,1.0,oracle,0.0,False,True,0.0002,True
paragliding-launch,0_3,63,periodic,identity,0.9423,no_match,1.0,oracle,0.0,False,True,0.0003,True
paragliding-launch,0_3,64,periodic,identity,0.948,no_match,1.0,oracle,0.0,False,True,0.0001,True
paragliding-launch,0_3,65,periodic,identity,0.9423,no_match,1.0,oracle,0.0,False,True,0.0008,True
paragliding-launch,0_3,66,periodic,identity,0.9425,no_match,1.0,oracle,0.0,False,True,0.0003,True
paragliding-launch,0_3,67,periodic,identity,0.9445,no_match,1.0,oracle,0.0,False,True,0.0002,True
paragliding-launch,0_3,68,periodic,identity,0.9585,no_match,1.0,oracle,0.0,False,True,0.0001,True
paragliding-launch,0_3,69,periodic,identity,0.965,no_match,1.0,oracle,0.0,False,True,0.0001,True
paragliding-launch,0_3,70,periodic,identity,0.961,no_match,1.0,oracle,0.0,False,True,0.0001,True
paragliding-launch,0_3,71,periodic,identity,0.966,no_match,1.0,oracle,0.0,False,True,0.0006,True
paragliding-launch,0_3,72,periodic,identity,0.953,no_match,1.0,oracle,0.0,False,True,0.0002,True
paragliding-launch,0_3,73,periodic,identity,0.9478,no_match,1.0,oracle,0.0,False,True,0.0,True
paragliding-launch,0_3,74,periodic,identity,0.9425,no_match,1.0,oracle,0.0,False,True,0.0001,True
paragliding-launch,0_3,75,periodic,identity,0.9355,no_match,1.0,oracle,0.0,False,True,0.0005,True
paragliding-launch,0_3,76,periodic,identity,0.9198,no_match,1.0,oracle,0.0,False,True,0.0005,True
paragliding-launch,0_3,77,periodic,identity,0.9288,no_match,1.0,oracle,0.0,False,True,0.0006,True
paragliding-launch,0_3,78,periodic,identity,0.9266,no_match,1.0,oracle,0.0,False,True,0.0004,True
paragliding-launch,0_3,79,periodic,identity,0.9284,no_match,1.0,oracle,0.0,False,True,0.0002,True
parkour,0_1,1,periodic,identity,0.9077,match,1.0,oracle,0.0,False,True,0.9145,True
parkour,0_1,2,periodic,identity,0.9235,match,1.0,oracle,0.0,False,True,0.9177,True
parkour,0_1,3,periodic,identity,0.9115,match,1.0,oracle,0.0,False,True,0.9185,True
parkour,0_1,4,periodic,identity,0.8778,match,1.0,oracle,0.0,False,True,0.9248,True
parkour,0_1,5,periodic,identity,0.8599,match,1.0,oracle,0.0,False,True,0.9301,True
parkour,0_1,6,periodic,identity,0.8942,match,1.0,oracle,0.0,False,True,0.9261,True
parkour,0_1,7,periodic,identity,0.9121,match,1.0,oracle,0.0,False,True,0.927,True
parkour,0_1,8,periodic,identity,0.9043,match,1.0,oracle,0.0,False,True,0.9211,True
parkour,0_1,9,periodic,identity,0.9096,match,1.0,oracle,0.0,False,True,0.9081,True
parkour,0_1,10,periodic,identity,0.8765,match,1.0,oracle,0.0,False,True,0.926,True
parkour,0_1,11,periodic,identity,0.9016,match,1.0,oracle,0.0,False,True,0.9279,True
parkour,0_1,12,periodic,identity,0.8976,match,1.0,oracle,0.0,False,True,0.9419,True
parkour,0_1,13,periodic,identity,0.9055,match,1.0,oracle,0.0,False,True,0.9461,True
parkour,0_1,14,periodic,identity,0.9038,match,1.0,oracle,0.0,False,True,0.9433,True
parkour,0_1,15,periodic,identity,0.8487,match,1.0,oracle,0.0,False,True,0.9421,True
parkour,0_1,16,periodic,identity,0.9139,match,1.0,oracle,0.0,False,True,0.9553,True
parkour,0_1,17,periodic,identity,0.9026,match,1.0,oracle,0.0,False,True,0.9478,True
parkour,0_1,18,periodic,identity,0.8639,match,1.0,oracle,0.0,False,True,0.9323,True
parkour,0_1,19,periodic,identity,0.8653,match,1.0,oracle,0.0,False,True,0.9389,True
parkour,0_1,20,periodic,identity,0.8798,match,1.0,oracle,0.0,False,True,0.9396,True
parkour,0_1,21,periodic,identity,0.9089,match,1.0,oracle,0.0,False,True,0.9373,True
parkour,0_1,22,periodic,identity,0.9333,match,1.0,oracle,0.0,False,True,0.9373,True
parkour,0_1,23,periodic,identity,0.9172,match,1.0,oracle,0.0,False,True,0.9475,True
parkour,0_1,24,periodic,identity,0.9259,match,1.0,oracle,0.0,False,True,0.947,True
parkour,0_1,25,periodic,identity,0.9157,match,1.0,oracle,0.0,False,True,0.9622,True
parkour,0_1,26,periodic,identity,0.9019,match,1.0,oracle,0.0,False,True,0.9547,True
parkour,0_1,27,periodic,identity,0.8866,match,1.0,oracle,0.0,False,True,0.9468,True
parkour,0_1,28,periodic,identity,0.91,match,1.0,oracle,0.0,False,True,0.9542,True
parkour,0_1,29,periodic,identity,0.9058,match,1.0,oracle,0.0,False,True,0.9382,True
parkour,0_1,30,periodic,identity,0.8974,match,1.0,oracle,0.0,False,True,0.9493,True
parkour,0_1,31,periodic,identity,0.9152,match,1.0,oracle,0.0,False,True,0.9419,True
parkour,0_1,32,periodic,identity,0.9127,match,1.0,oracle,0.0,False,True,0.9361,True
parkour,0_1,33,periodic,identity,0.9093,match,1.0,oracle,0.0,False,True,0.9526,True
parkour,0_1,34,periodic,identity,0.9246,match,1.0,oracle,0.0,False,True,0.9459,True
parkour,0_1,35,periodic,identity,0.9185,match,1.0,oracle,0.0,False,True,0.9417,True
parkour,0_1,36,periodic,identity,0.9302,match,1.0,oracle,0.0,False,True,0.9499,True
parkour,0_1,37,periodic,identity,0.9333,match,1.0,oracle,0.0,False,True,0.9501,True
parkour,0_1,38,periodic,identity,0.9243,match,1.0,oracle,0.0,False,True,0.952,True
parkour,0_1,39,periodic,identity,0.915,match,1.0,oracle,0.0,False,True,0.9475,True
parkour,0_1,40,periodic,identity,0.8902,match,1.0,oracle,0.0,False,True,0.9505,True
parkour,0_1,41,periodic,identity,0.8922,match,1.0,oracle,0.0,False,True,0.9437,True
parkour,0_1,42,periodic,identity,0.8871,match,1.0,oracle,0.0,False,True,0.9531,True
parkour,0_1,43,periodic,identity,0.8572,match,1.0,oracle,0.0,False,True,0.9617,True
parkour,0_1,44,periodic,identity,0.8281,match,1.0,oracle,0.0,False,True,0.9634,True
parkour,0_1,45,periodic,identity,0.83,match,1.0,oracle,0.0,False,True,0.9689,True
parkour,0_1,46,periodic,identity,0.8858,match,1.0,oracle,0.0,False,True,0.9667,True
parkour,0_1,47,periodic,identity,0.8769,match,1.0,oracle,0.0,False,True,0.9709,True
parkour,0_1,48,periodic,identity,0.9001,match,1.0,oracle,0.0,False,True,0.9634,True
parkour,0_1,49,periodic,identity,0.9177,match,1.0,oracle,0.0,False,True,0.9617,True
parkour,0_1,50,periodic,identity,0.93,match,1.0,oracle,0.0,False,True,0.9606,True
parkour,0_1,51,periodic,identity,0.8948,match,1.0,oracle,0.0,False,True,0.9618,True
parkour,0_1,52,periodic,identity,0.8702,match,1.0,oracle,0.0,False,True,0.9641,True
parkour,0_1,53,periodic,identity,0.8732,match,1.0,oracle,0.0,False,True,0.9673,True
parkour,0_1,54,periodic,identity,0.8885,match,1.0,oracle,0.0,False,True,0.9531,True
parkour,0_1,55,periodic,identity,0.8989,match,1.0,oracle,0.0,False,True,0.9576,True
parkour,0_1,56,periodic,identity,0.9043,match,1.0,oracle,0.0,False,True,0.9567,True
parkour,0_1,57,periodic,identity,0.9064,match,1.0,oracle,0.0,False,True,0.9656,True
parkour,0_1,58,periodic,identity,0.899,match,1.0,oracle,0.0,False,True,0.9643,True
parkour,0_1,59,periodic,identity,0.8787,match,1.0,oracle,0.0,False,True,0.9668,True
parkour,0_1,60,periodic,identity,0.8659,match,1.0,oracle,0.0,False,True,0.9618,True
parkour,0_1,61,periodic,identity,0.8677,match,1.0,oracle,0.0,False,True,0.943,True
parkour,0_1,62,periodic,identity,0.9071,match,1.0,oracle,0.0,False,True,0.9678,True
parkour,0_1,63,periodic,identity,0.905,match,1.0,oracle,0.0,False,True,0.9712,True
parkour,0_1,64,periodic,identity,0.9198,match,1.0,oracle,0.0,False,True,0.9659,True
parkour,0_1,65,periodic,identity,0.9039,match,1.0,oracle,0.0,False,True,0.9714,True
parkour,0_1,66,periodic,identity,0.9059,match,1.0,oracle,0.0,False,True,0.9673,True
parkour,0_1,67,periodic,identity,0.8881,match,1.0,oracle,0.0,False,True,0.9647,True
parkour,0_1,68,periodic,identity,0.8798,match,1.0,oracle,0.0,False,True,0.9617,True
parkour,0_1,69,periodic,identity,0.8912,match,1.0,oracle,0.0,False,True,0.952,True
parkour,0_1,70,periodic,identity,0.8853,match,1.0,oracle,0.0,False,True,0.9686,True
parkour,0_1,71,periodic,identity,0.9278,match,1.0,oracle,0.0,False,True,0.9683,True
parkour,0_1,72,periodic,identity,0.8847,match,1.0,oracle,0.0,False,True,0.9753,True
parkour,0_1,73,periodic,identity,0.9107,match,1.0,oracle,0.0,False,True,0.972,True
parkour,0_1,74,periodic,identity,0.907,match,1.0,oracle,0.0,False,True,0.9702,True
parkour,0_1,75,periodic,identity,0.9154,match,1.0,oracle,0.0,False,True,0.9673,True
parkour,0_1,76,periodic,identity,0.899,match,1.0,oracle,0.0,False,True,0.9638,True
parkour,0_1,77,periodic,identity,0.8545,match,1.0,oracle,0.0,False,True,0.9655,True
parkour,0_1,78,periodic,identity,0.877,match,1.0,oracle,0.0,False,True,0.9656,True
parkour,0_1,79,periodic,identity,0.8677,match,1.0,oracle,0.0,False,True,0.9582,True
parkour,0_1,80,periodic,identity,0.838,match,1.0,oracle,0.0,False,True,0.959,True
parkour,0_1,81,periodic,identity,0.8867,match,1.0,oracle,0.0,False,True,0.9482,True
parkour,0_1,82,periodic,identity,0.8959,match,1.0,oracle,0.0,False,True,0.9629,True
parkour,0_1,83,periodic,identity,0.8903,match,1.0,oracle,0.0,False,True,0.9609,True
parkour,0_1,84,periodic,identity,0.8937,match,1.0,oracle,0.0,False,True,0.9658,True
parkour,0_1,85,periodic,identity,0.9015,match,1.0,oracle,0.0,False,True,0.967,True
parkour,0_1,86,periodic,identity,0.8949,match,1.0,oracle,0.0,False,True,0.9524,True
parkour,0_1,87,periodic,identity,0.897,match,1.0,oracle,0.0,False,True,0.9447,True
parkour,0_1,88,periodic,identity,0.9171,match,1.0,oracle,0.0,False,True,0.9647,True
parkour,0_1,89,periodic,identity,0.924,match,1.0,oracle,0.0,False,True,0.9613,True
parkour,0_1,90,periodic,identity,0.9256,match,1.0,oracle,0.0,False,True,0.961,True
parkour,0_1,91,periodic,identity,0.938,match,1.0,oracle,0.0,False,True,0.943,True
parkour,0_1,92,periodic,identity,0.9462,match,1.0,oracle,0.0,False,True,0.9214,True
parkour,0_1,93,periodic,identity,0.9446,match,1.0,oracle,0.0,False,True,0.9086,True
parkour,0_1,94,periodic,identity,0.8981,match,1.0,oracle,0.0,False,True,0.9464,True
parkour,0_1,95,periodic,identity,0.9239,match,1.0,oracle,0.0,False,True,0.9378,True
parkour,0_1,96,periodic,identity,0.913,match,1.0,oracle,0.0,False,True,0.9359,True
parkour,0_1,97,periodic,identity,0.9097,match,1.0,oracle,0.0,False,True,0.9379,True
parkour,0_1,98,periodic,identity,0.8769,match,1.0,oracle,0.0,False,True,0.925,True
parkour,0_1,99,periodic,identity,0.8981,match,1.0,oracle,0.0,False,True,0.9222,True
pigs,0_1,1,periodic,identity,0.9869,no_match,1.0,oracle,0.0,False,True,0.0,True
pigs,0_1,2,periodic,identity,0.9859,no_match,1.0,oracle,0.0,False,True,0.0,True
pigs,0_1,3,periodic,identity,0.9823,no_match,1.0,oracle,0.0,False,True,0.0,True
pigs,0_1,4,periodic,identity,0.9796,no_match,1.0,oracle,0.0,False,True,0.0,True
pigs,0_1,5,periodic,identity,0.966,no_match,1.0,oracle,0.0,False,True,0.0,True
pigs,0_1,6,periodic,identity,0.9711,no_match,1.0,oracle,0.0,False,True,0.0,True
pigs,0_1,7,periodic,identity,0.9739,no_match,1.0,oracle,0.0,False,True,0.0,True
pigs,0_1,8,periodic,identity,0.9713,no_match,1.0,oracle,0.0,False,True,0.0,True
pigs,0_1,9,periodic,identity,0.9739,no_match,1.0,oracle,0.0,False,True,0.0,True
pigs,0_1,10,periodic,identity,0.9672,no_match,1.0,oracle,0.0,False,True,0.0,True
pigs,0_1,11,periodic,identity,0.9807,no_match,1.0,oracle,0.0,False,True,0.0,True
pigs,0_1,12,periodic,identity,0.9807,no_match,1.0,oracle,0.0,False,True,0.0,True
pigs,0_1,13,periodic,identity,0.9799,no_match,1.0,oracle,0.0,False,True,0.0,True
pigs,0_1,14,periodic,identity,0.9674,no_match,1.0,oracle,0.0,False,True,0.0,True
pigs,0_1,15,periodic,identity,0.9723,no_match,1.0,oracle,0.0,False,True,0.0,True
pigs,0_1,16,periodic,identity,0.9732,no_match,1.0,oracle,0.0,False,True,0.0,True
pigs,0_1,17,periodic,identity,0.9773,no_match,1.0,oracle,0.0,False,True,0.0,True
pigs,0_1,18,periodic,identity,0.9808,no_match,1.0,oracle,0.0,False,True,0.0,True
pigs,0_1,19,periodic,identity,0.9784,no_match,1.0,oracle,0.0,False,True,0.0,True
pigs,0_1,20,periodic,identity,0.976,no_match,1.0,oracle,0.0,False,True,0.0,True
pigs,0_1,21,periodic,identity,0.9772,no_match,1.0,oracle,0.0,False,True,0.0,True
pigs,0_1,22,periodic,identity,0.9714,no_match,1.0,oracle,0.0,False,True,0.0,True
pigs,0_1,23,periodic,identity,0.9726,no_match,1.0,oracle,0.0,False,True,0.0,True
pigs,0_1,24,periodic,identity,0.9583,no_match,1.0,oracle,0.0,False,True,0.0,True
pigs,0_1,25,periodic,identity,0.9715,no_match,1.0,oracle,0.0,False,True,0.0,True
pigs,0_1,26,periodic,identity,0.9764,no_match,1.0,oracle,0.0,False,True,0.0,True
pigs,0_1,27,periodic,identity,0.9684,no_match,1.0,oracle,0.0,False,True,0.0,True
pigs,0_1,28,periodic,identity,0.9754,no_match,1.0,oracle,0.0,False,True,0.0,True
pigs,0_1,29,periodic,identity,0.9742,no_match,1.0,oracle,0.0,False,True,0.0,True
pigs,0_1,30,periodic,identity,0.9755,no_match,1.0,oracle,0.0,False,True,0.0,True
pigs,0_1,31,periodic,identity,0.9771,no_match,1.0,oracle,0.0,False,True,0.0,True
pigs,0_1,32,periodic,identity,0.9702,no_match,1.0,oracle,0.0,False,True,0.0,True
pigs,0_1,33,periodic,identity,0.9642,no_match,1.0,oracle,0.0,False,True,0.0,True
pigs,0_1,34,periodic,identity,0.9689,no_match,1.0,oracle,0.0,False,True,0.0,True
pigs,0_1,35,periodic,identity,0.9749,no_match,1.0,oracle,0.0,False,True,0.0,True
pigs,0_1,36,periodic,identity,0.9809,no_match,1.0,oracle,0.0,False,True,0.0,True
pigs,0_1,37,periodic,identity,0.98,no_match,1.0,oracle,0.0,False,True,0.0,True
pigs,0_1,38,periodic,identity,0.9778,no_match,1.0,oracle,0.0,False,True,0.0,True
pigs,0_1,39,periodic,identity,0.9784,no_match,1.0,oracle,0.0,False,True,0.0,True
pigs,0_1,40,periodic,identity,0.9804,no_match,1.0,oracle,0.0,False,True,0.0,True
pigs,0_1,41,periodic,identity,0.974,no_match,1.0,oracle,0.0,False,True,0.0,True
pigs,0_1,42,periodic,identity,0.9682,no_match,1.0,oracle,0.0,False,True,0.0,True
pigs,0_1,43,periodic,identity,0.9703,no_match,1.0,oracle,0.0,False,True,0.0,True
pigs,0_1,44,periodic,identity,0.966,no_match,1.0,oracle,0.0,False,True,0.0,True
pigs,0_1,45,periodic,identity,0.938,no_match,1.0,oracle,0.0,False,True,0.0,True
pigs,0_1,46,periodic,identity,0.9402,no_match,1.0,oracle,0.0,False,True,0.0,True
pigs,0_1,47,periodic,identity,0.9365,no_match,1.0,oracle,0.0,False,True,0.0,True
pigs,0_1,48,periodic,identity,0.9275,no_match,1.0,oracle,0.0,False,True,0.0,True
pigs,0_1,49,periodic,identity,0.9292,no_match,1.0,oracle,0.0,False,True,0.0001,True
pigs,0_1,50,periodic,identity,0.93,no_match,1.0,oracle,0.0,False,True,0.0001,True
pigs,0_1,51,periodic,identity,0.9412,no_match,1.0,oracle,0.0,False,True,0.0001,True
pigs,0_1,52,periodic,identity,0.9348,no_match,1.0,oracle,0.0,False,True,0.0002,True
pigs,0_1,53,periodic,identity,0.9313,no_match,1.0,oracle,0.0,False,True,0.0001,True
pigs,0_1,54,periodic,identity,0.929,no_match,1.0,oracle,0.0,False,True,0.0001,True
pigs,0_1,55,periodic,identity,0.92,no_match,1.0,oracle,0.0,False,True,0.0,True
pigs,0_1,56,periodic,identity,0.9416,no_match,1.0,oracle,0.0,False,True,0.0,True
pigs,0_1,57,periodic,identity,0.9279,no_match,1.0,oracle,0.0,False,True,0.0001,True
pigs,0_1,58,periodic,identity,0.9259,no_match,1.0,oracle,0.0,False,True,0.0,True
pigs,0_1,59,periodic,identity,0.9352,no_match,1.0,oracle,0.0,False,True,0.0001,True
pigs,0_1,60,periodic,identity,0.9188,no_match,1.0,oracle,0.0,False,True,0.0001,True
pigs,0_1,61,periodic,identity,0.9455,no_match,1.0,oracle,0.0,False,True,0.0004,True
pigs,0_1,62,periodic,identity,0.9435,no_match,1.0,oracle,0.0,False,True,0.0003,True
pigs,0_1,63,periodic,identity,0.9386,no_match,1.0,oracle,0.0,False,True,0.0007,True
pigs,0_1,64,periodic,identity,0.9361,no_match,1.0,oracle,0.0,False,True,0.0005,True
pigs,0_1,65,periodic,identity,0.9368,no_match,1.0,oracle,0.0,False,True,0.0006,True
pigs,0_1,66,periodic,identity,0.9434,no_match,1.0,oracle,0.0,False,True,0.0006,True
pigs,0_1,67,periodic,identity,0.9408,no_match,1.0,oracle,0.0,False,True,0.0003,True
pigs,0_1,68,periodic,identity,0.9315,no_match,1.0,oracle,0.0,False,True,0.0006,True
pigs,0_1,69,periodic,identity,0.9341,no_match,1.0,oracle,0.0,False,True,0.0004,True
pigs,0_1,70,periodic,identity,0.9307,no_match,1.0,oracle,0.0,False,True,0.0006,True
pigs,0_1,71,periodic,identity,0.9396,no_match,1.0,oracle,0.0,False,True,0.0002,True
pigs,0_1,72,periodic,identity,0.9382,no_match,1.0,oracle,0.0,False,True,0.0002,True
pigs,0_1,73,periodic,identity,0.9426,no_match,1.0,oracle,0.0,False,True,0.009,True
pigs,0_1,74,periodic,identity,0.936,no_match,1.0,oracle,0.0,False,True,0.0055,True
pigs,0_1,75,periodic,identity,0.9401,no_match,1.0,oracle,0.0,False,True,0.0057,True
pigs,0_1,76,periodic,identity,0.9341,no_match,1.0,oracle,0.0,False,True,0.0042,True
pigs,0_1,77,periodic,identity,0.9419,no_match,1.0,oracle,0.0,False,True,0.0055,True
pigs,0_1,78,periodic,identity,0.9423,no_match,1.0,oracle,0.0,False,True,0.0028,True
pigs,0_2,1,periodic,identity,0.9873,no_match,1.0,oracle,0.0,False,True,0.007,True
pigs,0_2,2,periodic,identity,0.9834,no_match,1.0,oracle,0.0,False,True,0.0089,True
pigs,0_2,3,periodic,identity,0.9823,no_match,1.0,oracle,0.0,False,True,0.0099,True
pigs,0_2,4,periodic,identity,0.9805,no_match,1.0,oracle,0.0,False,True,0.0113,True
pigs,0_2,5,periodic,identity,0.9732,no_match,1.0,oracle,0.0,False,True,0.0128,True
pigs,0_2,6,periodic,identity,0.9736,no_match,1.0,oracle,0.0,False,True,0.0142,True
pigs,0_2,7,periodic,identity,0.9787,no_match,1.0,oracle,0.0,False,True,0.0115,True
pigs,0_2,8,periodic,identity,0.9739,no_match,1.0,oracle,0.0,False,True,0.011,True
pigs,0_2,9,periodic,identity,0.9739,no_match,1.0,oracle,0.0,False,True,0.0071,True
pigs,0_2,10,periodic,identity,0.9723,no_match,1.0,oracle,0.0,False,True,0.0091,True
pigs,0_2,11,periodic,identity,0.9806,no_match,1.0,oracle,0.0,False,True,0.0134,True
pigs,0_2,12,periodic,identity,0.9806,no_match,1.0,oracle,0.0,False,True,0.0168,True
pigs,0_2,13,periodic,identity,0.9798,no_match,1.0,oracle,0.0,False,True,0.0229,True
pigs,0_2,14,periodic,identity,0.9673,no_match,1.0,oracle,0.0,False,True,0.024,True
pigs,0_2,15,periodic,identity,0.9721,no_match,1.0,oracle,0.0,False,True,0.0208,True
pigs,0_2,16,periodic,identity,0.9734,no_match,1.0,oracle,0.0,False,True,0.0059,True
pigs,0_2,17,periodic,identity,0.977,no_match,1.0,oracle,0.0,False,True,0.0008,True
pigs,0_2,18,periodic,identity,0.9807,no_match,1.0,oracle,0.0,False,True,0.0004,True
pigs,0_2,19,periodic,identity,0.9785,no_match,1.0,oracle,0.0,False,True,0.0005,True
pigs,0_2,20,periodic,identity,0.976,no_match,1.0,oracle,0.0,False,True,0.0113,True
pigs,0_2,21,periodic,identity,0.9794,no_match,1.0,oracle,0.0,False,True,0.008,True
pigs,0_2,22,periodic,identity,0.98,no_match,1.0,oracle,0.0,False,True,0.0072,True
pigs,0_2,23,periodic,identity,0.9752,no_match,1.0,oracle,0.0,False,True,0.0008,True
pigs,0_2,24,periodic,identity,0.9745,no_match,1.0,oracle,0.0,False,True,0.0007,True
pigs,0_2,25,periodic,identity,0.9817,no_match,1.0,oracle,0.0,False,True,0.0004,True
pigs,0_2,26,periodic,identity,0.985,no_match,1.0,oracle,0.0,False,True,0.0004,True
pigs,0_2,27,periodic,identity,0.9749,no_match,1.0,oracle,0.0,False,True,0.0001,True
pigs,0_2,28,periodic,identity,0.9755,no_match,1.0,oracle,0.0,False,True,0.0007,True
pigs,0_2,29,periodic,identity,0.9744,no_match,1.0,oracle,0.0,False,True,0.0005,True
pigs,0_2,30,periodic,identity,0.9754,no_match,1.0,oracle,0.0,False,True,0.0007,True
pigs,0_2,31,periodic,identity,0.9773,no_match,1.0,oracle,0.0,False,True,0.0005,True
pigs,0_2,32,periodic,identity,0.9708,no_match,1.0,oracle,0.0,False,True,0.0004,True
pigs,0_2,33,periodic,identity,0.9641,no_match,1.0,oracle,0.0,False,True,0.0003,True
pigs,0_2,34,periodic,identity,0.9692,no_match,1.0,oracle,0.0,False,True,0.0029,True
pigs,0_2,35,periodic,identity,0.975,no_match,1.0,oracle,0.0,False,True,0.0051,True
pigs,0_2,36,periodic,identity,0.981,no_match,1.0,oracle,0.0,False,True,0.0048,True
pigs,0_2,37,periodic,identity,0.9801,no_match,1.0,oracle,0.0,False,True,0.0029,True
pigs,0_2,38,periodic,identity,0.978,no_match,1.0,oracle,0.0,False,True,0.0003,True
pigs,0_2,39,periodic,identity,0.9786,no_match,1.0,oracle,0.0,False,True,0.0004,True
pigs,0_2,40,periodic,identity,0.9805,no_match,1.0,oracle,0.0,False,True,0.0001,True
pigs,0_2,41,periodic,identity,0.9812,no_match,1.0,oracle,0.0,False,True,0.0002,True
pigs,0_2,42,periodic,identity,0.976,no_match,1.0,oracle,0.0,False,True,0.0014,True
pigs,0_2,43,periodic,identity,0.9774,no_match,1.0,oracle,0.0,False,True,0.0026,True
pigs,0_2,44,periodic,identity,0.9663,no_match,1.0,oracle,0.0,False,True,0.0007,True
pigs,0_2,45,periodic,identity,0.9381,no_match,1.0,oracle,0.0,False,True,0.0196,True
pigs,0_2,46,periodic,identity,0.9413,no_match,1.0,oracle,0.0,False,True,0.0237,True
pigs,0_2,47,periodic,identity,0.9364,no_match,1.0,oracle,0.0,False,True,0.023,True
pigs,0_2,48,periodic,identity,0.9271,no_match,1.0,oracle,0.0,False,True,0.0169,True
pigs,0_2,49,periodic,identity,0.929,no_match,1.0,oracle,0.0,False,True,0.0075,True
pigs,0_2,50,periodic,identity,0.9298,no_match,1.0,oracle,0.0,False,True,0.0064,True
pigs,0_2,51,periodic,identity,0.9408,no_match,1.0,oracle,0.0,False,True,0.0069,True
pigs,0_2,52,periodic,identity,0.9345,no_match,1.0,oracle,0.0,False,True,0.0022,True
pigs,0_2,53,periodic,identity,0.9311,no_match,1.0,oracle,0.0,False,True,0.0011,True
pigs,0_2,54,periodic,identity,0.9284,no_match,1.0,oracle,0.0,False,True,0.0024,True
pigs,0_2,55,periodic,identity,0.9197,no_match,1.0,oracle,0.0,False,True,0.0008,True
pigs,0_2,56,periodic,identity,0.9415,no_match,1.0,oracle,0.0,False,True,0.0006,True
pigs,0_2,57,periodic,identity,0.9272,no_match,1.0,oracle,0.0,False,True,0.0003,True
pigs,0_2,58,periodic,identity,0.9257,no_match,1.0,oracle,0.0,False,True,0.0116,True
pigs,0_2,59,periodic,identity,0.9348,no_match,1.0,oracle,0.0,False,True,0.0068,True
pigs,0_2,60,periodic,identity,0.9139,no_match,1.0,oracle,0.0,False,True,0.0011,True
pigs,0_2,61,periodic,identity,0.9455,no_match,1.0,oracle,0.0,False,True,0.0011,True
pigs,0_2,62,periodic,identity,0.9434,no_match,1.0,oracle,0.0,False,True,0.0007,True
pigs,0_2,63,periodic,identity,0.9364,no_match,1.0,oracle,0.0,False,True,0.0047,True
pigs,0_2,64,periodic,identity,0.9283,no_match,1.0,oracle,0.0,False,True,0.0064,True
pigs,0_2,65,periodic,identity,0.9353,no_match,1.0,oracle,0.0,False,True,0.0078,True
pigs,0_2,66,periodic,identity,0.94,no_match,1.0,oracle,0.0,False,True,0.0084,True
pigs,0_2,67,periodic,identity,0.9368,no_match,1.0,oracle,0.0,False,True,0.0046,True
pigs,0_2,68,periodic,identity,0.9317,no_match,1.0,oracle,0.0,False,True,0.0048,True
pigs,0_2,69,periodic,identity,0.9343,no_match,1.0,oracle,0.0,False,True,0.0064,True
pigs,0_2,70,periodic,identity,0.9304,no_match,1.0,oracle,0.0,False,True,0.0063,True
pigs,0_2,71,periodic,identity,0.9396,no_match,1.0,oracle,0.0,False,True,0.0031,True
pigs,0_2,72,periodic,identity,0.9381,no_match,1.0,oracle,0.0,False,True,0.0032,True
pigs,0_2,73,periodic,identity,0.9426,no_match,1.0,oracle,0.0,False,True,0.0054,True
pigs,0_2,74,periodic,identity,0.9363,no_match,1.0,oracle,0.0,False,True,0.0052,True
pigs,0_2,75,periodic,identity,0.9403,no_match,1.0,oracle,0.0,False,True,0.0054,True
pigs,0_2,76,periodic,identity,0.9337,no_match,1.0,oracle,0.0,False,True,0.0034,True
pigs,0_2,77,periodic,identity,0.9419,no_match,1.0,oracle,0.0,False,True,0.0046,True
pigs,0_2,78,periodic,identity,0.9423,no_match,1.0,oracle,0.0,False,True,0.0062,True
pigs,0_3,1,periodic,identity,0.9836,match,1.0,oracle,0.0,False,True,0.9569,True
pigs,0_3,2,periodic,identity,0.9782,match,1.0,oracle,0.0,False,True,0.9527,True
pigs,0_3,3,periodic,identity,0.9777,match,1.0,oracle,0.0,False,True,0.9484,True
pigs,0_3,4,periodic,identity,0.975,match,1.0,oracle,0.0,False,True,0.9443,True
pigs,0_3,5,periodic,identity,0.9647,match,1.0,oracle,0.0,False,True,0.9343,True
pigs,0_3,6,periodic,identity,0.9625,match,1.0,oracle,0.0,False,True,0.9309,True
pigs,0_3,7,periodic,identity,0.9725,match,1.0,oracle,0.0,False,True,0.9416,True
pigs,0_3,8,periodic,identity,0.9602,match,1.0,oracle,0.0,False,True,0.9468,True
pigs,0_3,9,periodic,identity,0.9646,match,1.0,oracle,0.0,False,True,0.9486,True
pigs,0_3,10,periodic,identity,0.9627,match,1.0,oracle,0.0,False,True,0.9451,True
pigs,0_3,11,periodic,identity,0.9761,match,1.0,oracle,0.0,False,True,0.9445,True
pigs,0_3,12,periodic,identity,0.9795,match,1.0,oracle,0.0,False,True,0.9398,True
pigs,0_3,13,periodic,identity,0.9796,match,1.0,oracle,0.0,False,True,0.9301,True
pigs,0_3,14,periodic,identity,0.9676,match,1.0,oracle,0.0,False,True,0.9323,True
pigs,0_3,15,periodic,identity,0.9722,match,1.0,oracle,0.0,False,True,0.9362,True
pigs,0_3,16,periodic,identity,0.9733,match,1.0,oracle,0.0,False,True,0.9483,True
pigs,0_3,17,periodic,identity,0.9739,match,1.0,oracle,0.0,False,True,0.9579,True
pigs,0_3,18,periodic,identity,0.9767,match,1.0,oracle,0.0,False,True,0.9612,True
pigs,0_3,19,periodic,identity,0.9728,match,1.0,oracle,0.0,False,True,0.9617,True
pigs,0_3,20,periodic,identity,0.9759,match,1.0,oracle,0.0,False,True,0.9501,True
pigs,0_3,21,periodic,identity,0.972,match,1.0,oracle,0.0,False,True,0.9599,True
pigs,0_3,22,periodic,identity,0.9758,match,1.0,oracle,0.0,False,True,0.9627,True
pigs,0_3,23,periodic,identity,0.9708,match,1.0,oracle,0.0,False,True,0.9645,True
pigs,0_3,24,periodic,identity,0.9588,match,1.0,oracle,0.0,False,True,0.9712,True
pigs,0_3,25,periodic,identity,0.9719,match,1.0,oracle,0.0,False,True,0.9706,True
pigs,0_3,26,periodic,identity,0.9755,match,1.0,oracle,0.0,False,True,0.9692,True
pigs,0_3,27,periodic,identity,0.9691,match,1.0,oracle,0.0,False,True,0.9641,True
pigs,0_3,28,periodic,identity,0.9754,match,1.0,oracle,0.0,False,True,0.9583,True
pigs,0_3,29,periodic,identity,0.9723,match,1.0,oracle,0.0,False,True,0.9528,True
pigs,0_3,30,periodic,identity,0.972,match,1.0,oracle,0.0,False,True,0.957,True
pigs,0_3,31,periodic,identity,0.9773,match,1.0,oracle,0.0,False,True,0.9603,True
pigs,0_3,32,periodic,identity,0.9702,match,1.0,oracle,0.0,False,True,0.9605,True
pigs,0_3,33,periodic,identity,0.9642,match,1.0,oracle,0.0,False,True,0.9645,True
pigs,0_3,34,periodic,identity,0.9682,match,1.0,oracle,0.0,False,True,0.9632,True
pigs,0_3,35,periodic,identity,0.9748,match,1.0,oracle,0.0,False,True,0.9621,True
pigs,0_3,36,periodic,identity,0.9764,match,1.0,oracle,0.0,False,True,0.9703,True
pigs,0_3,37,periodic,identity,0.9802,match,1.0,oracle,0.0,False,True,0.9713,True
pigs,0_3,38,periodic,identity,0.9738,match,1.0,oracle,0.0,False,True,0.9758,True
pigs,0_3,39,periodic,identity,0.9714,match,1.0,oracle,0.0,False,True,0.9817,True
pigs,0_3,40,periodic,identity,0.9776,match,1.0,oracle,0.0,False,True,0.9747,True
pigs,0_3,41,periodic,identity,0.9634,match,1.0,oracle,0.0,False,True,0.9699,True
pigs,0_3,42,periodic,identity,0.9625,match,1.0,oracle,0.0,False,True,0.96,True
pigs,0_3,43,periodic,identity,0.9653,match,1.0,oracle,0.0,False,True,0.9534,True
pigs,0_3,44,periodic,identity,0.9574,match,1.0,oracle,0.0,False,True,0.9677,True
pigs,0_3,45,periodic,identity,0.9337,match,1.0,oracle,0.0,False,True,0.9506,True
pigs,0_3,46,periodic,identity,0.9363,match,1.0,oracle,0.0,False,True,0.9513,True
pigs,0_3,47,periodic,identity,0.9364,match,1.0,oracle,0.0,False,True,0.9473,True
pigs,0_3,48,periodic,identity,0.9267,match,1.0,oracle,0.0,False,True,0.9535,True
pigs,0_3,49,periodic,identity,0.9292,match,1.0,oracle,0.0,False,True,0.9657,True
pigs,0_3,50,periodic,identity,0.9299,match,1.0,oracle,0.0,False,True,0.9667,True
pigs,0_3,51,periodic,identity,0.939,match,1.0,oracle,0.0,False,True,0.9622,True
pigs,0_3,52,periodic,identity,0.9349,match,1.0,oracle,0.0,False,True,0.9669,True
pigs,0_3,53,periodic,identity,0.928,match,1.0,oracle,0.0,False,True,0.9665,True
pigs,0_3,54,periodic,identity,0.9248,match,1.0,oracle,0.0,False,True,0.9673,True
pigs,0_3,55,periodic,identity,0.9124,match,1.0,oracle,0.0,False,True,0.967,True
pigs,0_3,56,periodic,identity,0.9296,match,1.0,oracle,0.0,False,True,0.9678,True
pigs,0_3,57,periodic,identity,0.9212,match,1.0,oracle,0.0,False,True,0.9651,True
pigs,0_3,58,periodic,identity,0.9258,match,1.0,oracle,0.0,False,True,0.9511,True
pigs,0_3,59,periodic,identity,0.9266,match,1.0,oracle,0.0,False,True,0.9522,True
pigs,0_3,60,periodic,identity,0.9099,match,1.0,oracle,0.0,False,True,0.9652,True
pigs,0_3,61,periodic,identity,0.9389,match,1.0,oracle,0.0,False,True,0.9684,True
pigs,0_3,62,periodic,identity,0.9317,match,1.0,oracle,0.0,False,True,0.9696,True
pigs,0_3,63,periodic,identity,0.9328,match,1.0,oracle,0.0,False,True,0.9701,True
pigs,0_3,64,periodic,identity,0.9225,match,1.0,oracle,0.0,False,True,0.9679,True
pigs,0_3,65,periodic,identity,0.9297,match,1.0,oracle,0.0,False,True,0.962,True
pigs,0_3,66,periodic,identity,0.9404,match,1.0,oracle,0.0,False,True,0.9645,True
pigs,0_3,67,periodic,identity,0.9322,match,1.0,oracle,0.0,False,True,0.9655,True
pigs,0_3,68,periodic,identity,0.9316,match,1.0,oracle,0.0,False,True,0.9666,True
pigs,0_3,69,periodic,identity,0.9318,match,1.0,oracle,0.0,False,True,0.9638,True
pigs,0_3,70,periodic,identity,0.9307,match,1.0,oracle,0.0,False,True,0.9644,True
pigs,0_3,71,periodic,identity,0.9323,match,1.0,oracle,0.0,False,True,0.9604,True
pigs,0_3,72,periodic,identity,0.9299,match,1.0,oracle,0.0,False,True,0.9586,True
pigs,0_3,73,periodic,identity,0.9384,match,1.0,oracle,0.0,False,True,0.9477,True
pigs,0_3,74,periodic,identity,0.922,match,1.0,oracle,0.0,False,True,0.9513,True
pigs,0_3,75,periodic,identity,0.9332,match,1.0,oracle,0.0,False,True,0.9515,True
pigs,0_3,76,periodic,identity,0.9252,match,1.0,oracle,0.0,False,True,0.9518,True
pigs,0_3,77,periodic,identity,0.9354,match,1.0,oracle,0.0,False,True,0.9494,True
pigs,0_3,78,periodic,identity,0.9389,match,1.0,oracle,0.0,False,True,0.9492,True
scooter-black,0_1,1,periodic,identity,0.888,no_match,1.0,oracle,0.0,False,True,0.3752,True
scooter-black,0_1,2,periodic,identity,0.9103,no_match,1.0,oracle,0.0,False,True,0.4133,True
scooter-black,0_1,3,periodic,identity,0.9168,no_match,1.0,oracle,0.0,False,True,0.4309,True
scooter-black,0_1,4,periodic,identity,0.9144,no_match,1.0,oracle,0.0,False,True,0.4541,True
scooter-black,0_1,5,periodic,identity,0.8908,no_match,1.0,oracle,0.0,False,True,0.4572,True
scooter-black,0_1,6,periodic,identity,0.9217,no_match,1.0,oracle,0.0,False,True,0.4585,True
scooter-black,0_1,7,periodic,identity,0.952,no_match,1.0,oracle,0.0,False,True,0.488,True
scooter-black,0_1,8,periodic,identity,0.9362,match,1.0,oracle,0.0,False,True,0.5187,True
scooter-black,0_1,9,periodic,identity,0.9302,match,1.0,oracle,0.0,False,True,0.5355,True
scooter-black,0_1,10,periodic,identity,0.9198,match,1.0,oracle,0.0,False,True,0.5076,True
scooter-black,0_1,11,periodic,identity,0.9283,match,1.0,oracle,0.0,False,True,0.567,True
scooter-black,0_1,12,periodic,identity,0.9455,match,1.0,oracle,0.0,False,True,0.5702,True
scooter-black,0_1,13,periodic,identity,0.936,match,1.0,oracle,0.0,False,True,0.5434,True
scooter-black,0_1,14,periodic,identity,0.9174,match,1.0,oracle,0.0,False,True,0.563,True
scooter-black,0_1,15,periodic,identity,0.8401,no_match,1.0,oracle,0.0,False,True,0.4253,True
scooter-black,0_1,16,periodic,identity,0.8424,match,1.0,oracle,0.0,False,True,0.5785,True
scooter-black,0_1,17,periodic,identity,0.8423,no_match,1.0,oracle,0.0,False,True,0.4142,True
scooter-black,0_1,18,periodic,identity,0.721,match,1.0,oracle,0.0,False,True,0.8361,True
scooter-black,0_1,19,periodic,identity,0.869,match,1.0,oracle,0.0,False,True,0.8505,True
scooter-black,0_1,20,periodic,identity,0.8695,match,1.0,oracle,0.0,False,True,0.8555,True
scooter-black,0_1,21,periodic,identity,0.8742,match,1.0,oracle,0.0,False,True,0.9055,True
scooter-black,0_1,22,periodic,identity,0.901,match,1.0,oracle,0.0,False,True,0.8936,True
scooter-black,0_1,23,periodic,identity,0.8612,match,1.0,oracle,0.0,False,True,0.8991,True
scooter-black,0_1,24,periodic,identity,0.8736,match,1.0,oracle,0.0,False,True,0.9124,True
scooter-black,0_1,25,periodic,identity,0.8618,match,1.0,oracle,0.0,False,True,0.9102,True
scooter-black,0_1,26,periodic,identity,0.8792,match,1.0,oracle,0.0,False,True,0.9182,True
scooter-black,0_1,27,periodic,identity,0.8827,match,1.0,oracle,0.0,False,True,0.9165,True
scooter-black,0_1,28,periodic,identity,0.8637,match,1.0,oracle,0.0,False,True,0.9026,True
scooter-black,0_1,29,periodic,identity,0.8502,match,1.0,oracle,0.0,False,True,0.9169,True
scooter-black,0_1,30,periodic,identity,0.8591,match,1.0,oracle,0.0,False,True,0.9156,True
scooter-black,0_1,31,periodic,identity,0.8939,match,1.0,oracle,0.0,False,True,0.9182,True
scooter-black,0_1,32,periodic,identity,0.8733,match,1.0,oracle,0.0,False,True,0.9334,True
scooter-black,0_1,33,periodic,identity,0.8788,match,1.0,oracle,0.0,False,True,0.9382,True
scooter-black,0_1,34,periodic,identity,0.8955,match,1.0,oracle,0.0,False,True,0.9456,True
scooter-black,0_1,35,periodic,identity,0.8948,match,1.0,oracle,0.0,False,True,0.9374,True
scooter-black,0_1,36,periodic,identity,0.933,match,1.0,oracle,0.0,False,True,0.9375,True
scooter-black,0_1,37,periodic,identity,0.9246,match,1.0,oracle,0.0,False,True,0.9358,True
scooter-black,0_1,38,periodic,identity,0.9203,match,1.0,oracle,0.0,False,True,0.916,True
scooter-black,0_1,39,periodic,identity,0.9135,match,1.0,oracle,0.0,False,True,0.9316,True
scooter-black,0_1,40,periodic,identity,0.9155,match,1.0,oracle,0.0,False,True,0.927,True
scooter-black,0_1,41,periodic,identity,0.8897,match,1.0,oracle,0.0,False,True,0.9415,True
scooter-black,0_1,42,periodic,identity,0.8891,match,1.0,oracle,0.0,False,True,0.9358,True
scooter-black,0_2,1,periodic,identity,0.9303,match,1.0,oracle,0.0,False,True,0.7336,True
scooter-black,0_2,2,periodic,identity,0.9373,match,1.0,oracle,0.0,False,True,0.7487,True
scooter-black,0_2,3,periodic,identity,0.9448,match,1.0,oracle,0.0,False,True,0.7342,True
scooter-black,0_2,4,periodic,identity,0.9557,match,1.0,oracle,0.0,False,True,0.7393,True
scooter-black,0_2,5,periodic,identity,0.9594,match,1.0,oracle,0.0,False,True,0.7393,True
scooter-black,0_2,6,periodic,identity,0.9663,match,1.0,oracle,0.0,False,True,0.7335,True
scooter-black,0_2,7,periodic,identity,0.9664,match,1.0,oracle,0.0,False,True,0.729,True
scooter-black,0_2,8,periodic,identity,0.9702,match,1.0,oracle,0.0,False,True,0.7227,True
scooter-black,0_2,9,periodic,identity,0.9658,match,1.0,oracle,0.0,False,True,0.7148,True
scooter-black,0_2,10,periodic,identity,0.9587,match,1.0,oracle,0.0,False,True,0.7197,True
scooter-black,0_2,11,periodic,identity,0.9721,match,1.0,oracle,0.0,False,True,0.7219,True
scooter-black,0_2,12,periodic,identity,0.9619,match,1.0,oracle,0.0,False,True,0.7236,True
scooter-black,0_2,13,periodic,identity,0.9026,match,1.0,oracle,0.0,False,True,0.7613,True
scooter-black,0_2,14,periodic,identity,0.9389,match,1.0,oracle,0.0,False,True,0.7544,True
scooter-black,0_2,15,periodic,identity,0.9435,match,1.0,oracle,0.0,False,True,0.7502,True
scooter-black,0_2,16,periodic,identity,0.9494,match,1.0,oracle,0.0,False,True,0.7492,True
scooter-black,0_2,17,periodic,identity,0.9384,match,1.0,oracle,0.0,False,True,0.7459,True
scooter-black,0_2,18,periodic,identity,0.9341,match,1.0,oracle,0.0,False,True,0.7522,True
scooter-black,0_2,19,periodic,identity,0.9353,match,1.0,oracle,0.0,False,True,0.7461,True
scooter-black,0_2,20,periodic,identity,0.9424,match,1.0,oracle,0.0,False,True,0.746,True
scooter-black,0_2,21,periodic,identity,0.963,match,1.0,oracle,0.0,False,True,0.7441,True
scooter-black,0_2,22,periodic,identity,0.9625,match,1.0,oracle,0.0,False,True,0.7326,True
scooter-black,0_2,23,periodic,identity,0.9555,match,1.0,oracle,0.0,False,True,0.7404,True
scooter-black,0_2,24,periodic,identity,0.9459,match,1.0,oracle,0.0,False,True,0.7475,True
scooter-black,0_2,25,periodic,identity,0.9438,match,1.0,oracle,0.0,False,True,0.7431,True
scooter-black,0_2,26,periodic,identity,0.9352,match,1.0,oracle,0.0,False,True,0.7348,True
scooter-black,0_2,27,periodic,identity,0.9374,match,1.0,oracle,0.0,False,True,0.7417,True
scooter-black,0_2,28,periodic,identity,0.9306,match,1.0,oracle,0.0,False,True,0.7357,True
scooter-black,0_2,29,periodic,identity,0.9277,match,1.0,oracle,0.0,False,True,0.7262,True
scooter-black,0_2,30,periodic,identity,0.9302,match,1.0,oracle,0.0,False,True,0.7226,True
scooter-black,0_2,31,periodic,identity,0.93,match,1.0,oracle,0.0,False,True,0.7163,True
scooter-black,0_2,32,periodic,identity,0.9103,match,1.0,oracle,0.0,False,True,0.7197,True
scooter-black,0_2,33,periodic,identity,0.9218,match,1.0,oracle,0.0,False,True,0.7137,True
scooter-black,0_2,34,periodic,identity,0.9208,match,1.0,oracle,0.0,False,True,0.7102,True
scooter-black,0_2,35,periodic,identity,0.9195,match,1.0,oracle,0.0,False,True,0.7092,True
scooter-black,0_2,36,periodic,identity,0.9208,match,1.0,oracle,0.0,False,True,0.7065,True
scooter-black,0_2,37,periodic,identity,0.9126,match,1.0,oracle,0.0,False,True,0.7028,True
scooter-black,0_2,38,periodic,identity,0.9169,match,1.0,oracle,0.0,False,True,0.7107,True
scooter-black,0_2,39,periodic,identity,0.9179,match,1.0,oracle,0.0,False,True,0.7127,True
scooter-black,0_2,40,periodic,identity,0.9104,match,1.0,oracle,0.0,False,True,0.709,True
scooter-black,0_2,41,periodic,identity,0.9096,match,1.0,oracle,0.0,False,True,0.7103,True
scooter-black,0_2,42,periodic,identity,0.9035,match,1.0,oracle,0.0,False,True,0.7072,True
shooting,0_1,1,periodic,identity,0.8169,match,1.0,oracle,0.0,False,True,0.6009,True
shooting,0_1,2,periodic,identity,0.8244,match,1.0,oracle,0.0,False,True,0.5612,True
shooting,0_1,3,periodic,identity,0.8445,match,1.0,oracle,0.0,False,True,0.5522,True
shooting,0_1,4,periodic,identity,0.843,match,1.0,oracle,0.0,False,True,0.6053,True
shooting,0_1,5,periodic,identity,0.8157,match,1.0,oracle,0.0,False,True,0.5851,True
shooting,0_1,6,periodic,identity,0.819,match,1.0,oracle,0.0,False,True,0.5938,True
shooting,0_1,7,periodic,identity,0.8385,match,1.0,oracle,0.0,False,True,0.5603,True
shooting,0_1,8,periodic,identity,0.8812,match,1.0,oracle,0.0,False,True,0.5926,True
shooting,0_1,9,periodic,identity,0.8822,match,1.0,oracle,0.0,False,True,0.5924,True
shooting,0_1,10,periodic,identity,0.8524,match,1.0,oracle,0.0,False,True,0.5647,True
shooting,0_1,11,periodic,identity,0.7637,no_match,1.0,oracle,0.0,False,True,0.4834,True
shooting,0_1,12,periodic,identity,0.702,no_match,1.0,oracle,0.0,False,True,0.3802,True
shooting,0_1,13,periodic,identity,0.6691,match,1.0,oracle,0.0,False,True,0.6897,True
shooting,0_1,14,periodic,identity,0.7546,match,1.0,oracle,0.0,False,True,0.7309,True
shooting,0_1,15,periodic,identity,0.7896,match,1.0,oracle,0.0,False,True,0.8265,True
shooting,0_1,16,periodic,identity,0.8068,match,1.0,oracle,0.0,False,True,0.8333,True
shooting,0_1,17,periodic,identity,0.7524,match,1.0,oracle,0.0,False,True,0.8818,True
shooting,0_1,18,periodic,identity,0.6831,match,1.0,oracle,0.0,False,True,0.8979,True
shooting,0_1,19,periodic,identity,0.7901,match,1.0,oracle,0.0,False,True,0.9059,True
shooting,0_1,20,periodic,identity,0.6769,no_match,1.0,oracle,0.0,False,True,0.3593,True
shooting,0_1,21,periodic,identity,0.5503,match,1.0,oracle,0.0,False,True,0.9252,True
shooting,0_1,22,periodic,identity,0.587,no_match,1.0,oracle,0.0,False,True,0.2877,True
shooting,0_1,23,periodic,identity,0.6319,no_match,1.0,oracle,0.0,False,True,0.3305,True
shooting,0_1,24,periodic,identity,0.6099,match,1.0,oracle,0.0,False,True,0.8968,True
shooting,0_1,25,periodic,identity,0.5767,match,1.0,oracle,0.0,False,True,0.6068,True
shooting,0_1,26,periodic,identity,0.6156,match,1.0,oracle,0.0,False,True,0.9305,True
shooting,0_1,27,periodic,identity,0.7648,match,1.0,oracle,0.0,False,True,0.9299,True
shooting,0_1,28,periodic,identity,0.7589,match,1.0,oracle,0.0,False,True,0.8961,True
shooting,0_1,29,periodic,identity,0.7417,match,1.0,oracle,0.0,False,True,0.9361,True
shooting,0_1,30,periodic,identity,0.7156,match,1.0,oracle,0.0,False,True,0.9341,True
shooting,0_1,31,periodic,identity,0.7215,match,1.0,oracle,0.0,False,True,0.9233,True
shooting,0_1,32,periodic,identity,0.778,match,1.0,oracle,0.0,False,True,0.8964,True
shooting,0_1,33,periodic,identity,0.7415,match,1.0,oracle,0.0,False,True,0.8987,True
shooting,0_1,34,periodic,identity,0.7181,match,1.0,oracle,0.0,False,True,0.8994,True
shooting,0_1,35,periodic,identity,0.7499,match,1.0,oracle,0.0,False,True,0.9293,True
shooting,0_1,36,periodic,identity,0.7923,match,1.0,oracle,0.0,False,True,0.9219,True
shooting,0_1,37,periodic,identity,0.8773,match,1.0,oracle,0.0,False,True,0.9183,True
shooting,0_1,38,periodic,identity,0.8747,match,1.0,oracle,0.0,False,True,0.8749,True
shooting,0_1,39,periodic,identity,0.7767,match,1.0,oracle,0.0,False,True,0.8817,True
shooting,0_2,1,periodic,identity,0.8397,match,1.0,oracle,0.0,False,True,0.7384,True
shooting,0_2,2,periodic,identity,0.8498,match,1.0,oracle,0.0,False,True,0.784,True
shooting,0_2,3,periodic,identity,0.8423,match,1.0,oracle,0.0,False,True,0.8245,True
shooting,0_2,4,periodic,identity,0.9163,match,1.0,oracle,0.0,False,True,0.8225,True
shooting,0_2,5,periodic,identity,0.8314,match,1.0,oracle,0.0,False,True,0.7764,True
shooting,0_2,6,periodic,identity,0.8472,match,1.0,oracle,0.0,False,True,0.8717,True
shooting,0_2,7,periodic,identity,0.9159,match,1.0,oracle,0.0,False,True,0.8542,True
shooting,0_2,8,periodic,identity,0.9119,match,1.0,oracle,0.0,False,True,0.8523,True
shooting,0_2,9,periodic,identity,0.9215,match,1.0,oracle,0.0,False,True,0.8759,True
shooting,0_2,10,periodic,identity,0.9176,match,1.0,oracle,0.0,False,True,0.8371,True
shooting,0_2,11,periodic,identity,0.8708,match,1.0,oracle,0.0,False,True,0.8682,True
shooting,0_2,12,periodic,identity,0.8326,match,1.0,oracle,0.0,False,True,0.7613,True
shooting,0_2,13,periodic,identity,0.8223,match,1.0,oracle,0.0,False,True,0.7927,True
shooting,0_2,14,periodic,identity,0.8821,match,1.0,oracle,0.0,False,True,0.7755,True
shooting,0_2,15,periodic,identity,0.846,match,1.0,oracle,0.0,False,True,0.8925,True
shooting,0_2,16,periodic,identity,0.8993,match,1.0,oracle,0.0,False,True,0.9379,True
shooting,0_2,17,periodic,identity,0.9084,match,1.0,oracle,0.0,False,True,0.9391,True
shooting,0_2,18,periodic,identity,0.9189,match,1.0,oracle,0.0,False,True,0.9389,True
shooting,0_2,19,periodic,identity,0.9001,match,1.0,oracle,0.0,False,True,0.8983,True
shooting,0_2,20,periodic,identity,0.9139,match,1.0,oracle,0.0,False,True,0.8917,True
shooting,0_2,21,periodic,identity,0.9191,match,1.0,oracle,0.0,False,True,0.8737,True
shooting,0_2,22,periodic,identity,0.8984,match,1.0,oracle,0.0,False,True,0.8715,True
shooting,0_2,23,periodic,identity,0.8592,match,1.0,oracle,0.0,False,True,0.8678,True
shooting,0_2,24,periodic,identity,0.902,match,1.0,oracle,0.0,False,True,0.8688,True
shooting,0_2,25,periodic,identity,0.8287,match,1.0,oracle,0.0,False,True,0.8005,True
shooting,0_2,26,periodic,identity,0.7669,match,1.0,oracle,0.0,False,True,0.9523,True
shooting,0_2,27,periodic,identity,0.8741,match,1.0,oracle,0.0,False,True,0.9573,True
shooting,0_2,28,periodic,identity,0.8681,match,1.0,oracle,0.0,False,True,0.9505,True
shooting,0_2,29,periodic,identity,0.8618,match,1.0,oracle,0.0,False,True,0.9522,True
shooting,0_2,30,periodic,identity,0.8342,match,1.0,oracle,0.0,False,True,0.9482,True
shooting,0_2,31,periodic,identity,0.8751,match,1.0,oracle,0.0,False,True,0.9419,True
shooting,0_2,32,periodic,identity,0.8407,match,1.0,oracle,0.0,False,True,0.9251,True
shooting,0_2,33,periodic,identity,0.8652,match,1.0,oracle,0.0,False,True,0.9238,True
shooting,0_2,34,periodic,identity,0.8192,match,1.0,oracle,0.0,False,True,0.9261,True
shooting,0_2,35,periodic,identity,0.8113,match,1.0,oracle,0.0,False,True,0.9133,True
shooting,0_2,36,periodic,identity,0.8384,match,1.0,oracle,0.0,False,True,0.9265,True
shooting,0_2,37,periodic,identity,0.846,match,1.0,oracle,0.0,False,True,0.9267,True
shooting,0_2,38,periodic,identity,0.8308,match,1.0,oracle,0.0,False,True,0.9246,True
shooting,0_2,39,periodic,identity,0.847,match,1.0,oracle,0.0,False,True,0.9035,True
shooting,0_3,1,periodic,identity,0.5711,match,1.0,oracle,0.0,False,True,0.6349,True
shooting,0_3,2,periodic,identity,0.8275,match,1.0,oracle,0.0,False,True,0.6189,True
shooting,0_3,3,periodic,identity,0.5318,match,1.0,oracle,0.0,False,True,0.8886,True
shooting,0_3,4,periodic,identity,0.746,match,1.0,oracle,0.0,False,True,0.8794,True
shooting,0_3,5,periodic,identity,0.5519,match,1.0,oracle,0.0,False,True,0.6862,True
shooting,0_3,6,periodic,identity,0.6433,match,1.0,oracle,0.0,False,True,0.9169,True
shooting,0_3,7,periodic,identity,0.5981,match,1.0,oracle,0.0,False,True,0.6855,True
shooting,0_3,8,periodic,identity,0.6371,match,1.0,oracle,0.0,False,True,0.9071,True
shooting,0_3,9,periodic,identity,0.8862,match,1.0,oracle,0.0,False,True,0.9098,True
shooting,0_3,10,periodic,identity,0.9155,match,1.0,oracle,0.0,False,True,0.9158,True
shooting,0_3,11,periodic,identity,0.8964,match,1.0,oracle,0.0,False,True,0.9338,True
shooting,0_3,12,periodic,identity,0.8702,match,1.0,oracle,0.0,False,True,0.9291,True
shooting,0_3,13,periodic,identity,0.8441,match,1.0,oracle,0.0,False,True,0.9431,True
shooting,0_3,14,periodic,identity,0.8657,match,1.0,oracle,0.0,False,True,0.9403,True
shooting,0_3,15,periodic,identity,0.872,match,1.0,oracle,0.0,False,True,0.9306,True
shooting,0_3,16,periodic,identity,0.8701,match,1.0,oracle,0.0,False,True,0.9485,True
shooting,0_3,17,periodic,identity,0.8571,match,1.0,oracle,0.0,False,True,0.945,True
shooting,0_3,18,periodic,identity,0.8829,match,1.0,oracle,0.0,False,True,0.9246,True
shooting,0_3,19,periodic,identity,0.8847,match,1.0,oracle,0.0,False,True,0.9431,True
shooting,0_3,20,periodic,identity,0.8888,match,1.0,oracle,0.0,False,True,0.9356,True
shooting,0_3,21,periodic,identity,0.9079,match,1.0,oracle,0.0,False,True,0.9381,True
shooting,0_3,22,periodic,identity,0.8628,match,1.0,oracle,0.0,False,True,0.9108,True
shooting,0_3,23,periodic,identity,0.8514,match,1.0,oracle,0.0,False,True,0.9222,True
shooting,0_3,24,periodic,identity,0.8852,match,1.0,oracle,0.0,False,True,0.9191,True
shooting,0_3,25,periodic,identity,0.8704,match,1.0,oracle,0.0,False,True,0.8961,True
shooting,0_3,26,periodic,identity,0.8808,match,1.0,oracle,0.0,False,True,0.9197,True
shooting,0_3,27,periodic,identity,0.9317,match,1.0,oracle,0.0,False,True,0.8798,True
shooting,0_3,28,periodic,identity,0.8806,match,1.0,oracle,0.0,False,True,0.8725,True
shooting,0_3,29,periodic,identity,0.9152,match,1.0,oracle,0.0,False,True,0.887,True
shooting,0_3,30,periodic,identity,0.9191,match,1.0,oracle,0.0,False,True,0.8974,True
shooting,0_3,31,periodic,identity,0.9257,match,1.0,oracle,0.0,False,True,0.9145,True
shooting,0_3,32,periodic,identity,0.9278,match,1.0,oracle,0.0,False,True,0.9228,True
shooting,0_3,33,periodic,identity,0.9151,match,1.0,oracle,0.0,False,True,0.9269,True
shooting,0_3,34,periodic,identity,0.9034,match,1.0,oracle,0.0,False,True,0.8957,True
shooting,0_3,35,periodic,identity,0.9029,match,1.0,oracle,0.0,False,True,0.8725,True
shooting,0_3,36,periodic,identity,0.9078,match,1.0,oracle,0.0,False,True,0.8573,True
shooting,0_3,37,periodic,identity,0.8892,match,1.0,oracle,0.0,False,True,0.8418,True
shooting,0_3,38,periodic,identity,0.8904,match,1.0,oracle,0.0,False,True,0.8406,True
shooting,0_3,39,periodic,identity,0.8542,match,1.0,oracle,0.0,False,True,0.8052,True
soapbox,0_1,1,periodic,identity,0.9663,match,1.0,oracle,0.0,False,True,0.6767,True
soapbox,0_1,2,periodic,identity,0.9689,match,1.0,oracle,0.0,False,True,0.6908,True
soapbox,0_1,3,periodic,identity,0.9715,match,1.0,oracle,0.0,False,True,0.6578,True
soapbox,0_1,4,periodic,identity,0.96,match,1.0,oracle,0.0,False,True,0.6502,True
soapbox,0_1,5,periodic,identity,0.9698,match,1.0,oracle,0.0,False,True,0.6583,True
soapbox,0_1,6,periodic,identity,0.9814,match,1.0,oracle,0.0,False,True,0.6547,True
soapbox,0_1,7,periodic,identity,0.9765,match,1.0,oracle,0.0,False,True,0.6503,True
soapbox,0_1,8,periodic,identity,0.978,match,1.0,oracle,0.0,False,True,0.6424,True
soapbox,0_1,9,periodic,identity,0.9634,match,1.0,oracle,0.0,False,True,0.6413,True
soapbox,0_1,10,periodic,identity,0.9804,match,1.0,oracle,0.0,False,True,0.6465,True
soapbox,0_1,11,periodic,identity,0.9735,match,1.0,oracle,0.0,False,True,0.6379,True
soapbox,0_1,12,periodic,identity,0.9672,match,1.0,oracle,0.0,False,True,0.6334,True
soapbox,0_1,13,periodic,identity,0.9436,match,1.0,oracle,0.0,False,True,0.657,True
soapbox,0_1,14,periodic,identity,0.9475,match,1.0,oracle,0.0,False,True,0.684,True
soapbox,0_1,15,periodic,identity,0.9431,match,1.0,oracle,0.0,False,True,0.6957,True
soapbox,0_1,16,periodic,identity,0.9553,match,1.0,oracle,0.0,False,True,0.7001,True
soapbox,0_1,17,periodic,identity,0.9617,match,1.0,oracle,0.0,False,True,0.6853,True
soapbox,0_1,18,periodic,identity,0.9592,match,1.0,oracle,0.0,False,True,0.6891,True
soapbox,0_1,19,periodic,identity,0.9627,match,1.0,oracle,0.0,False,True,0.6905,True
soapbox,0_1,20,periodic,identity,0.9585,match,1.0,oracle,0.0,False,True,0.7134,True
soapbox,0_1,21,periodic,identity,0.954,match,1.0,oracle,0.0,False,True,0.7245,True
soapbox,0_1,22,periodic,identity,0.9503,match,1.0,oracle,0.0,False,True,0.7318,True
soapbox,0_1,23,periodic,identity,0.9463,match,1.0,oracle,0.0,False,True,0.7417,True
soapbox,0_1,24,periodic,identity,0.9389,match,1.0,oracle,0.0,False,True,0.7393,True
soapbox,0_1,25,periodic,identity,0.9454,match,1.0,oracle,0.0,False,True,0.715,True
soapbox,0_1,26,periodic,identity,0.9578,match,1.0,oracle,0.0,False,True,0.7178,True
soapbox,0_1,27,periodic,identity,0.9613,match,1.0,oracle,0.0,False,True,0.7053,True
soapbox,0_1,28,periodic,identity,0.9434,match,1.0,oracle,0.0,False,True,0.7199,True
soapbox,0_1,29,periodic,identity,0.9425,match,1.0,oracle,0.0,False,True,0.7174,True
soapbox,0_1,30,periodic,identity,0.9421,match,1.0,oracle,0.0,False,True,0.7185,True
soapbox,0_1,31,periodic,identity,0.9571,match,1.0,oracle,0.0,False,True,0.7195,True
soapbox,0_1,32,periodic,identity,0.9527,match,1.0,oracle,0.0,False,True,0.7136,True
soapbox,0_1,33,periodic,identity,0.9458,match,1.0,oracle,0.0,False,True,0.7134,True
soapbox,0_1,34,periodic,identity,0.9444,match,1.0,oracle,0.0,False,True,0.6986,True
soapbox,0_1,35,periodic,identity,0.9343,match,1.0,oracle,0.0,False,True,0.7148,True
soapbox,0_1,36,periodic,identity,0.9492,match,1.0,oracle,0.0,False,True,0.7128,True
soapbox,0_1,37,periodic,identity,0.9641,match,1.0,oracle,0.0,False,True,0.7041,True
soapbox,0_1,38,periodic,identity,0.9607,match,1.0,oracle,0.0,False,True,0.7063,True
soapbox,0_1,39,periodic,identity,0.9553,match,1.0,oracle,0.0,False,True,0.7143,True
soapbox,0_1,40,periodic,identity,0.9646,match,1.0,oracle,0.0,False,True,0.7226,True
soapbox,0_1,41,periodic,identity,0.9706,match,1.0,oracle,0.0,False,True,0.7201,True
soapbox,0_1,42,periodic,identity,0.9631,match,1.0,oracle,0.0,False,True,0.7173,True
soapbox,0_1,43,periodic,identity,0.9536,match,1.0,oracle,0.0,False,True,0.7093,True
soapbox,0_1,44,periodic,identity,0.9472,match,1.0,oracle,0.0,False,True,0.7124,True
soapbox,0_1,45,periodic,identity,0.9453,match,1.0,oracle,0.0,False,True,0.7079,True
soapbox,0_1,46,periodic,identity,0.9628,match,1.0,oracle,0.0,False,True,0.7075,True
soapbox,0_1,47,periodic,identity,0.9618,match,1.0,oracle,0.0,False,True,0.7098,True
soapbox,0_1,48,periodic,identity,0.9582,match,1.0,oracle,0.0,False,True,0.7179,True
soapbox,0_1,49,periodic,identity,0.9574,match,1.0,oracle,0.0,False,True,0.7199,True
soapbox,0_1,50,periodic,identity,0.9543,match,1.0,oracle,0.0,False,True,0.717,True
soapbox,0_1,51,periodic,identity,0.9542,match,1.0,oracle,0.0,False,True,0.7189,True
soapbox,0_1,52,periodic,identity,0.9564,match,1.0,oracle,0.0,False,True,0.7211,True
soapbox,0_1,53,periodic,identity,0.951,match,1.0,oracle,0.0,False,True,0.73,True
soapbox,0_1,54,periodic,identity,0.9534,match,1.0,oracle,0.0,False,True,0.7365,True
soapbox,0_1,55,periodic,identity,0.9505,match,1.0,oracle,0.0,False,True,0.7378,True
soapbox,0_1,56,periodic,identity,0.9586,match,1.0,oracle,0.0,False,True,0.7354,True
soapbox,0_1,57,periodic,identity,0.9543,match,1.0,oracle,0.0,False,True,0.7325,True
soapbox,0_1,58,periodic,identity,0.9503,match,1.0,oracle,0.0,False,True,0.7309,True
soapbox,0_1,59,periodic,identity,0.9426,match,1.0,oracle,0.0,False,True,0.7333,True
soapbox,0_1,60,periodic,identity,0.9537,match,1.0,oracle,0.0,False,True,0.734,True
soapbox,0_1,61,periodic,identity,0.9486,match,1.0,oracle,0.0,False,True,0.7329,True
soapbox,0_1,62,periodic,identity,0.9286,match,1.0,oracle,0.0,False,True,0.735,True
soapbox,0_1,63,periodic,identity,0.9147,match,1.0,oracle,0.0,False,True,0.7333,True
soapbox,0_1,64,periodic,identity,0.9172,match,1.0,oracle,0.0,False,True,0.7278,True
soapbox,0_1,65,periodic,identity,0.9191,match,1.0,oracle,0.0,False,True,0.722,True
soapbox,0_1,66,periodic,identity,0.9298,match,1.0,oracle,0.0,False,True,0.7262,True
soapbox,0_1,67,periodic,identity,0.9178,match,1.0,oracle,0.0,False,True,0.7231,True
soapbox,0_1,68,periodic,identity,0.9368,match,1.0,oracle,0.0,False,True,0.7259,True
soapbox,0_1,69,periodic,identity,0.9284,match,1.0,oracle,0.0,False,True,0.7247,True
soapbox,0_1,70,periodic,identity,0.9365,match,1.0,oracle,0.0,False,True,0.7351,True
soapbox,0_1,71,periodic,identity,0.9447,match,1.0,oracle,0.0,False,True,0.748,True
soapbox,0_1,72,periodic,identity,0.9489,match,1.0,oracle,0.0,False,True,0.7561,True
soapbox,0_1,73,periodic,identity,0.9477,match,1.0,oracle,0.0,False,True,0.7589,True
soapbox,0_1,74,periodic,identity,0.947,match,1.0,oracle,0.0,False,True,0.7562,True
soapbox,0_1,75,periodic,identity,0.9263,match,1.0,oracle,0.0,False,True,0.7546,True
soapbox,0_1,76,periodic,identity,0.9522,match,1.0,oracle,0.0,False,True,0.7605,True
soapbox,0_1,77,periodic,identity,0.9506,match,1.0,oracle,0.0,False,True,0.7605,True
soapbox,0_1,78,periodic,identity,0.9424,match,1.0,oracle,0.0,False,True,0.7598,True
soapbox,0_1,79,periodic,identity,0.9412,match,1.0,oracle,0.0,False,True,0.7641,True
soapbox,0_1,80,periodic,identity,0.9443,match,1.0,oracle,0.0,False,True,0.762,True
soapbox,0_1,81,periodic,identity,0.9533,match,1.0,oracle,0.0,False,True,0.7686,True
soapbox,0_1,82,periodic,identity,0.9528,match,1.0,oracle,0.0,False,True,0.763,True
soapbox,0_1,83,periodic,identity,0.9511,match,1.0,oracle,0.0,False,True,0.7642,True
soapbox,0_1,84,periodic,identity,0.9509,match,1.0,oracle,0.0,False,True,0.7629,True
soapbox,0_1,85,periodic,identity,0.9538,match,1.0,oracle,0.0,False,True,0.7698,True
soapbox,0_1,86,periodic,identity,0.956,match,1.0,oracle,0.0,False,True,0.7715,True
soapbox,0_1,87,periodic,identity,0.9515,match,1.0,oracle,0.0,False,True,0.7717,True
soapbox,0_1,88,periodic,identity,0.9504,match,1.0,oracle,0.0,False,True,0.7763,True
soapbox,0_1,89,periodic,identity,0.9524,match,1.0,oracle,0.0,False,True,0.7786,True
soapbox,0_1,90,periodic,identity,0.9546,match,1.0,oracle,0.0,False,True,0.7756,True
soapbox,0_1,91,periodic,identity,0.9511,match,1.0,oracle,0.0,False,True,0.7795,True
soapbox,0_1,92,periodic,identity,0.9475,match,1.0,oracle,0.0,False,True,0.7765,True
soapbox,0_1,93,periodic,identity,0.9512,match,1.0,oracle,0.0,False,True,0.771,True
soapbox,0_1,94,periodic,identity,0.942,match,1.0,oracle,0.0,False,True,0.7693,True
soapbox,0_1,95,periodic,identity,0.9426,match,1.0,oracle,0.0,False,True,0.7643,True
soapbox,0_1,96,periodic,identity,0.9446,match,1.0,oracle,0.0,False,True,0.755,True
soapbox,0_1,97,periodic,identity,0.95,match,1.0,oracle,0.0,False,True,0.7327,True
soapbox,0_1,98,periodic,identity,0.9518,match,1.0,oracle,0.0,False,True,0.7421,True
soapbox,0_2,1,periodic,identity,0.9645,no_match,1.0,oracle,0.0,False,True,0.1796,True
soapbox,0_2,2,periodic,identity,0.9689,no_match,1.0,oracle,0.0,False,True,0.2098,True
soapbox,0_2,3,periodic,identity,0.9617,no_match,1.0,oracle,0.0,False,True,0.2128,True
soapbox,0_2,4,periodic,identity,0.9591,no_match,1.0,oracle,0.0,False,True,0.2165,True
soapbox,0_2,5,periodic,identity,0.9671,no_match,1.0,oracle,0.0,False,True,0.2196,True
soapbox,0_2,6,periodic,identity,0.9568,no_match,1.0,oracle,0.0,False,True,0.216,True
soapbox,0_2,7,periodic,identity,0.9764,no_match,1.0,oracle,0.0,False,True,0.2152,True
soapbox,0_2,8,periodic,identity,0.9763,no_match,1.0,oracle,0.0,False,True,0.2319,True
soapbox,0_2,9,periodic,identity,0.9669,no_match,1.0,oracle,0.0,False,True,0.2307,True
soapbox,0_2,10,periodic,identity,0.9772,no_match,1.0,oracle,0.0,False,True,0.2322,True
soapbox,0_2,11,periodic,identity,0.9686,no_match,1.0,oracle,0.0,False,True,0.239,True
soapbox,0_2,12,periodic,identity,0.958,no_match,1.0,oracle,0.0,False,True,0.2627,True
soapbox,0_2,13,periodic,identity,0.954,no_match,1.0,oracle,0.0,False,True,0.2582,True
soapbox,0_2,14,periodic,identity,0.9502,no_match,1.0,oracle,0.0,False,True,0.2371,True
soapbox,0_2,15,periodic,identity,0.9477,no_match,1.0,oracle,0.0,False,True,0.2303,True
soapbox,0_2,16,periodic,identity,0.9611,no_match,1.0,oracle,0.0,False,True,0.2286,True
soapbox,0_2,17,periodic,identity,0.9592,no_match,1.0,oracle,0.0,False,True,0.2265,True
soapbox,0_2,18,periodic,identity,0.9626,no_match,1.0,oracle,0.0,False,True,0.2248,True
soapbox,0_2,19,periodic,identity,0.9615,no_match,1.0,oracle,0.0,False,True,0.2177,True
soapbox,0_2,20,periodic,identity,0.9569,no_match,1.0,oracle,0.0,False,True,0.2058,True
soapbox,0_2,21,periodic,identity,0.954,no_match,1.0,oracle,0.0,False,True,0.2009,True
soapbox,0_2,22,periodic,identity,0.9545,no_match,1.0,oracle,0.0,False,True,0.1975,True
soapbox,0_2,23,periodic,identity,0.9539,no_match,1.0,oracle,0.0,False,True,0.198,True
soapbox,0_2,24,periodic,identity,0.9455,no_match,1.0,oracle,0.0,False,True,0.193,True
soapbox,0_2,25,periodic,identity,0.947,no_match,1.0,oracle,0.0,False,True,0.202,True
soapbox,0_2,26,periodic,identity,0.9542,no_match,1.0,oracle,0.0,False,True,0.2089,True
soapbox,0_2,27,periodic,identity,0.96,no_match,1.0,oracle,0.0,False,True,0.2199,True
soapbox,0_2,28,periodic,identity,0.9474,no_match,1.0,oracle,0.0,False,True,0.2158,True
soapbox,0_2,29,periodic,identity,0.9421,no_match,1.0,oracle,0.0,False,True,0.2101,True
soapbox,0_2,30,periodic,identity,0.9364,no_match,1.0,oracle,0.0,False,True,0.2144,True
soapbox,0_2,31,periodic,identity,0.9549,no_match,1.0,oracle,0.0,False,True,0.2159,True
soapbox,0_2,32,periodic,identity,0.9609,no_match,1.0,oracle,0.0,False,True,0.2175,True
soapbox,0_2,33,periodic,identity,0.9563,no_match,1.0,oracle,0.0,False,True,0.2198,True
soapbox,0_2,34,periodic,identity,0.944,no_match,1.0,oracle,0.0,False,True,0.2259,True
soapbox,0_2,35,periodic,identity,0.9347,no_match,1.0,oracle,0.0,False,True,0.2279,True
soapbox,0_2,36,periodic,identity,0.9488,no_match,1.0,oracle,0.0,False,True,0.2387,True
soapbox,0_2,37,periodic,identity,0.9625,no_match,1.0,oracle,0.0,False,True,0.2395,True
soapbox,0_2,38,periodic,identity,0.9607,no_match,1.0,oracle,0.0,False,True,0.2293,True
soapbox,0_2,39,periodic,identity,0.9554,no_match,1.0,oracle,0.0,False,True,0.2316,True
soapbox,0_2,40,periodic,identity,0.9637,no_match,1.0,oracle,0.0,False,True,0.2282,True
soapbox,0_2,41,periodic,identity,0.9692,no_match,1.0,oracle,0.0,False,True,0.2302,True
soapbox,0_2,42,periodic,identity,0.9623,no_match,1.0,oracle,0.0,False,True,0.2361,True
soapbox,0_2,43,periodic,identity,0.953,no_match,1.0,oracle,0.0,False,True,0.2424,True
soapbox,0_2,44,periodic,identity,0.9467,no_match,1.0,oracle,0.0,False,True,0.238,True
soapbox,0_2,45,periodic,identity,0.9434,no_match,1.0,oracle,0.0,False,True,0.2456,True
soapbox,0_2,46,periodic,identity,0.9621,no_match,1.0,oracle,0.0,False,True,0.2452,True
soapbox,0_2,47,periodic,identity,0.9605,no_match,1.0,oracle,0.0,False,True,0.2427,True
soapbox,0_2,48,periodic,identity,0.9574,no_match,1.0,oracle,0.0,False,True,0.2395,True
soapbox,0_2,49,periodic,identity,0.9566,no_match,1.0,oracle,0.0,False,True,0.2413,True
soapbox,0_2,50,periodic,identity,0.9536,no_match,1.0,oracle,0.0,False,True,0.2431,True
soapbox,0_2,51,periodic,identity,0.9536,no_match,1.0,oracle,0.0,False,True,0.2425,True
soapbox,0_2,52,periodic,identity,0.9563,no_match,1.0,oracle,0.0,False,True,0.2389,True
soapbox,0_2,53,periodic,identity,0.9504,no_match,1.0,oracle,0.0,False,True,0.2324,True
soapbox,0_2,54,periodic,identity,0.9534,no_match,1.0,oracle,0.0,False,True,0.2292,True
soapbox,0_2,55,periodic,identity,0.9501,no_match,1.0,oracle,0.0,False,True,0.229,True
soapbox,0_2,56,periodic,identity,0.9577,no_match,1.0,oracle,0.0,False,True,0.2313,True
soapbox,0_2,57,periodic,identity,0.9538,no_match,1.0,oracle,0.0,False,True,0.2329,True
soapbox,0_2,58,periodic,identity,0.95,no_match,1.0,oracle,0.0,False,True,0.2325,True
soapbox,0_2,59,periodic,identity,0.9398,no_match,1.0,oracle,0.0,False,True,0.2276,True
soapbox,0_2,60,periodic,identity,0.9531,no_match,1.0,oracle,0.0,False,True,0.2274,True
soapbox,0_2,61,periodic,identity,0.948,no_match,1.0,oracle,0.0,False,True,0.2261,True
soapbox,0_2,62,periodic,identity,0.9275,no_match,1.0,oracle,0.0,False,True,0.2228,True
soapbox,0_2,63,periodic,identity,0.9214,no_match,1.0,oracle,0.0,False,True,0.224,True
soapbox,0_2,64,periodic,identity,0.9261,no_match,1.0,oracle,0.0,False,True,0.2284,True
soapbox,0_2,65,periodic,identity,0.9218,no_match,1.0,oracle,0.0,False,True,0.2339,True
soapbox,0_2,66,periodic,identity,0.9395,no_match,1.0,oracle,0.0,False,True,0.2308,True
soapbox,0_2,67,periodic,identity,0.9274,no_match,1.0,oracle,0.0,False,True,0.2267,True
soapbox,0_2,68,periodic,identity,0.952,no_match,1.0,oracle,0.0,False,True,0.2227,True
soapbox,0_2,69,periodic,identity,0.9464,no_match,1.0,oracle,0.0,False,True,0.2183,True
soapbox,0_2,70,periodic,identity,0.946,no_match,1.0,oracle,0.0,False,True,0.2146,True
soapbox,0_2,71,periodic,identity,0.9484,no_match,1.0,oracle,0.0,False,True,0.2111,True
soapbox,0_2,72,periodic,identity,0.9485,no_match,1.0,oracle,0.0,False,True,0.2107,True
soapbox,0_2,73,periodic,identity,0.9469,no_match,1.0,oracle,0.0,False,True,0.2085,True
soapbox,0_2,74,periodic,identity,0.945,no_match,1.0,oracle,0.0,False,True,0.2085,True
soapbox,0_2,75,periodic,identity,0.9397,no_match,1.0,oracle,0.0,False,True,0.2095,True
soapbox,0_2,76,periodic,identity,0.9582,no_match,1.0,oracle,0.0,False,True,0.2154,True
soapbox,0_2,77,periodic,identity,0.9484,no_match,1.0,oracle,0.0,False,True,0.2189,True
soapbox,0_2,78,periodic,identity,0.9398,no_match,1.0,oracle,0.0,False,True,0.2186,True
soapbox,0_2,79,periodic,identity,0.9403,no_match,1.0,oracle,0.0,False,True,0.2126,True
soapbox,0_2,80,periodic,identity,0.9437,no_match,1.0,oracle,0.0,False,True,0.2092,True
soapbox,0_2,81,periodic,identity,0.952,no_match,1.0,oracle,0.0,False,True,0.2087,True
soapbox,0_2,82,periodic,identity,0.9519,no_match,1.0,oracle,0.0,False,True,0.2109,True
soapbox,0_2,83,periodic,identity,0.95,no_match,1.0,oracle,0.0,False,True,0.2105,True
soapbox,0_2,84,periodic,identity,0.9498,no_match,1.0,oracle,0.0,False,True,0.2092,True
soapbox,0_2,85,periodic,identity,0.9524,no_match,1.0,oracle,0.0,False,True,0.204,True
soapbox,0_2,86,periodic,identity,0.9549,no_match,1.0,oracle,0.0,False,True,0.2021,True
soapbox,0_2,87,periodic,identity,0.9515,no_match,1.0,oracle,0.0,False,True,0.1998,True
soapbox,0_2,88,periodic,identity,0.9505,no_match,1.0,oracle,0.0,False,True,0.1951,True
soapbox,0_2,89,periodic,identity,0.952,no_match,1.0,oracle,0.0,False,True,0.1926,True
soapbox,0_2,90,periodic,identity,0.954,no_match,1.0,oracle,0.0,False,True,0.1955,True
soapbox,0_2,91,periodic,identity,0.9502,no_match,1.0,oracle,0.0,False,True,0.1902,True
soapbox,0_2,92,periodic,identity,0.9477,no_match,1.0,oracle,0.0,False,True,0.1894,True
soapbox,0_2,93,periodic,identity,0.9514,no_match,1.0,oracle,0.0,False,True,0.1921,True
soapbox,0_2,94,periodic,identity,0.9424,no_match,1.0,oracle,0.0,False,True,0.1948,True
soapbox,0_2,95,periodic,identity,0.9428,no_match,1.0,oracle,0.0,False,True,0.1949,True
soapbox,0_2,96,periodic,identity,0.9441,no_match,1.0,oracle,0.0,False,True,0.2037,True
soapbox,0_2,97,periodic,identity,0.9495,no_match,1.0,oracle,0.0,False,True,0.2102,True
soapbox,0_2,98,periodic,identity,0.9508,no_match,1.0,oracle,0.0,False,True,0.2055,True
soapbox,0_3,1,periodic,identity,0.964,no_match,1.0,oracle,0.0,False,True,0.064,True
soapbox,0_3,2,periodic,identity,0.9694,no_match,1.0,oracle,0.0,False,True,0.0554,True
soapbox,0_3,3,periodic,identity,0.9639,no_match,1.0,oracle,0.0,False,True,0.057,True
soapbox,0_3,4,periodic,identity,0.9631,no_match,1.0,oracle,0.0,False,True,0.062,True
soapbox,0_3,5,periodic,identity,0.9669,no_match,1.0,oracle,0.0,False,True,0.0729,True
soapbox,0_3,6,periodic,identity,0.9539,no_match,1.0,oracle,0.0,False,True,0.0402,True
soapbox,0_3,7,periodic,identity,0.9761,no_match,1.0,oracle,0.0,False,True,0.0427,True
soapbox,0_3,8,periodic,identity,0.9788,no_match,1.0,oracle,0.0,False,True,0.0404,True
soapbox,0_3,9,periodic,identity,0.9623,no_match,1.0,oracle,0.0,False,True,0.0326,True
soapbox,0_3,10,periodic,identity,0.9767,no_match,1.0,oracle,0.0,False,True,0.0397,True
soapbox,0_3,11,periodic,identity,0.9738,no_match,1.0,oracle,0.0,False,True,0.0387,True
soapbox,0_3,12,periodic,identity,0.9638,no_match,1.0,oracle,0.0,False,True,0.033,True
soapbox,0_3,13,periodic,identity,0.9505,no_match,1.0,oracle,0.0,False,True,0.02,True
soapbox,0_3,14,periodic,identity,0.9493,no_match,1.0,oracle,0.0,False,True,0.0146,True
soapbox,0_3,15,periodic,identity,0.9501,no_match,1.0,oracle,0.0,False,True,0.0077,True
soapbox,0_3,16,periodic,identity,0.9614,no_match,1.0,oracle,0.0,False,True,0.0088,True
soapbox,0_3,17,periodic,identity,0.9587,no_match,1.0,oracle,0.0,False,True,0.0116,True
soapbox,0_3,18,periodic,identity,0.9619,no_match,1.0,oracle,0.0,False,True,0.0119,True
soapbox,0_3,19,periodic,identity,0.9619,no_match,1.0,oracle,0.0,False,True,0.013,True
soapbox,0_3,20,periodic,identity,0.9583,no_match,1.0,oracle,0.0,False,True,0.013,True
soapbox,0_3,21,periodic,identity,0.9557,no_match,1.0,oracle,0.0,False,True,0.0126,True
soapbox,0_3,22,periodic,identity,0.9538,no_match,1.0,oracle,0.0,False,True,0.0122,True
soapbox,0_3,23,periodic,identity,0.9534,no_match,1.0,oracle,0.0,False,True,0.0075,True
soapbox,0_3,24,periodic,identity,0.9457,no_match,1.0,oracle,0.0,False,True,0.0064,True
soapbox,0_3,25,periodic,identity,0.9472,no_match,1.0,oracle,0.0,False,True,0.008,True
soapbox,0_3,26,periodic,identity,0.9548,no_match,1.0,oracle,0.0,False,True,0.0103,True
soapbox,0_3,27,periodic,identity,0.9603,no_match,1.0,oracle,0.0,False,True,0.0076,True
soapbox,0_3,28,periodic,identity,0.9471,no_match,1.0,oracle,0.0,False,True,0.0093,True
soapbox,0_3,29,periodic,identity,0.9421,no_match,1.0,oracle,0.0,False,True,0.0076,True
soapbox,0_3,30,periodic,identity,0.9375,no_match,1.0,oracle,0.0,False,True,0.005,True
soapbox,0_3,31,periodic,identity,0.9552,no_match,1.0,oracle,0.0,False,True,0.0047,True
soapbox,0_3,32,periodic,identity,0.9604,no_match,1.0,oracle,0.0,False,True,0.005,True
soapbox,0_3,33,periodic,identity,0.9559,no_match,1.0,oracle,0.0,False,True,0.0047,True
soapbox,0_3,34,periodic,identity,0.9436,no_match,1.0,oracle,0.0,False,True,0.005,True
soapbox,0_3,35,periodic,identity,0.9347,no_match,1.0,oracle,0.0,False,True,0.0057,True
soapbox,0_3,36,periodic,identity,0.9447,no_match,1.0,oracle,0.0,False,True,0.0072,True
soapbox,0_3,37,periodic,identity,0.9629,no_match,1.0,oracle,0.0,False,True,0.009,True
soapbox,0_3,38,periodic,identity,0.9549,no_match,1.0,oracle,0.0,False,True,0.0156,True
soapbox,0_3,39,periodic,identity,0.9546,no_match,1.0,oracle,0.0,False,True,0.0078,True
soapbox,0_3,40,periodic,identity,0.9635,no_match,1.0,oracle,0.0,False,True,0.0054,True
soapbox,0_3,41,periodic,identity,0.9692,no_match,1.0,oracle,0.0,False,True,0.0039,True
soapbox,0_3,42,periodic,identity,0.9624,no_match,1.0,oracle,0.0,False,True,0.0039,True
soapbox,0_3,43,periodic,identity,0.9531,no_match,1.0,oracle,0.0,False,True,0.0036,True
soapbox,0_3,44,periodic,identity,0.9472,no_match,1.0,oracle,0.0,False,True,0.0025,True
soapbox,0_3,45,periodic,identity,0.9439,no_match,1.0,oracle,0.0,False,True,0.002,True
soapbox,0_3,46,periodic,identity,0.9623,no_match,1.0,oracle,0.0,False,True,0.0019,True
soapbox,0_3,47,periodic,identity,0.961,no_match,1.0,oracle,0.0,False,True,0.0018,True
soapbox,0_3,48,periodic,identity,0.9582,no_match,1.0,oracle,0.0,False,True,0.0012,True
soapbox,0_3,49,periodic,identity,0.9575,no_match,1.0,oracle,0.0,False,True,0.0008,True
soapbox,0_3,50,periodic,identity,0.955,no_match,1.0,oracle,0.0,False,True,0.0003,True
soapbox,0_3,51,periodic,identity,0.9546,no_match,1.0,oracle,0.0,False,True,0.0001,True
soapbox,0_3,52,periodic,identity,0.9569,no_match,1.0,oracle,0.0,False,True,0.0001,True
soapbox,0_3,53,periodic,identity,0.9513,no_match,1.0,oracle,0.0,False,True,0.0001,True
soapbox,0_3,54,periodic,identity,0.9541,no_match,1.0,oracle,0.0,False,True,0.0001,True
soapbox,0_3,55,periodic,identity,0.9509,no_match,1.0,oracle,0.0,False,True,0.0,True
soapbox,0_3,56,periodic,identity,0.9581,no_match,1.0,oracle,0.0,False,True,0.0002,True
soapbox,0_3,57,periodic,identity,0.9543,no_match,1.0,oracle,0.0,False,True,0.0,True
soapbox,0_3,58,periodic,identity,0.9506,no_match,1.0,oracle,0.0,False,True,0.0002,True
soapbox,0_3,59,periodic,identity,0.9407,no_match,1.0,oracle,0.0,False,True,0.0005,True
soapbox,0_3,60,periodic,identity,0.954,no_match,1.0,oracle,0.0,False,True,0.0007,True
soapbox,0_3,61,periodic,identity,0.9491,no_match,1.0,oracle,0.0,False,True,0.0007,True
soapbox,0_3,62,periodic,identity,0.9288,no_match,1.0,oracle,0.0,False,True,0.002,True
soapbox,0_3,63,periodic,identity,0.9205,no_match,1.0,oracle,0.0,False,True,0.0028,True
soapbox,0_3,64,periodic,identity,0.9263,no_match,1.0,oracle,0.0,False,True,0.0043,True
soapbox,0_3,65,periodic,identity,0.9218,no_match,1.0,oracle,0.0,False,True,0.0038,True
soapbox,0_3,66,periodic,identity,0.9221,no_match,1.0,oracle,0.0,False,True,0.0039,True
soapbox,0_3,67,periodic,identity,0.9226,no_match,1.0,oracle,0.0,False,True,0.0043,True
soapbox,0_3,68,periodic,identity,0.949,no_match,1.0,oracle,0.0,False,True,0.0079,True
soapbox,0_3,69,periodic,identity,0.9313,no_match,1.0,oracle,0.0,False,True,0.0106,True
soapbox,0_3,70,periodic,identity,0.94,no_match,1.0,oracle,0.0,False,True,0.005,True
soapbox,0_3,71,periodic,identity,0.9484,no_match,1.0,oracle,0.0,False,True,0.0042,True
soapbox,0_3,72,periodic,identity,0.9487,no_match,1.0,oracle,0.0,False,True,0.0048,True
soapbox,0_3,73,periodic,identity,0.9411,no_match,1.0,oracle,0.0,False,True,0.0054,True
soapbox,0_3,74,periodic,identity,0.9386,no_match,1.0,oracle,0.0,False,True,0.0074,True
soapbox,0_3,75,periodic,identity,0.9074,no_match,1.0,oracle,0.0,False,True,0.0045,True
soapbox,0_3,76,periodic,identity,0.9378,no_match,1.0,oracle,0.0,False,True,0.0017,True
soapbox,0_3,77,periodic,identity,0.9408,no_match,1.0,oracle,0.0,False,True,0.0002,True
soapbox,0_3,78,periodic,identity,0.9347,no_match,1.0,oracle,0.0,False,True,0.0001,True
soapbox,0_3,79,periodic,identity,0.9364,no_match,1.0,oracle,0.0,False,True,0.0002,True
soapbox,0_3,80,periodic,identity,0.9429,no_match,1.0,oracle,0.0,False,True,0.0,True
soapbox,0_3,81,periodic,identity,0.9523,no_match,1.0,oracle,0.0,False,True,0.0,True
soapbox,0_3,82,periodic,identity,0.9522,no_match,1.0,oracle,0.0,False,True,0.0001,True
soapbox,0_3,83,periodic,identity,0.9397,no_match,1.0,oracle,0.0,False,True,0.0001,True
soapbox,0_3,84,periodic,identity,0.9502,no_match,1.0,oracle,0.0,False,True,0.0001,True
soapbox,0_3,85,periodic,identity,0.9529,no_match,1.0,oracle,0.0,False,True,0.0002,True
soapbox,0_3,86,periodic,identity,0.9554,no_match,1.0,oracle,0.0,False,True,0.0,True
soapbox,0_3,87,periodic,identity,0.9487,no_match,1.0,oracle,0.0,False,True,0.0001,True
soapbox,0_3,88,periodic,identity,0.9509,no_match,1.0,oracle,0.0,False,True,0.0,True
soapbox,0_3,89,periodic,identity,0.9525,no_match,1.0,oracle,0.0,False,True,0.0002,True
soapbox,0_3,90,periodic,identity,0.9544,no_match,1.0,oracle,0.0,False,True,0.0,True
soapbox,0_3,91,periodic,identity,0.9509,no_match,1.0,oracle,0.0,False,True,0.0001,True
soapbox,0_3,92,periodic,identity,0.9481,no_match,1.0,oracle,0.0,False,True,0.0002,True
soapbox,0_3,93,periodic,identity,0.9517,no_match,1.0,oracle,0.0,False,True,0.0012,True
soapbox,0_3,94,periodic,identity,0.9429,no_match,1.0,oracle,0.0,False,True,0.0004,True
soapbox,0_3,95,periodic,identity,0.9434,no_match,1.0,oracle,0.0,False,True,0.0004,True
soapbox,0_3,96,periodic,identity,0.9446,no_match,1.0,oracle,0.0,False,True,0.0003,True
soapbox,0_3,97,periodic,identity,0.95,no_match,1.0,oracle,0.0,False,True,0.0004,True
soapbox,0_3,98,periodic,identity,0.9511,no_match,1.0,oracle,0.0,False,True,0.0005,True
